{
"type": "FeatureCollection",
"name": "Gempa_BUmi_final_4326",
"crs": { "type": "name", "properties": { "name": "urn:ogc:def:crs:OGC:1.3:CRS84" } },
"features": [
{ "type": "Feature", "properties": { "fid": 1, "DN": 2, "Keterangan": "Sedang" }, "geometry": { "type": "Polygon", "coordinates": [ [ [ 109.634579146168875, -7.187020991335321 ], [ 109.634579146168875, -7.187290484687818 ], [ 109.633231679406393, -7.187290484687818 ], [ 109.633231679406393, -7.187559978040316 ], [ 109.631884212643911, -7.187559978040316 ], [ 109.631884212643911, -7.187829471392813 ], [ 109.631345225938915, -7.187829471392813 ], [ 109.631345225938915, -7.18809896474531 ], [ 109.63107573258641, -7.18809896474531 ], [ 109.63107573258641, -7.188368458097807 ], [ 109.63080623923392, -7.188368458097807 ], [ 109.63080623923392, -7.188637951450304 ], [ 109.630536745881415, -7.188637951450304 ], [ 109.630536745881415, -7.188907444802802 ], [ 109.630267252528924, -7.188907444802802 ], [ 109.630267252528924, -7.189176938155299 ], [ 109.629997759176433, -7.189176938155299 ], [ 109.629997759176433, -7.189715924860294 ], [ 109.629728265823928, -7.189715924860294 ], [ 109.629728265823928, -7.189985418212791 ], [ 109.629458772471438, -7.189985418212791 ], [ 109.629458772471438, -7.190524404917785 ], [ 109.629189279118933, -7.190524404917785 ], [ 109.629189279118933, -7.19106339162278 ], [ 109.628919785766442, -7.19106339162278 ], [ 109.628919785766442, -7.191602378327775 ], [ 109.628650292413937, -7.191602378327775 ], [ 109.628650292413937, -7.192410858385267 ], [ 109.628380799061446, -7.192410858385267 ], [ 109.628380799061446, -7.193219338442759 ], [ 109.628111305708941, -7.193219338442759 ], [ 109.628111305708941, -7.194027818500251 ], [ 109.627841812356451, -7.194027818500251 ], [ 109.627841812356451, -7.194836298557743 ], [ 109.627572319003946, -7.194836298557743 ], [ 109.627572319003946, -7.195375285262737 ], [ 109.62703333229895, -7.195375285262737 ], [ 109.62703333229895, -7.195644778615234 ], [ 109.626763838946459, -7.195644778615234 ], [ 109.626763838946459, -7.195914271967732 ], [ 109.626494345593954, -7.195914271967732 ], [ 109.626494345593954, -7.196183765320229 ], [ 109.626224852241464, -7.196183765320229 ], [ 109.626224852241464, -7.196453258672727 ], [ 109.625955358888973, -7.196453258672727 ], [ 109.625955358888973, -7.196722752025224 ], [ 109.625685865536468, -7.196722752025224 ], [ 109.625685865536468, -7.196992245377721 ], [ 109.625416372183977, -7.196992245377721 ], [ 109.625416372183977, -7.197261738730218 ], [ 109.625146878831472, -7.197261738730218 ], [ 109.625146878831472, -7.197800725435213 ], [ 109.624877385478982, -7.197800725435213 ], [ 109.624877385478982, -7.199417685550197 ], [ 109.624607892126477, -7.199417685550197 ], [ 109.624607892126477, -7.206424512715127 ], [ 109.624877385478982, -7.206424512715127 ], [ 109.624877385478982, -7.207232992772618 ], [ 109.625146878831472, -7.207232992772618 ], [ 109.625146878831472, -7.207771979477613 ], [ 109.625416372183977, -7.207771979477613 ], [ 109.625416372183977, -7.208310966182608 ], [ 109.625685865536468, -7.208310966182608 ], [ 109.625685865536468, -7.208849952887602 ], [ 109.625955358888973, -7.208849952887602 ], [ 109.625955358888973, -7.209119446240099 ], [ 109.626224852241464, -7.209119446240099 ], [ 109.626224852241464, -7.209658432945094 ], [ 109.626494345593954, -7.209658432945094 ], [ 109.626494345593954, -7.210197419650089 ], [ 109.626763838946459, -7.210197419650089 ], [ 109.626763838946459, -7.210466913002587 ], [ 109.62703333229895, -7.210466913002587 ], [ 109.62703333229895, -7.211005899707581 ], [ 109.627302825651455, -7.211005899707581 ], [ 109.627302825651455, -7.211275393060078 ], [ 109.627572319003946, -7.211275393060078 ], [ 109.627572319003946, -7.211814379765073 ], [ 109.627841812356451, -7.211814379765073 ], [ 109.627841812356451, -7.212892353175062 ], [ 109.628111305708941, -7.212892353175062 ], [ 109.628111305708941, -7.213431339880056 ], [ 109.628380799061446, -7.213431339880056 ], [ 109.628380799061446, -7.214509313290046 ], [ 109.628650292413937, -7.214509313290046 ], [ 109.628650292413937, -7.215317793347538 ], [ 109.628919785766442, -7.215317793347538 ], [ 109.628919785766442, -7.216126273405029 ], [ 109.629189279118933, -7.216126273405029 ], [ 109.629189279118933, -7.216665260110024 ], [ 109.629458772471438, -7.216665260110024 ], [ 109.629458772471438, -7.217204246815019 ], [ 109.629728265823928, -7.217204246815019 ], [ 109.629728265823928, -7.217743233520014 ], [ 109.629997759176433, -7.217743233520014 ], [ 109.629997759176433, -7.218821206930003 ], [ 109.630267252528924, -7.218821206930003 ], [ 109.630267252528924, -7.219629686987495 ], [ 109.630536745881415, -7.219629686987495 ], [ 109.630536745881415, -7.220438167044986 ], [ 109.63080623923392, -7.220438167044986 ], [ 109.63080623923392, -7.220977153749981 ], [ 109.63107573258641, -7.220977153749981 ], [ 109.63107573258641, -7.221785633807473 ], [ 109.631345225938915, -7.221785633807473 ], [ 109.631345225938915, -7.222324620512468 ], [ 109.631614719291406, -7.222324620512468 ], [ 109.631614719291406, -7.223133100569959 ], [ 109.631884212643911, -7.223133100569959 ], [ 109.631884212643911, -7.223941580627452 ], [ 109.632153705996402, -7.223941580627452 ], [ 109.632153705996402, -7.224750060684944 ], [ 109.632423199348906, -7.224750060684944 ], [ 109.632423199348906, -7.225289047389938 ], [ 109.632692692701397, -7.225289047389938 ], [ 109.632692692701397, -7.225558540742435 ], [ 109.632962186053902, -7.225558540742435 ], [ 109.632962186053902, -7.22609752744743 ], [ 109.633231679406393, -7.22609752744743 ], [ 109.633231679406393, -7.226636514152425 ], [ 109.633501172758898, -7.226636514152425 ], [ 109.633501172758898, -7.226906007504922 ], [ 109.633770666111388, -7.226906007504922 ], [ 109.633770666111388, -7.227175500857419 ], [ 109.634040159463879, -7.227175500857419 ], [ 109.634040159463879, -7.227714487562414 ], [ 109.634579146168875, -7.227714487562414 ], [ 109.634579146168875, -7.227983980914911 ], [ 109.63484863952138, -7.227983980914911 ], [ 109.63484863952138, -7.228253474267408 ], [ 109.63511813287387, -7.228253474267408 ], [ 109.63511813287387, -7.228522967619906 ], [ 109.636465599636367, -7.228522967619906 ], [ 109.636465599636367, -7.228792460972403 ], [ 109.640507999923827, -7.228792460972403 ], [ 109.640507999923827, -7.228522967619906 ], [ 109.641585973333804, -7.228522967619906 ], [ 109.641585973333804, -7.228253474267408 ], [ 109.642663946743795, -7.228253474267408 ], [ 109.642663946743795, -7.227983980914911 ], [ 109.643472426801296, -7.227983980914911 ], [ 109.643472426801296, -7.227714487562414 ], [ 109.644011413506291, -7.227714487562414 ], [ 109.644011413506291, -7.227444994209916 ], [ 109.644280906858782, -7.227444994209916 ], [ 109.644280906858782, -7.227175500857419 ], [ 109.644550400211287, -7.227175500857419 ], [ 109.644550400211287, -7.226906007504922 ], [ 109.644819893563778, -7.226906007504922 ], [ 109.644819893563778, -7.226636514152425 ], [ 109.645089386916283, -7.226636514152425 ], [ 109.645089386916283, -7.226367020799927 ], [ 109.645358880268773, -7.226367020799927 ], [ 109.645358880268773, -7.225828034094933 ], [ 109.645628373621264, -7.225828034094933 ], [ 109.645628373621264, -7.225558540742435 ], [ 109.645897866973769, -7.225558540742435 ], [ 109.645897866973769, -7.225289047389938 ], [ 109.64616736032626, -7.225289047389938 ], [ 109.64616736032626, -7.22501955403744 ], [ 109.646436853678765, -7.22501955403744 ], [ 109.646436853678765, -7.224750060684944 ], [ 109.646706347031255, -7.224750060684944 ], [ 109.646706347031255, -7.224480567332446 ], [ 109.64697584038376, -7.224480567332446 ], [ 109.64697584038376, -7.223941580627452 ], [ 109.647245333736251, -7.223941580627452 ], [ 109.647245333736251, -7.223402593922457 ], [ 109.647514827088756, -7.223402593922457 ], [ 109.647514827088756, -7.222863607217462 ], [ 109.647784320441247, -7.222863607217462 ], [ 109.647784320441247, -7.222594113864965 ], [ 109.648053813793751, -7.222594113864965 ], [ 109.648053813793751, -7.222324620512468 ], [ 109.648323307146242, -7.222324620512468 ], [ 109.648323307146242, -7.222055127159971 ], [ 109.648592800498747, -7.222055127159971 ], [ 109.648592800498747, -7.221785633807473 ], [ 109.649401280556233, -7.221785633807473 ], [ 109.649401280556233, -7.221516140454976 ], [ 109.65020976061372, -7.221516140454976 ], [ 109.65020976061372, -7.221246647102478 ], [ 109.651287734023711, -7.221246647102478 ], [ 109.651287734023711, -7.220977153749981 ], [ 109.652635200786207, -7.220977153749981 ], [ 109.652635200786207, -7.220707660397484 ], [ 109.654521654253685, -7.220707660397484 ], [ 109.654521654253685, -7.220438167044986 ], [ 109.655869121016167, -7.220438167044986 ], [ 109.655869121016167, -7.220168673692489 ], [ 109.656947094426158, -7.220168673692489 ], [ 109.656947094426158, -7.219899180339992 ], [ 109.658025067836149, -7.219899180339992 ], [ 109.658025067836149, -7.219629686987495 ], [ 109.658833547893636, -7.219629686987495 ], [ 109.658833547893636, -7.219360193634997 ], [ 109.659372534598631, -7.219360193634997 ], [ 109.659372534598631, -7.2190907002825 ], [ 109.659911521303627, -7.2190907002825 ], [ 109.659911521303627, -7.218821206930003 ], [ 109.660450508008623, -7.218821206930003 ], [ 109.660450508008623, -7.218551713577505 ], [ 109.660989494713618, -7.218551713577505 ], [ 109.660989494713618, -7.218282220225008 ], [ 109.661258988066109, -7.218282220225008 ], [ 109.661258988066109, -7.21801272687251 ], [ 109.661528481418614, -7.21801272687251 ], [ 109.661528481418614, -7.217743233520014 ], [ 109.66206746812361, -7.217743233520014 ], [ 109.66206746812361, -7.217473740167517 ], [ 109.6623369614761, -7.217473740167517 ], [ 109.6623369614761, -7.217204246815019 ], [ 109.662606454828605, -7.217204246815019 ], [ 109.662606454828605, -7.216934753462522 ], [ 109.662875948181096, -7.216934753462522 ], [ 109.662875948181096, -7.216665260110024 ], [ 109.663145441533601, -7.216665260110024 ], [ 109.663145441533601, -7.216395766757527 ], [ 109.663414934886092, -7.216395766757527 ], [ 109.663414934886092, -7.216126273405029 ], [ 109.663684428238597, -7.216126273405029 ], [ 109.663684428238597, -7.215856780052532 ], [ 109.663953921591087, -7.215856780052532 ], [ 109.663953921591087, -7.215587286700035 ], [ 109.664223414943578, -7.215587286700035 ], [ 109.664223414943578, -7.215317793347538 ], [ 109.664762401648574, -7.215317793347538 ], [ 109.664762401648574, -7.215048299995041 ], [ 109.665031895001079, -7.215048299995041 ], [ 109.665031895001079, -7.214778806642543 ], [ 109.665301388353569, -7.214778806642543 ], [ 109.665301388353569, -7.214509313290046 ], [ 109.665570881706074, -7.214509313290046 ], [ 109.665570881706074, -7.214239819937548 ], [ 109.665840375058565, -7.214239819937548 ], [ 109.665840375058565, -7.213970326585051 ], [ 109.66610986841107, -7.213970326585051 ], [ 109.66610986841107, -7.212353366470067 ], [ 109.66637936176356, -7.212353366470067 ], [ 109.66637936176356, -7.208849952887602 ], [ 109.66610986841107, -7.208849952887602 ], [ 109.66610986841107, -7.207771979477613 ], [ 109.665840375058565, -7.207771979477613 ], [ 109.665840375058565, -7.206963499420121 ], [ 109.665570881706074, -7.206963499420121 ], [ 109.665570881706074, -7.206424512715127 ], [ 109.665301388353569, -7.206424512715127 ], [ 109.665301388353569, -7.205885526010132 ], [ 109.665031895001079, -7.205885526010132 ], [ 109.665031895001079, -7.205616032657635 ], [ 109.664762401648574, -7.205616032657635 ], [ 109.664762401648574, -7.205346539305138 ], [ 109.664223414943578, -7.205346539305138 ], [ 109.664223414943578, -7.20507704595264 ], [ 109.663684428238597, -7.20507704595264 ], [ 109.663684428238597, -7.204807552600143 ], [ 109.663414934886092, -7.204807552600143 ], [ 109.663414934886092, -7.204538059247645 ], [ 109.662875948181096, -7.204538059247645 ], [ 109.662875948181096, -7.204268565895148 ], [ 109.6623369614761, -7.204268565895148 ], [ 109.6623369614761, -7.203999072542651 ], [ 109.66206746812361, -7.203999072542651 ], [ 109.66206746812361, -7.203729579190154 ], [ 109.661528481418614, -7.203729579190154 ], [ 109.661528481418614, -7.203460085837657 ], [ 109.660989494713618, -7.203460085837657 ], [ 109.660989494713618, -7.203190592485159 ], [ 109.660450508008623, -7.203190592485159 ], [ 109.660450508008623, -7.202921099132662 ], [ 109.659911521303627, -7.202921099132662 ], [ 109.659911521303627, -7.202382112427667 ], [ 109.659642027951136, -7.202382112427667 ], [ 109.659642027951136, -7.201843125722672 ], [ 109.659372534598631, -7.201843125722672 ], [ 109.659372534598631, -7.199687178902694 ], [ 109.659103041246141, -7.199687178902694 ], [ 109.659103041246141, -7.197531232082715 ], [ 109.658833547893636, -7.197531232082715 ], [ 109.658833547893636, -7.196722752025224 ], [ 109.658564054541145, -7.196722752025224 ], [ 109.658564054541145, -7.195914271967732 ], [ 109.65829456118864, -7.195914271967732 ], [ 109.65829456118864, -7.195375285262737 ], [ 109.658025067836149, -7.195375285262737 ], [ 109.658025067836149, -7.195105791910239 ], [ 109.657755574483645, -7.195105791910239 ], [ 109.657755574483645, -7.194566805205246 ], [ 109.657486081131154, -7.194566805205246 ], [ 109.657486081131154, -7.194297311852748 ], [ 109.657216587778649, -7.194297311852748 ], [ 109.657216587778649, -7.194027818500251 ], [ 109.656947094426158, -7.194027818500251 ], [ 109.656947094426158, -7.193758325147753 ], [ 109.656677601073653, -7.193758325147753 ], [ 109.656677601073653, -7.193488831795256 ], [ 109.656138614368672, -7.193488831795256 ], [ 109.656138614368672, -7.193219338442759 ], [ 109.655599627663676, -7.193219338442759 ], [ 109.655599627663676, -7.192949845090261 ], [ 109.655060640958681, -7.192949845090261 ], [ 109.655060640958681, -7.192680351737764 ], [ 109.654521654253685, -7.192680351737764 ], [ 109.654521654253685, -7.192410858385267 ], [ 109.653713174196184, -7.192410858385267 ], [ 109.653713174196184, -7.19214136503277 ], [ 109.653174187491189, -7.19214136503277 ], [ 109.653174187491189, -7.191871871680272 ], [ 109.651826720728707, -7.191871871680272 ], [ 109.651826720728707, -7.191602378327775 ], [ 109.65101824067122, -7.191602378327775 ], [ 109.65101824067122, -7.191332884975278 ], [ 109.649940267261229, -7.191332884975278 ], [ 109.649940267261229, -7.19106339162278 ], [ 109.648592800498747, -7.19106339162278 ], [ 109.648592800498747, -7.190793898270283 ], [ 109.647245333736251, -7.190793898270283 ], [ 109.647245333736251, -7.190524404917785 ], [ 109.645358880268773, -7.190524404917785 ], [ 109.645358880268773, -7.190254911565289 ], [ 109.643472426801296, -7.190254911565289 ], [ 109.643472426801296, -7.189985418212791 ], [ 109.6429334400963, -7.189985418212791 ], [ 109.6429334400963, -7.189715924860294 ], [ 109.642663946743795, -7.189715924860294 ], [ 109.642663946743795, -7.189446431507797 ], [ 109.642394453391304, -7.189446431507797 ], [ 109.642394453391304, -7.189176938155299 ], [ 109.642124960038799, -7.189176938155299 ], [ 109.642124960038799, -7.188907444802802 ], [ 109.641855466686309, -7.188907444802802 ], [ 109.641855466686309, -7.188637951450304 ], [ 109.641585973333804, -7.188637951450304 ], [ 109.641585973333804, -7.188368458097807 ], [ 109.641316479981313, -7.188368458097807 ], [ 109.641316479981313, -7.18809896474531 ], [ 109.641046986628822, -7.18809896474531 ], [ 109.641046986628822, -7.187829471392813 ], [ 109.640777493276318, -7.187829471392813 ], [ 109.640777493276318, -7.187559978040316 ], [ 109.640238506571322, -7.187559978040316 ], [ 109.640238506571322, -7.187290484687818 ], [ 109.639969013218831, -7.187290484687818 ], [ 109.639969013218831, -7.187020991335321 ], [ 109.634579146168875, -7.187020991335321 ] ] ] } },
{ "type": "Feature", "properties": { "fid": 2, "DN": 2, "Keterangan": "Sedang" }, "geometry": { "type": "Polygon", "coordinates": [ [ [ 109.725398405960476, -7.226636514152425 ], [ 109.725398405960476, -7.226906007504922 ], [ 109.723242459140494, -7.226906007504922 ], [ 109.723242459140494, -7.227175500857419 ], [ 109.721894992378012, -7.227175500857419 ], [ 109.721894992378012, -7.227444994209916 ], [ 109.72081701896802, -7.227444994209916 ], [ 109.72081701896802, -7.227714487562414 ], [ 109.720278032263025, -7.227714487562414 ], [ 109.720278032263025, -7.227983980914911 ], [ 109.719739045558029, -7.227983980914911 ], [ 109.719739045558029, -7.228253474267408 ], [ 109.719469552205538, -7.228253474267408 ], [ 109.719469552205538, -7.228522967619906 ], [ 109.719200058853033, -7.228522967619906 ], [ 109.719200058853033, -7.228792460972403 ], [ 109.718930565500543, -7.228792460972403 ], [ 109.718930565500543, -7.229061954324901 ], [ 109.718661072148038, -7.229061954324901 ], [ 109.718661072148038, -7.229331447677398 ], [ 109.718391578795547, -7.229331447677398 ], [ 109.718391578795547, -7.229600941029895 ], [ 109.718122085443042, -7.229600941029895 ], [ 109.718122085443042, -7.230409421087387 ], [ 109.717852592090551, -7.230409421087387 ], [ 109.717852592090551, -7.23202638120237 ], [ 109.717583098738046, -7.23202638120237 ], [ 109.717583098738046, -7.234721314727344 ], [ 109.717313605385556, -7.234721314727344 ], [ 109.717313605385556, -7.238224728309809 ], [ 109.717583098738046, -7.238224728309809 ], [ 109.717583098738046, -7.238763715014803 ], [ 109.717852592090551, -7.238763715014803 ], [ 109.717852592090551, -7.239572195072295 ], [ 109.718122085443042, -7.239572195072295 ], [ 109.718122085443042, -7.239841688424793 ], [ 109.718391578795547, -7.239841688424793 ], [ 109.718391578795547, -7.240380675129787 ], [ 109.718661072148038, -7.240380675129787 ], [ 109.718661072148038, -7.240650168482285 ], [ 109.718930565500543, -7.240650168482285 ], [ 109.718930565500543, -7.240919661834782 ], [ 109.719469552205538, -7.240919661834782 ], [ 109.719469552205538, -7.241189155187279 ], [ 109.719739045558029, -7.241189155187279 ], [ 109.719739045558029, -7.241458648539776 ], [ 109.720278032263025, -7.241458648539776 ], [ 109.720278032263025, -7.241728141892274 ], [ 109.72081701896802, -7.241728141892274 ], [ 109.72081701896802, -7.241997635244771 ], [ 109.721086512320511, -7.241997635244771 ], [ 109.721086512320511, -7.242536621949766 ], [ 109.721356005673016, -7.242536621949766 ], [ 109.721356005673016, -7.242806115302263 ], [ 109.721625499025507, -7.242806115302263 ], [ 109.721625499025507, -7.243075608654761 ], [ 109.721894992378012, -7.243075608654761 ], [ 109.721894992378012, -7.243345102007257 ], [ 109.722164485730502, -7.243345102007257 ], [ 109.722164485730502, -7.243614595359754 ], [ 109.722433979083007, -7.243614595359754 ], [ 109.722433979083007, -7.243884088712252 ], [ 109.722703472435498, -7.243884088712252 ], [ 109.722703472435498, -7.244153582064749 ], [ 109.723242459140494, -7.244153582064749 ], [ 109.723242459140494, -7.244423075417247 ], [ 109.723781445845489, -7.244423075417247 ], [ 109.723781445845489, -7.244692568769744 ], [ 109.72485941925548, -7.244692568769744 ], [ 109.72485941925548, -7.244962062122242 ], [ 109.726476379370467, -7.244962062122242 ], [ 109.726476379370467, -7.245231555474739 ], [ 109.729440806247936, -7.245231555474739 ], [ 109.729440806247936, -7.245501048827236 ], [ 109.734022193240392, -7.245501048827236 ], [ 109.734022193240392, -7.245231555474739 ], [ 109.736717126765356, -7.245231555474739 ], [ 109.736717126765356, -7.244962062122242 ], [ 109.738873073585339, -7.244962062122242 ], [ 109.738873073585339, -7.244692568769744 ], [ 109.740220540347821, -7.244692568769744 ], [ 109.740220540347821, -7.244423075417247 ], [ 109.741029020405321, -7.244423075417247 ], [ 109.741029020405321, -7.244153582064749 ], [ 109.741837500462807, -7.244153582064749 ], [ 109.741837500462807, -7.243884088712252 ], [ 109.742376487167803, -7.243884088712252 ], [ 109.742376487167803, -7.243614595359754 ], [ 109.742645980520294, -7.243614595359754 ], [ 109.742645980520294, -7.243345102007257 ], [ 109.743184967225289, -7.243345102007257 ], [ 109.743184967225289, -7.243075608654761 ], [ 109.743454460577794, -7.243075608654761 ], [ 109.743454460577794, -7.242806115302263 ], [ 109.743723953930285, -7.242806115302263 ], [ 109.743723953930285, -7.242536621949766 ], [ 109.74399344728279, -7.242536621949766 ], [ 109.74399344728279, -7.241997635244771 ], [ 109.744262940635281, -7.241997635244771 ], [ 109.744262940635281, -7.241458648539776 ], [ 109.744532433987786, -7.241458648539776 ], [ 109.744532433987786, -7.240919661834782 ], [ 109.744801927340276, -7.240919661834782 ], [ 109.744801927340276, -7.240380675129787 ], [ 109.745071420692781, -7.240380675129787 ], [ 109.745071420692781, -7.239841688424793 ], [ 109.745340914045272, -7.239841688424793 ], [ 109.745340914045272, -7.239302701719798 ], [ 109.745610407397777, -7.239302701719798 ], [ 109.745610407397777, -7.238494221662306 ], [ 109.745879900750268, -7.238494221662306 ], [ 109.745879900750268, -7.236068781489831 ], [ 109.745610407397777, -7.236068781489831 ], [ 109.745610407397777, -7.233912834669852 ], [ 109.745340914045272, -7.233912834669852 ], [ 109.745340914045272, -7.233373847964857 ], [ 109.745071420692781, -7.233373847964857 ], [ 109.745071420692781, -7.232834861259863 ], [ 109.744801927340276, -7.232834861259863 ], [ 109.744801927340276, -7.232295874554868 ], [ 109.744532433987786, -7.232295874554868 ], [ 109.744532433987786, -7.231487394497376 ], [ 109.744262940635281, -7.231487394497376 ], [ 109.744262940635281, -7.230948407792382 ], [ 109.74399344728279, -7.230948407792382 ], [ 109.74399344728279, -7.230409421087387 ], [ 109.743723953930285, -7.230409421087387 ], [ 109.743723953930285, -7.230139927734889 ], [ 109.743454460577794, -7.230139927734889 ], [ 109.743454460577794, -7.229600941029895 ], [ 109.743184967225289, -7.229600941029895 ], [ 109.743184967225289, -7.229331447677398 ], [ 109.742915473872799, -7.229331447677398 ], [ 109.742915473872799, -7.229061954324901 ], [ 109.742376487167803, -7.229061954324901 ], [ 109.742376487167803, -7.228792460972403 ], [ 109.742106993815312, -7.228792460972403 ], [ 109.742106993815312, -7.228522967619906 ], [ 109.741568007110317, -7.228522967619906 ], [ 109.741568007110317, -7.228253474267408 ], [ 109.741029020405321, -7.228253474267408 ], [ 109.741029020405321, -7.227983980914911 ], [ 109.740220540347821, -7.227983980914911 ], [ 109.740220540347821, -7.227714487562414 ], [ 109.739412060290334, -7.227714487562414 ], [ 109.739412060290334, -7.227444994209916 ], [ 109.738064593527852, -7.227444994209916 ], [ 109.738064593527852, -7.227175500857419 ], [ 109.73590864670787, -7.227175500857419 ], [ 109.73590864670787, -7.226906007504922 ], [ 109.73186624642041, -7.226906007504922 ], [ 109.73186624642041, -7.226636514152425 ], [ 109.725398405960476, -7.226636514152425 ] ] ] } },
{ "type": "Feature", "properties": { "fid": 3, "DN": 1, "Keterangan": "Rendah" }, "geometry": { "type": "Polygon", "coordinates": [ [ [ 109.788190357092347, -7.162227602905569 ], [ 109.788190357092347, -7.162497096258066 ], [ 109.787112383682356, -7.162497096258066 ], [ 109.787112383682356, -7.162766589610563 ], [ 109.785764916919874, -7.162766589610563 ], [ 109.785764916919874, -7.16303608296306 ], [ 109.784686943509882, -7.16303608296306 ], [ 109.784686943509882, -7.163844563020553 ], [ 109.784417450157378, -7.163844563020553 ], [ 109.784417450157378, -7.164383549725547 ], [ 109.784147956804887, -7.164383549725547 ], [ 109.784147956804887, -7.164922536430542 ], [ 109.783878463452382, -7.164922536430542 ], [ 109.783878463452382, -7.165192029783039 ], [ 109.783608970099891, -7.165192029783039 ], [ 109.783608970099891, -7.166270003193028 ], [ 109.7833394767474, -7.166270003193028 ], [ 109.7833394767474, -7.167347976603017 ], [ 109.783069983394896, -7.167347976603017 ], [ 109.783069983394896, -7.168964936718002 ], [ 109.782800490042405, -7.168964936718002 ], [ 109.782800490042405, -7.169234430070499 ], [ 109.7825309966899, -7.169234430070499 ], [ 109.7825309966899, -7.169773416775493 ], [ 109.782261503337409, -7.169773416775493 ], [ 109.782261503337409, -7.17004291012799 ], [ 109.781992009984904, -7.17004291012799 ], [ 109.781992009984904, -7.172198856947969 ], [ 109.781722516632414, -7.172198856947969 ], [ 109.781722516632414, -7.173007337005461 ], [ 109.781453023279909, -7.173007337005461 ], [ 109.781453023279909, -7.173815817062953 ], [ 109.781183529927418, -7.173815817062953 ], [ 109.781183529927418, -7.174354803767947 ], [ 109.780914036574913, -7.174354803767947 ], [ 109.780914036574913, -7.174893790472942 ], [ 109.780644543222422, -7.174893790472942 ], [ 109.780644543222422, -7.176510750587926 ], [ 109.780375049869917, -7.176510750587926 ], [ 109.780375049869917, -7.17704973729292 ], [ 109.780105556517427, -7.17704973729292 ], [ 109.780105556517427, -7.177319230645418 ], [ 109.779836063164922, -7.177319230645418 ], [ 109.779836063164922, -7.177588723997915 ], [ 109.77929707645994, -7.177588723997915 ], [ 109.77929707645994, -7.177858217350412 ], [ 109.778758089754945, -7.177858217350412 ], [ 109.778758089754945, -7.17812771070291 ], [ 109.778219103049949, -7.17812771070291 ], [ 109.778219103049949, -7.178397204055407 ], [ 109.777680116344953, -7.178397204055407 ], [ 109.777680116344953, -7.178666697407905 ], [ 109.777141129639958, -7.178666697407905 ], [ 109.777141129639958, -7.178936190760401 ], [ 109.776602142934962, -7.178936190760401 ], [ 109.776602142934962, -7.179205684112899 ], [ 109.776332649582457, -7.179205684112899 ], [ 109.776332649582457, -7.179475177465396 ], [ 109.776063156229966, -7.179475177465396 ], [ 109.776063156229966, -7.179744670817893 ], [ 109.775793662877476, -7.179744670817893 ], [ 109.775793662877476, -7.180014164170391 ], [ 109.775524169524971, -7.180014164170391 ], [ 109.775524169524971, -7.180283657522888 ], [ 109.774715689467484, -7.180283657522888 ], [ 109.774715689467484, -7.180553150875386 ], [ 109.772290249294997, -7.180553150875386 ], [ 109.772290249294997, -7.180283657522888 ], [ 109.771481769237511, -7.180283657522888 ], [ 109.771481769237511, -7.180014164170391 ], [ 109.770673289180024, -7.180014164170391 ], [ 109.770673289180024, -7.179744670817893 ], [ 109.770134302475029, -7.179744670817893 ], [ 109.770134302475029, -7.179475177465396 ], [ 109.769864809122524, -7.179475177465396 ], [ 109.769864809122524, -7.179205684112899 ], [ 109.769325822417528, -7.179205684112899 ], [ 109.769325822417528, -7.178936190760401 ], [ 109.768786835712532, -7.178936190760401 ], [ 109.768786835712532, -7.178666697407905 ], [ 109.768247849007551, -7.178666697407905 ], [ 109.768247849007551, -7.178397204055407 ], [ 109.767978355655046, -7.178397204055407 ], [ 109.767978355655046, -7.17812771070291 ], [ 109.76743936895005, -7.17812771070291 ], [ 109.76743936895005, -7.177858217350412 ], [ 109.76716987559756, -7.177858217350412 ], [ 109.76716987559756, -7.177588723997915 ], [ 109.766900382245055, -7.177588723997915 ], [ 109.766900382245055, -7.177319230645418 ], [ 109.766361395540059, -7.177319230645418 ], [ 109.766361395540059, -7.17704973729292 ], [ 109.765822408835064, -7.17704973729292 ], [ 109.765822408835064, -7.176780243940423 ], [ 109.76339696866259, -7.176780243940423 ], [ 109.76339696866259, -7.17704973729292 ], [ 109.762318995252599, -7.17704973729292 ], [ 109.762318995252599, -7.177319230645418 ], [ 109.761780008547603, -7.177319230645418 ], [ 109.761780008547603, -7.177588723997915 ], [ 109.761510515195113, -7.177588723997915 ], [ 109.761510515195113, -7.177858217350412 ], [ 109.761241021842608, -7.177858217350412 ], [ 109.761241021842608, -7.17812771070291 ], [ 109.760702035137626, -7.17812771070291 ], [ 109.760702035137626, -7.178397204055407 ], [ 109.760432541785121, -7.178397204055407 ], [ 109.760432541785121, -7.178936190760401 ], [ 109.760163048432631, -7.178936190760401 ], [ 109.760163048432631, -7.179205684112899 ], [ 109.759893555080126, -7.179205684112899 ], [ 109.759893555080126, -7.179475177465396 ], [ 109.759624061727635, -7.179475177465396 ], [ 109.759624061727635, -7.179744670817893 ], [ 109.759085075022639, -7.179744670817893 ], [ 109.759085075022639, -7.180014164170391 ], [ 109.758815581670135, -7.180014164170391 ], [ 109.758815581670135, -7.180283657522888 ], [ 109.758546088317644, -7.180283657522888 ], [ 109.758546088317644, -7.180553150875386 ], [ 109.758007101612648, -7.180553150875386 ], [ 109.758007101612648, -7.180822644227883 ], [ 109.757737608260143, -7.180822644227883 ], [ 109.757737608260143, -7.18109213758038 ], [ 109.756929128202657, -7.18109213758038 ], [ 109.756929128202657, -7.180822644227883 ], [ 109.754234194677679, -7.180822644227883 ], [ 109.754234194677679, -7.180553150875386 ], [ 109.75207824785771, -7.180553150875386 ], [ 109.75207824785771, -7.180822644227883 ], [ 109.751539261152715, -7.180822644227883 ], [ 109.751539261152715, -7.18109213758038 ], [ 109.75126976780021, -7.18109213758038 ], [ 109.75126976780021, -7.181361630932877 ], [ 109.751000274447719, -7.181361630932877 ], [ 109.751000274447719, -7.181631124285374 ], [ 109.750191794390219, -7.181631124285374 ], [ 109.750191794390219, -7.181900617637872 ], [ 109.749383314332732, -7.181900617637872 ], [ 109.749383314332732, -7.182439604342867 ], [ 109.749113820980241, -7.182439604342867 ], [ 109.749113820980241, -7.182170110990369 ], [ 109.748574834275246, -7.182170110990369 ], [ 109.748574834275246, -7.182978591047862 ], [ 109.747766354217745, -7.182978591047862 ], [ 109.747766354217745, -7.182709097695364 ], [ 109.746418887455263, -7.182709097695364 ], [ 109.746418887455263, -7.183248084400359 ], [ 109.746149394102758, -7.183248084400359 ], [ 109.746149394102758, -7.184865044515342 ], [ 109.745879900750268, -7.184865044515342 ], [ 109.745879900750268, -7.186482004630326 ], [ 109.745610407397777, -7.186482004630326 ], [ 109.745610407397777, -7.187829471392813 ], [ 109.745340914045272, -7.187829471392813 ], [ 109.745340914045272, -7.188637951450304 ], [ 109.745071420692781, -7.188637951450304 ], [ 109.745071420692781, -7.189176938155299 ], [ 109.744801927340276, -7.189176938155299 ], [ 109.744801927340276, -7.189446431507797 ], [ 109.744532433987786, -7.189446431507797 ], [ 109.744532433987786, -7.189715924860294 ], [ 109.744262940635281, -7.189715924860294 ], [ 109.744262940635281, -7.190254911565289 ], [ 109.74399344728279, -7.190254911565289 ], [ 109.74399344728279, -7.190524404917785 ], [ 109.743723953930285, -7.190524404917785 ], [ 109.743723953930285, -7.190793898270283 ], [ 109.743184967225289, -7.190793898270283 ], [ 109.743184967225289, -7.19106339162278 ], [ 109.742915473872799, -7.19106339162278 ], [ 109.742915473872799, -7.191332884975278 ], [ 109.742645980520294, -7.191332884975278 ], [ 109.742645980520294, -7.191602378327775 ], [ 109.742106993815312, -7.191602378327775 ], [ 109.742106993815312, -7.191871871680272 ], [ 109.741837500462807, -7.191871871680272 ], [ 109.741837500462807, -7.19214136503277 ], [ 109.741568007110317, -7.19214136503277 ], [ 109.741568007110317, -7.192410858385267 ], [ 109.741029020405321, -7.192410858385267 ], [ 109.741029020405321, -7.192680351737764 ], [ 109.740759527052816, -7.192680351737764 ], [ 109.740759527052816, -7.192949845090261 ], [ 109.740220540347821, -7.192949845090261 ], [ 109.740220540347821, -7.193219338442759 ], [ 109.739681553642825, -7.193219338442759 ], [ 109.739681553642825, -7.193488831795256 ], [ 109.739412060290334, -7.193488831795256 ], [ 109.739412060290334, -7.193758325147753 ], [ 109.738873073585339, -7.193758325147753 ], [ 109.738873073585339, -7.194027818500251 ], [ 109.738334086880343, -7.194027818500251 ], [ 109.738334086880343, -7.194297311852748 ], [ 109.737525606822857, -7.194297311852748 ], [ 109.737525606822857, -7.194566805205246 ], [ 109.736986620117861, -7.194566805205246 ], [ 109.736986620117861, -7.194836298557743 ], [ 109.73617814006036, -7.194836298557743 ], [ 109.73617814006036, -7.195105791910239 ], [ 109.735369660002874, -7.195105791910239 ], [ 109.735369660002874, -7.195375285262737 ], [ 109.734830673297878, -7.195375285262737 ], [ 109.734830673297878, -7.195644778615234 ], [ 109.734291686592883, -7.195644778615234 ], [ 109.734291686592883, -7.195914271967732 ], [ 109.733752699887887, -7.195914271967732 ], [ 109.733752699887887, -7.196183765320229 ], [ 109.733483206535396, -7.196183765320229 ], [ 109.733483206535396, -7.196453258672727 ], [ 109.732944219830401, -7.196453258672727 ], [ 109.732944219830401, -7.196722752025224 ], [ 109.732674726477896, -7.196722752025224 ], [ 109.732674726477896, -7.196992245377721 ], [ 109.732405233125405, -7.196992245377721 ], [ 109.732405233125405, -7.197261738730218 ], [ 109.7321357397729, -7.197261738730218 ], [ 109.7321357397729, -7.197531232082715 ], [ 109.73186624642041, -7.197531232082715 ], [ 109.73186624642041, -7.197800725435213 ], [ 109.731596753067905, -7.197800725435213 ], [ 109.731596753067905, -7.198339712140208 ], [ 109.731327259715414, -7.198339712140208 ], [ 109.731327259715414, -7.198609205492705 ], [ 109.731057766362923, -7.198609205492705 ], [ 109.731057766362923, -7.198878698845202 ], [ 109.730788273010418, -7.198878698845202 ], [ 109.730788273010418, -7.1991481921977 ], [ 109.730518779657928, -7.1991481921977 ], [ 109.730518779657928, -7.199417685550197 ], [ 109.730249286305423, -7.199417685550197 ], [ 109.730249286305423, -7.199956672255191 ], [ 109.729979792952932, -7.199956672255191 ], [ 109.729979792952932, -7.200226165607689 ], [ 109.729440806247936, -7.200226165607689 ], [ 109.729440806247936, -7.200495658960186 ], [ 109.729171312895431, -7.200495658960186 ], [ 109.729171312895431, -7.200765152312683 ], [ 109.728901819542941, -7.200765152312683 ], [ 109.728901819542941, -7.201034645665181 ], [ 109.728362832837945, -7.201034645665181 ], [ 109.728362832837945, -7.201304139017678 ], [ 109.72809333948544, -7.201304139017678 ], [ 109.72809333948544, -7.201573632370176 ], [ 109.727554352780444, -7.201573632370176 ], [ 109.727554352780444, -7.201843125722672 ], [ 109.725128912607971, -7.201843125722672 ], [ 109.725128912607971, -7.201573632370176 ], [ 109.724589925902976, -7.201573632370176 ], [ 109.724589925902976, -7.201304139017678 ], [ 109.72405093919798, -7.201304139017678 ], [ 109.72405093919798, -7.201034645665181 ], [ 109.723511952492998, -7.201034645665181 ], [ 109.723511952492998, -7.200765152312683 ], [ 109.722972965788003, -7.200765152312683 ], [ 109.722972965788003, -7.200495658960186 ], [ 109.722433979083007, -7.200495658960186 ], [ 109.722433979083007, -7.200226165607689 ], [ 109.721894992378012, -7.200226165607689 ], [ 109.721894992378012, -7.199956672255191 ], [ 109.719739045558029, -7.199956672255191 ], [ 109.719739045558029, -7.199687178902694 ], [ 109.717313605385556, -7.199687178902694 ], [ 109.717313605385556, -7.199417685550197 ], [ 109.716505125328055, -7.199417685550197 ], [ 109.716505125328055, -7.1991481921977 ], [ 109.715696645270569, -7.1991481921977 ], [ 109.715696645270569, -7.198878698845202 ], [ 109.715427151918078, -7.198878698845202 ], [ 109.715427151918078, -7.198609205492705 ], [ 109.714618671860578, -7.198609205492705 ], [ 109.714618671860578, -7.198339712140208 ], [ 109.712193231688104, -7.198339712140208 ], [ 109.712193231688104, -7.198609205492705 ], [ 109.711654244983109, -7.198609205492705 ], [ 109.711654244983109, -7.198878698845202 ], [ 109.711384751630618, -7.198878698845202 ], [ 109.711384751630618, -7.1991481921977 ], [ 109.710845764925622, -7.1991481921977 ], [ 109.710845764925622, -7.199417685550197 ], [ 109.710306778220627, -7.199417685550197 ], [ 109.710306778220627, -7.199687178902694 ], [ 109.709498298163126, -7.199687178902694 ], [ 109.709498298163126, -7.199956672255191 ], [ 109.707611844695649, -7.199956672255191 ], [ 109.707611844695649, -7.199687178902694 ], [ 109.707342351343158, -7.199687178902694 ], [ 109.707342351343158, -7.199417685550197 ], [ 109.706803364638162, -7.199417685550197 ], [ 109.706803364638162, -7.1991481921977 ], [ 109.706533871285657, -7.1991481921977 ], [ 109.706533871285657, -7.198878698845202 ], [ 109.706264377933167, -7.198878698845202 ], [ 109.706264377933167, -7.198339712140208 ], [ 109.705994884580662, -7.198339712140208 ], [ 109.705994884580662, -7.197800725435213 ], [ 109.705725391228171, -7.197800725435213 ], [ 109.705725391228171, -7.197531232082715 ], [ 109.705455897875666, -7.197531232082715 ], [ 109.705455897875666, -7.196992245377721 ], [ 109.705186404523175, -7.196992245377721 ], [ 109.705186404523175, -7.196183765320229 ], [ 109.704916911170685, -7.196183765320229 ], [ 109.704916911170685, -7.195644778615234 ], [ 109.704377924465689, -7.195644778615234 ], [ 109.704377924465689, -7.195375285262737 ], [ 109.702221977645706, -7.195375285262737 ], [ 109.702221977645706, -7.195644778615234 ], [ 109.701144004235715, -7.195644778615234 ], [ 109.701144004235715, -7.195375285262737 ], [ 109.700066030825724, -7.195375285262737 ], [ 109.700066030825724, -7.195644778615234 ], [ 109.699257550768237, -7.195644778615234 ], [ 109.699257550768237, -7.195914271967732 ], [ 109.698718564063242, -7.195914271967732 ], [ 109.698718564063242, -7.196183765320229 ], [ 109.698449070710737, -7.196183765320229 ], [ 109.698449070710737, -7.196453258672727 ], [ 109.698179577358246, -7.196453258672727 ], [ 109.698179577358246, -7.196722752025224 ], [ 109.697910084005741, -7.196722752025224 ], [ 109.697910084005741, -7.196992245377721 ], [ 109.695754137185773, -7.196992245377721 ], [ 109.695754137185773, -7.196722752025224 ], [ 109.695215150480777, -7.196722752025224 ], [ 109.695215150480777, -7.196453258672727 ], [ 109.694676163775782, -7.196453258672727 ], [ 109.694676163775782, -7.196183765320229 ], [ 109.694137177070786, -7.196183765320229 ], [ 109.694137177070786, -7.195914271967732 ], [ 109.693867683718281, -7.195914271967732 ], [ 109.693867683718281, -7.195644778615234 ], [ 109.69359819036579, -7.195644778615234 ], [ 109.69359819036579, -7.195375285262737 ], [ 109.6933286970133, -7.195375285262737 ], [ 109.6933286970133, -7.195105791910239 ], [ 109.690094776783326, -7.195105791910239 ], [ 109.690094776783326, -7.194836298557743 ], [ 109.689825283430835, -7.194836298557743 ], [ 109.689825283430835, -7.194566805205246 ], [ 109.690094776783326, -7.194566805205246 ], [ 109.690094776783326, -7.194297311852748 ], [ 109.690633763488322, -7.194297311852748 ], [ 109.690633763488322, -7.193488831795256 ], [ 109.690364270135817, -7.193488831795256 ], [ 109.690364270135817, -7.193219338442759 ], [ 109.690094776783326, -7.193219338442759 ], [ 109.690094776783326, -7.192410858385267 ], [ 109.689825283430835, -7.192410858385267 ], [ 109.689825283430835, -7.19214136503277 ], [ 109.68955579007833, -7.19214136503277 ], [ 109.68955579007833, -7.191871871680272 ], [ 109.689016803373335, -7.191871871680272 ], [ 109.689016803373335, -7.191602378327775 ], [ 109.688747310020844, -7.191602378327775 ], [ 109.688747310020844, -7.191332884975278 ], [ 109.688477816668339, -7.191332884975278 ], [ 109.688477816668339, -7.190793898270283 ], [ 109.688208323315848, -7.190793898270283 ], [ 109.688208323315848, -7.190524404917785 ], [ 109.687938829963343, -7.190524404917785 ], [ 109.687938829963343, -7.189985418212791 ], [ 109.687669336610853, -7.189985418212791 ], [ 109.687669336610853, -7.189715924860294 ], [ 109.687399843258348, -7.189715924860294 ], [ 109.687399843258348, -7.189176938155299 ], [ 109.687130349905857, -7.189176938155299 ], [ 109.687130349905857, -7.188907444802802 ], [ 109.686860856553352, -7.188907444802802 ], [ 109.686860856553352, -7.188368458097807 ], [ 109.686591363200861, -7.188368458097807 ], [ 109.686591363200861, -7.18809896474531 ], [ 109.686321869848356, -7.18809896474531 ], [ 109.686321869848356, -7.187559978040316 ], [ 109.686052376495866, -7.187559978040316 ], [ 109.686052376495866, -7.187290484687818 ], [ 109.685782883143375, -7.187290484687818 ], [ 109.685782883143375, -7.187020991335321 ], [ 109.685243896438379, -7.187020991335321 ], [ 109.685243896438379, -7.186751497982823 ], [ 109.684974403085874, -7.186751497982823 ], [ 109.684974403085874, -7.186482004630326 ], [ 109.684435416380879, -7.186482004630326 ], [ 109.684435416380879, -7.186212511277829 ], [ 109.684165923028388, -7.186212511277829 ], [ 109.684165923028388, -7.185943017925331 ], [ 109.683896429675883, -7.185943017925331 ], [ 109.683896429675883, -7.185673524572834 ], [ 109.683626936323392, -7.185673524572834 ], [ 109.683626936323392, -7.185404031220337 ], [ 109.683357442970888, -7.185404031220337 ], [ 109.683357442970888, -7.18513453786784 ], [ 109.683087949618397, -7.18513453786784 ], [ 109.683087949618397, -7.184326057810348 ], [ 109.682818456265892, -7.184326057810348 ], [ 109.682818456265892, -7.18405656445785 ], [ 109.683087949618397, -7.18405656445785 ], [ 109.683087949618397, -7.183517577752855 ], [ 109.683357442970888, -7.183517577752855 ], [ 109.683357442970888, -7.183248084400359 ], [ 109.683626936323392, -7.183248084400359 ], [ 109.683626936323392, -7.182170110990369 ], [ 109.683357442970888, -7.182170110990369 ], [ 109.683357442970888, -7.181631124285374 ], [ 109.683087949618397, -7.181631124285374 ], [ 109.683087949618397, -7.181361630932877 ], [ 109.682818456265892, -7.181361630932877 ], [ 109.682818456265892, -7.18109213758038 ], [ 109.682548962913401, -7.18109213758038 ], [ 109.682548962913401, -7.180822644227883 ], [ 109.68227946956091, -7.180822644227883 ], [ 109.68227946956091, -7.180283657522888 ], [ 109.682548962913401, -7.180283657522888 ], [ 109.682548962913401, -7.179744670817893 ], [ 109.682818456265892, -7.179744670817893 ], [ 109.682818456265892, -7.179475177465396 ], [ 109.683087949618397, -7.179475177465396 ], [ 109.683087949618397, -7.178936190760401 ], [ 109.683357442970888, -7.178936190760401 ], [ 109.683357442970888, -7.178666697407905 ], [ 109.683626936323392, -7.178666697407905 ], [ 109.683626936323392, -7.177588723997915 ], [ 109.683357442970888, -7.177588723997915 ], [ 109.683357442970888, -7.177319230645418 ], [ 109.682818456265892, -7.177319230645418 ], [ 109.682818456265892, -7.17704973729292 ], [ 109.682548962913401, -7.17704973729292 ], [ 109.682548962913401, -7.176510750587926 ], [ 109.68227946956091, -7.176510750587926 ], [ 109.68227946956091, -7.174893790472942 ], [ 109.682009976208406, -7.174893790472942 ], [ 109.682009976208406, -7.174624297120444 ], [ 109.681740482855915, -7.174624297120444 ], [ 109.681740482855915, -7.174354803767947 ], [ 109.680932002798414, -7.174354803767947 ], [ 109.680932002798414, -7.174624297120444 ], [ 109.680123522740928, -7.174624297120444 ], [ 109.680123522740928, -7.174354803767947 ], [ 109.679854029388423, -7.174354803767947 ], [ 109.679854029388423, -7.174085310415451 ], [ 109.679584536035932, -7.174085310415451 ], [ 109.679584536035932, -7.173815817062953 ], [ 109.679315042683427, -7.173815817062953 ], [ 109.679315042683427, -7.173276830357958 ], [ 109.679045549330937, -7.173276830357958 ], [ 109.679045549330937, -7.173007337005461 ], [ 109.678506562625941, -7.173007337005461 ], [ 109.678506562625941, -7.172737843652963 ], [ 109.677967575920945, -7.172737843652963 ], [ 109.677967575920945, -7.173007337005461 ], [ 109.677698082568455, -7.173007337005461 ], [ 109.677698082568455, -7.173276830357958 ], [ 109.67742858921595, -7.173276830357958 ], [ 109.67742858921595, -7.173546323710456 ], [ 109.677159095863459, -7.173546323710456 ], [ 109.677159095863459, -7.174085310415451 ], [ 109.676889602510954, -7.174085310415451 ], [ 109.676889602510954, -7.174354803767947 ], [ 109.676620109158463, -7.174354803767947 ], [ 109.676620109158463, -7.174624297120444 ], [ 109.676350615805958, -7.174624297120444 ], [ 109.676350615805958, -7.174893790472942 ], [ 109.675811629100963, -7.174893790472942 ], [ 109.675811629100963, -7.175163283825439 ], [ 109.675542135748472, -7.175163283825439 ], [ 109.675542135748472, -7.175432777177937 ], [ 109.674733655690986, -7.175432777177937 ], [ 109.674733655690986, -7.175163283825439 ], [ 109.674464162338481, -7.175163283825439 ], [ 109.674464162338481, -7.174893790472942 ], [ 109.673925175633485, -7.174893790472942 ], [ 109.673925175633485, -7.174624297120444 ], [ 109.672847202223494, -7.174624297120444 ], [ 109.672847202223494, -7.175702270530434 ], [ 109.672577708871003, -7.175702270530434 ], [ 109.672577708871003, -7.17704973729292 ], [ 109.672308215518498, -7.17704973729292 ], [ 109.672308215518498, -7.177588723997915 ], [ 109.672038722166008, -7.177588723997915 ], [ 109.672038722166008, -7.177858217350412 ], [ 109.671769228813503, -7.177858217350412 ], [ 109.671769228813503, -7.17812771070291 ], [ 109.671230242108521, -7.17812771070291 ], [ 109.671230242108521, -7.178397204055407 ], [ 109.669074295288539, -7.178397204055407 ], [ 109.669074295288539, -7.17812771070291 ], [ 109.668804801936034, -7.17812771070291 ], [ 109.668804801936034, -7.177858217350412 ], [ 109.668535308583543, -7.177858217350412 ], [ 109.668535308583543, -7.177588723997915 ], [ 109.668265815231038, -7.177588723997915 ], [ 109.668265815231038, -7.177319230645418 ], [ 109.667726828526042, -7.177319230645418 ], [ 109.667726828526042, -7.17704973729292 ], [ 109.665031895001079, -7.17704973729292 ], [ 109.665031895001079, -7.177319230645418 ], [ 109.662606454828605, -7.177319230645418 ], [ 109.662606454828605, -7.17704973729292 ], [ 109.661258988066109, -7.17704973729292 ], [ 109.661258988066109, -7.176780243940423 ], [ 109.660720001361113, -7.176780243940423 ], [ 109.660720001361113, -7.176510750587926 ], [ 109.660181014656118, -7.176510750587926 ], [ 109.660181014656118, -7.176241257235429 ], [ 109.659642027951136, -7.176241257235429 ], [ 109.659642027951136, -7.175971763882932 ], [ 109.658833547893636, -7.175971763882932 ], [ 109.658833547893636, -7.175702270530434 ], [ 109.658564054541145, -7.175702270530434 ], [ 109.658564054541145, -7.175432777177937 ], [ 109.65829456118864, -7.175432777177937 ], [ 109.65829456118864, -7.175163283825439 ], [ 109.658025067836149, -7.175163283825439 ], [ 109.658025067836149, -7.174893790472942 ], [ 109.657486081131154, -7.174893790472942 ], [ 109.657486081131154, -7.174624297120444 ], [ 109.656138614368672, -7.174624297120444 ], [ 109.656138614368672, -7.174354803767947 ], [ 109.655060640958681, -7.174354803767947 ], [ 109.655060640958681, -7.174085310415451 ], [ 109.654521654253685, -7.174085310415451 ], [ 109.654521654253685, -7.173815817062953 ], [ 109.653713174196184, -7.173815817062953 ], [ 109.653713174196184, -7.173546323710456 ], [ 109.653174187491189, -7.173546323710456 ], [ 109.653174187491189, -7.173276830357958 ], [ 109.652635200786207, -7.173276830357958 ], [ 109.652635200786207, -7.173007337005461 ], [ 109.651826720728707, -7.173007337005461 ], [ 109.651826720728707, -7.172737843652963 ], [ 109.650479253966225, -7.172737843652963 ], [ 109.650479253966225, -7.172468350300466 ], [ 109.65020976061372, -7.172468350300466 ], [ 109.65020976061372, -7.172198856947969 ], [ 109.649940267261229, -7.172198856947969 ], [ 109.649940267261229, -7.171929363595472 ], [ 109.648323307146242, -7.171929363595472 ], [ 109.648323307146242, -7.172198856947969 ], [ 109.64697584038376, -7.172198856947969 ], [ 109.64697584038376, -7.172468350300466 ], [ 109.64616736032626, -7.172468350300466 ], [ 109.64616736032626, -7.172737843652963 ], [ 109.645089386916283, -7.172737843652963 ], [ 109.645089386916283, -7.173007337005461 ], [ 109.644280906858782, -7.173007337005461 ], [ 109.644280906858782, -7.173276830357958 ], [ 109.63889103980884, -7.173276830357958 ], [ 109.63889103980884, -7.173546323710456 ], [ 109.638621546456335, -7.173546323710456 ], [ 109.638621546456335, -7.173815817062953 ], [ 109.638352053103844, -7.173815817062953 ], [ 109.638352053103844, -7.174085310415451 ], [ 109.638082559751339, -7.174085310415451 ], [ 109.638082559751339, -7.174624297120444 ], [ 109.637813066398849, -7.174624297120444 ], [ 109.637813066398849, -7.174893790472942 ], [ 109.637543573046358, -7.174893790472942 ], [ 109.637543573046358, -7.175432777177937 ], [ 109.637274079693853, -7.175432777177937 ], [ 109.637274079693853, -7.175702270530434 ], [ 109.637004586341362, -7.175702270530434 ], [ 109.637004586341362, -7.176241257235429 ], [ 109.636735092988857, -7.176241257235429 ], [ 109.636735092988857, -7.176510750587926 ], [ 109.636465599636367, -7.176510750587926 ], [ 109.636465599636367, -7.176780243940423 ], [ 109.636196106283862, -7.176780243940423 ], [ 109.636196106283862, -7.17704973729292 ], [ 109.635926612931371, -7.17704973729292 ], [ 109.635926612931371, -7.177588723997915 ], [ 109.635657119578866, -7.177588723997915 ], [ 109.635657119578866, -7.177858217350412 ], [ 109.635387626226375, -7.177858217350412 ], [ 109.635387626226375, -7.17812771070291 ], [ 109.63511813287387, -7.17812771070291 ], [ 109.63511813287387, -7.178397204055407 ], [ 109.63484863952138, -7.178397204055407 ], [ 109.63484863952138, -7.178666697407905 ], [ 109.634579146168875, -7.178666697407905 ], [ 109.634579146168875, -7.178936190760401 ], [ 109.634309652816384, -7.178936190760401 ], [ 109.634309652816384, -7.179205684112899 ], [ 109.634040159463879, -7.179205684112899 ], [ 109.634040159463879, -7.179475177465396 ], [ 109.633770666111388, -7.179475177465396 ], [ 109.633770666111388, -7.179744670817893 ], [ 109.633501172758898, -7.179744670817893 ], [ 109.633501172758898, -7.180014164170391 ], [ 109.633231679406393, -7.180014164170391 ], [ 109.633231679406393, -7.180283657522888 ], [ 109.632962186053902, -7.180283657522888 ], [ 109.632962186053902, -7.180553150875386 ], [ 109.632692692701397, -7.180553150875386 ], [ 109.632692692701397, -7.18109213758038 ], [ 109.632423199348906, -7.18109213758038 ], [ 109.632423199348906, -7.181631124285374 ], [ 109.632153705996402, -7.181631124285374 ], [ 109.632153705996402, -7.182439604342867 ], [ 109.631884212643911, -7.182439604342867 ], [ 109.631884212643911, -7.182978591047862 ], [ 109.631614719291406, -7.182978591047862 ], [ 109.631614719291406, -7.183248084400359 ], [ 109.631345225938915, -7.183248084400359 ], [ 109.631345225938915, -7.183517577752855 ], [ 109.63107573258641, -7.183517577752855 ], [ 109.63107573258641, -7.183787071105353 ], [ 109.63080623923392, -7.183787071105353 ], [ 109.63080623923392, -7.18405656445785 ], [ 109.630536745881415, -7.18405656445785 ], [ 109.630536745881415, -7.184326057810348 ], [ 109.630267252528924, -7.184326057810348 ], [ 109.630267252528924, -7.184865044515342 ], [ 109.629997759176433, -7.184865044515342 ], [ 109.629997759176433, -7.185673524572834 ], [ 109.629728265823928, -7.185673524572834 ], [ 109.629728265823928, -7.186482004630326 ], [ 109.629458772471438, -7.186482004630326 ], [ 109.629458772471438, -7.187290484687818 ], [ 109.629189279118933, -7.187290484687818 ], [ 109.629189279118933, -7.187559978040316 ], [ 109.628919785766442, -7.187559978040316 ], [ 109.628919785766442, -7.18809896474531 ], [ 109.628650292413937, -7.18809896474531 ], [ 109.628650292413937, -7.188368458097807 ], [ 109.628380799061446, -7.188368458097807 ], [ 109.628380799061446, -7.188637951450304 ], [ 109.628111305708941, -7.188637951450304 ], [ 109.628111305708941, -7.188907444802802 ], [ 109.627572319003946, -7.188907444802802 ], [ 109.627572319003946, -7.189176938155299 ], [ 109.626494345593954, -7.189176938155299 ], [ 109.626494345593954, -7.188907444802802 ], [ 109.625416372183977, -7.188907444802802 ], [ 109.625416372183977, -7.189176938155299 ], [ 109.624877385478982, -7.189176938155299 ], [ 109.624877385478982, -7.189715924860294 ], [ 109.624607892126477, -7.189715924860294 ], [ 109.624607892126477, -7.190793898270283 ], [ 109.624338398773986, -7.190793898270283 ], [ 109.624338398773986, -7.192680351737764 ], [ 109.624068905421481, -7.192680351737764 ], [ 109.624068905421481, -7.194297311852748 ], [ 109.62379941206899, -7.194297311852748 ], [ 109.62379941206899, -7.195644778615234 ], [ 109.623529918716486, -7.195644778615234 ], [ 109.623529918716486, -7.196722752025224 ], [ 109.623260425363995, -7.196722752025224 ], [ 109.623260425363995, -7.197800725435213 ], [ 109.62299093201149, -7.197800725435213 ], [ 109.62299093201149, -7.19807021878771 ], [ 109.622721438658999, -7.19807021878771 ], [ 109.622721438658999, -7.198339712140208 ], [ 109.622451945306508, -7.198339712140208 ], [ 109.622451945306508, -7.198609205492705 ], [ 109.622182451954004, -7.198609205492705 ], [ 109.622182451954004, -7.198878698845202 ], [ 109.621643465249008, -7.198878698845202 ], [ 109.621643465249008, -7.1991481921977 ], [ 109.621373971896517, -7.1991481921977 ], [ 109.621373971896517, -7.199417685550197 ], [ 109.621104478544012, -7.199417685550197 ], [ 109.621104478544012, -7.199687178902694 ], [ 109.620834985191522, -7.199687178902694 ], [ 109.620834985191522, -7.199956672255191 ], [ 109.620565491839017, -7.199956672255191 ], [ 109.620565491839017, -7.200226165607689 ], [ 109.620295998486526, -7.200226165607689 ], [ 109.620295998486526, -7.200495658960186 ], [ 109.619487518429025, -7.200495658960186 ], [ 109.619487518429025, -7.200765152312683 ], [ 109.617331571609057, -7.200765152312683 ], [ 109.617331571609057, -7.201034645665181 ], [ 109.616523091551556, -7.201034645665181 ], [ 109.616523091551556, -7.201304139017678 ], [ 109.615984104846561, -7.201304139017678 ], [ 109.615984104846561, -7.201843125722672 ], [ 109.61571461149407, -7.201843125722672 ], [ 109.61571461149407, -7.202382112427667 ], [ 109.615445118141565, -7.202382112427667 ], [ 109.615445118141565, -7.203190592485159 ], [ 109.615175624789075, -7.203190592485159 ], [ 109.615175624789075, -7.203999072542651 ], [ 109.614906131436584, -7.203999072542651 ], [ 109.614906131436584, -7.204268565895148 ], [ 109.614636638084079, -7.204268565895148 ], [ 109.614636638084079, -7.204538059247645 ], [ 109.614367144731588, -7.204538059247645 ], [ 109.614367144731588, -7.204807552600143 ], [ 109.614097651379083, -7.204807552600143 ], [ 109.614097651379083, -7.20507704595264 ], [ 109.613828158026593, -7.20507704595264 ], [ 109.613828158026593, -7.205346539305138 ], [ 109.613558664674088, -7.205346539305138 ], [ 109.613558664674088, -7.205885526010132 ], [ 109.613289171321597, -7.205885526010132 ], [ 109.613289171321597, -7.20615501936263 ], [ 109.613019677969092, -7.20615501936263 ], [ 109.613019677969092, -7.206694006067624 ], [ 109.612750184616601, -7.206694006067624 ], [ 109.612750184616601, -7.207232992772618 ], [ 109.612480691264096, -7.207232992772618 ], [ 109.612480691264096, -7.207771979477613 ], [ 109.612211197911606, -7.207771979477613 ], [ 109.612211197911606, -7.208310966182608 ], [ 109.611941704559101, -7.208310966182608 ], [ 109.611941704559101, -7.209388939592597 ], [ 109.61167221120661, -7.209388939592597 ], [ 109.61167221120661, -7.210197419650089 ], [ 109.611402717854119, -7.210197419650089 ], [ 109.611402717854119, -7.210736406355084 ], [ 109.611133224501614, -7.210736406355084 ], [ 109.611133224501614, -7.211005899707581 ], [ 109.610594237796619, -7.211005899707581 ], [ 109.610594237796619, -7.211275393060078 ], [ 109.608438290976636, -7.211275393060078 ], [ 109.608438290976636, -7.211544886412575 ], [ 109.606551837509159, -7.211544886412575 ], [ 109.606551837509159, -7.211275393060078 ], [ 109.606012850804163, -7.211275393060078 ], [ 109.606012850804163, -7.211005899707581 ], [ 109.605473864099167, -7.211005899707581 ], [ 109.605473864099167, -7.210736406355084 ], [ 109.605204370746677, -7.210736406355084 ], [ 109.605204370746677, -7.210466913002587 ], [ 109.604665384041681, -7.210466913002587 ], [ 109.604665384041681, -7.210197419650089 ], [ 109.604395890689176, -7.210197419650089 ], [ 109.604395890689176, -7.209927926297592 ], [ 109.603856903984195, -7.209927926297592 ], [ 109.603856903984195, -7.209658432945094 ], [ 109.602778930574203, -7.209658432945094 ], [ 109.602778930574203, -7.209388939592597 ], [ 109.602239943869208, -7.209388939592597 ], [ 109.602239943869208, -7.209119446240099 ], [ 109.601700957164212, -7.209119446240099 ], [ 109.601700957164212, -7.208849952887602 ], [ 109.601431463811707, -7.208849952887602 ], [ 109.601431463811707, -7.208580459535106 ], [ 109.601161970459216, -7.208580459535106 ], [ 109.601161970459216, -7.208310966182608 ], [ 109.600892477106711, -7.208310966182608 ], [ 109.600892477106711, -7.208041472830111 ], [ 109.600622983754221, -7.208041472830111 ], [ 109.600622983754221, -7.207771979477613 ], [ 109.600083997049225, -7.207771979477613 ], [ 109.600083997049225, -7.207502486125116 ], [ 109.599006023639234, -7.207502486125116 ], [ 109.599006023639234, -7.207232992772618 ], [ 109.598467036934238, -7.207232992772618 ], [ 109.598467036934238, -7.206963499420121 ], [ 109.598197543581747, -7.206963499420121 ], [ 109.598197543581747, -7.206694006067624 ], [ 109.597658556876752, -7.206694006067624 ], [ 109.597658556876752, -7.206424512715127 ], [ 109.597119570171756, -7.206424512715127 ], [ 109.597119570171756, -7.20615501936263 ], [ 109.596580583466761, -7.20615501936263 ], [ 109.596580583466761, -7.205885526010132 ], [ 109.596041596761765, -7.205885526010132 ], [ 109.596041596761765, -7.206424512715127 ], [ 109.595772103409274, -7.206424512715127 ], [ 109.595772103409274, -7.208041472830111 ], [ 109.593885649941782, -7.208041472830111 ], [ 109.593885649941782, -7.207771979477613 ], [ 109.593077169884296, -7.207771979477613 ], [ 109.593077169884296, -7.207502486125116 ], [ 109.5925381831793, -7.207502486125116 ], [ 109.5925381831793, -7.207232992772618 ], [ 109.591190716416818, -7.207232992772618 ], [ 109.591190716416818, -7.206963499420121 ], [ 109.590112743006827, -7.206963499420121 ], [ 109.590112743006827, -7.207232992772618 ], [ 109.589843249654322, -7.207232992772618 ], [ 109.589843249654322, -7.209658432945094 ], [ 109.589573756301832, -7.209658432945094 ], [ 109.589573756301832, -7.210736406355084 ], [ 109.589304262949327, -7.210736406355084 ], [ 109.589304262949327, -7.211275393060078 ], [ 109.589034769596836, -7.211275393060078 ], [ 109.589034769596836, -7.211544886412575 ], [ 109.588765276244345, -7.211544886412575 ], [ 109.588765276244345, -7.21208387311757 ], [ 109.58849578289184, -7.21208387311757 ], [ 109.58849578289184, -7.212622859822565 ], [ 109.58822628953935, -7.212622859822565 ], [ 109.58822628953935, -7.21316184652756 ], [ 109.587956796186845, -7.21316184652756 ], [ 109.587956796186845, -7.213431339880056 ], [ 109.587687302834354, -7.213431339880056 ], [ 109.587687302834354, -7.213970326585051 ], [ 109.587148316129358, -7.213970326585051 ], [ 109.587148316129358, -7.214239819937548 ], [ 109.586878822776853, -7.214239819937548 ], [ 109.586878822776853, -7.214778806642543 ], [ 109.586609329424363, -7.214778806642543 ], [ 109.586609329424363, -7.215048299995041 ], [ 109.586339836071858, -7.215048299995041 ], [ 109.586339836071858, -7.215317793347538 ], [ 109.586070342719367, -7.215317793347538 ], [ 109.586070342719367, -7.215587286700035 ], [ 109.585800849366862, -7.215587286700035 ], [ 109.585800849366862, -7.215856780052532 ], [ 109.585531356014371, -7.215856780052532 ], [ 109.585531356014371, -7.216126273405029 ], [ 109.585261862661881, -7.216126273405029 ], [ 109.585261862661881, -7.216395766757527 ], [ 109.584992369309376, -7.216395766757527 ], [ 109.584992369309376, -7.216665260110024 ], [ 109.584722875956885, -7.216665260110024 ], [ 109.584722875956885, -7.216934753462522 ], [ 109.584183889251889, -7.216934753462522 ], [ 109.584183889251889, -7.217204246815019 ], [ 109.583914395899384, -7.217204246815019 ], [ 109.583914395899384, -7.217473740167517 ], [ 109.583644902546894, -7.217473740167517 ], [ 109.583644902546894, -7.217743233520014 ], [ 109.583375409194389, -7.217743233520014 ], [ 109.583375409194389, -7.21801272687251 ], [ 109.583105915841898, -7.21801272687251 ], [ 109.583105915841898, -7.218282220225008 ], [ 109.582566929136902, -7.218282220225008 ], [ 109.582566929136902, -7.218551713577505 ], [ 109.582297435784398, -7.218551713577505 ], [ 109.582297435784398, -7.218821206930003 ], [ 109.582027942431907, -7.218821206930003 ], [ 109.582027942431907, -7.2190907002825 ], [ 109.581758449079402, -7.2190907002825 ], [ 109.581758449079402, -7.219360193634997 ], [ 109.581488955726911, -7.219360193634997 ], [ 109.581488955726911, -7.219629686987495 ], [ 109.58121946237442, -7.219629686987495 ], [ 109.58121946237442, -7.219899180339992 ], [ 109.580949969021916, -7.219899180339992 ], [ 109.580949969021916, -7.220168673692489 ], [ 109.580680475669425, -7.220168673692489 ], [ 109.580680475669425, -7.220438167044986 ], [ 109.58041098231692, -7.220438167044986 ], [ 109.58041098231692, -7.220707660397484 ], [ 109.580141488964429, -7.220707660397484 ], [ 109.580141488964429, -7.220977153749981 ], [ 109.579602502259434, -7.220977153749981 ], [ 109.579602502259434, -7.221246647102478 ], [ 109.579333008906929, -7.221246647102478 ], [ 109.579333008906929, -7.221516140454976 ], [ 109.579063515554438, -7.221516140454976 ], [ 109.579063515554438, -7.221785633807473 ], [ 109.578794022201933, -7.221785633807473 ], [ 109.578794022201933, -7.222055127159971 ], [ 109.578255035496937, -7.222055127159971 ], [ 109.578255035496937, -7.222324620512468 ], [ 109.57717706208696, -7.222324620512468 ], [ 109.57717706208696, -7.222594113864965 ], [ 109.575290608619468, -7.222594113864965 ], [ 109.575290608619468, -7.222324620512468 ], [ 109.574751621914473, -7.222324620512468 ], [ 109.574751621914473, -7.222594113864965 ], [ 109.573943141856986, -7.222594113864965 ], [ 109.573943141856986, -7.222324620512468 ], [ 109.573404155151991, -7.222324620512468 ], [ 109.573404155151991, -7.222055127159971 ], [ 109.572865168446995, -7.222055127159971 ], [ 109.572865168446995, -7.221785633807473 ], [ 109.572595675094504, -7.221785633807473 ], [ 109.572595675094504, -7.221516140454976 ], [ 109.572056688389509, -7.221516140454976 ], [ 109.572056688389509, -7.221246647102478 ], [ 109.571787195037004, -7.221246647102478 ], [ 109.571787195037004, -7.220977153749981 ], [ 109.570978714979518, -7.220977153749981 ], [ 109.570978714979518, -7.221246647102478 ], [ 109.570439728274522, -7.221246647102478 ], [ 109.570439728274522, -7.221516140454976 ], [ 109.569631248217036, -7.221516140454976 ], [ 109.569631248217036, -7.221785633807473 ], [ 109.567744794749544, -7.221785633807473 ], [ 109.567744794749544, -7.222055127159971 ], [ 109.567205808044548, -7.222055127159971 ], [ 109.567205808044548, -7.222324620512468 ], [ 109.566936314692057, -7.222324620512468 ], [ 109.566936314692057, -7.222594113864965 ], [ 109.566127834634571, -7.222594113864965 ], [ 109.566127834634571, -7.222863607217462 ], [ 109.565858341282066, -7.222863607217462 ], [ 109.565858341282066, -7.223133100569959 ], [ 109.565588847929575, -7.223133100569959 ], [ 109.565588847929575, -7.223402593922457 ], [ 109.56531935457707, -7.223402593922457 ], [ 109.56531935457707, -7.223672087274954 ], [ 109.56504986122458, -7.223672087274954 ], [ 109.56504986122458, -7.224211073979949 ], [ 109.564510874519584, -7.224211073979949 ], [ 109.564510874519584, -7.224480567332446 ], [ 109.563971887814589, -7.224480567332446 ], [ 109.563971887814589, -7.22501955403744 ], [ 109.563702394462084, -7.22501955403744 ], [ 109.563702394462084, -7.225289047389938 ], [ 109.563432901109593, -7.225289047389938 ], [ 109.563432901109593, -7.225828034094933 ], [ 109.563163407757088, -7.225828034094933 ], [ 109.563163407757088, -7.226636514152425 ], [ 109.562893914404597, -7.226636514152425 ], [ 109.562893914404597, -7.227714487562414 ], [ 109.562624421052107, -7.227714487562414 ], [ 109.562624421052107, -7.228253474267408 ], [ 109.562354927699602, -7.228253474267408 ], [ 109.562354927699602, -7.229331447677398 ], [ 109.562085434347111, -7.229331447677398 ], [ 109.562085434347111, -7.229600941029895 ], [ 109.561815940994606, -7.229600941029895 ], [ 109.561815940994606, -7.229870434382392 ], [ 109.561546447642115, -7.229870434382392 ], [ 109.561546447642115, -7.230409421087387 ], [ 109.56127695428961, -7.230409421087387 ], [ 109.56127695428961, -7.230678914439884 ], [ 109.560468474232124, -7.230678914439884 ], [ 109.560468474232124, -7.230948407792382 ], [ 109.559390500822133, -7.230948407792382 ], [ 109.559390500822133, -7.230678914439884 ], [ 109.558851514117137, -7.230678914439884 ], [ 109.558851514117137, -7.230409421087387 ], [ 109.558582020764646, -7.230409421087387 ], [ 109.558582020764646, -7.230678914439884 ], [ 109.558312527412141, -7.230678914439884 ], [ 109.558312527412141, -7.230948407792382 ], [ 109.558043034059651, -7.230948407792382 ], [ 109.558043034059651, -7.231217901144879 ], [ 109.557773540707146, -7.231217901144879 ], [ 109.557773540707146, -7.230948407792382 ], [ 109.557504047354655, -7.230948407792382 ], [ 109.557504047354655, -7.230678914439884 ], [ 109.55723455400215, -7.230678914439884 ], [ 109.55723455400215, -7.230409421087387 ], [ 109.555348100534673, -7.230409421087387 ], [ 109.555348100534673, -7.230678914439884 ], [ 109.553731140419686, -7.230678914439884 ], [ 109.553731140419686, -7.230948407792382 ], [ 109.553461647067195, -7.230948407792382 ], [ 109.553461647067195, -7.231217901144879 ], [ 109.552383673657204, -7.231217901144879 ], [ 109.552383673657204, -7.231487394497376 ], [ 109.552114180304699, -7.231487394497376 ], [ 109.552114180304699, -7.231756887849873 ], [ 109.551844686952208, -7.231756887849873 ], [ 109.551844686952208, -7.232295874554868 ], [ 109.551575193599717, -7.232295874554868 ], [ 109.551575193599717, -7.232834861259863 ], [ 109.551305700247212, -7.232834861259863 ], [ 109.551305700247212, -7.233373847964857 ], [ 109.550497220189726, -7.233373847964857 ], [ 109.550497220189726, -7.233643341317355 ], [ 109.550227726837221, -7.233643341317355 ], [ 109.550227726837221, -7.233912834669852 ], [ 109.549688740132225, -7.233912834669852 ], [ 109.549688740132225, -7.234182328022349 ], [ 109.549419246779735, -7.234182328022349 ], [ 109.549419246779735, -7.234451821374846 ], [ 109.54914975342723, -7.234451821374846 ], [ 109.54914975342723, -7.234721314727344 ], [ 109.548880260074739, -7.234721314727344 ], [ 109.548880260074739, -7.235260301432338 ], [ 109.548610766722234, -7.235260301432338 ], [ 109.548610766722234, -7.235529794784836 ], [ 109.547802286664748, -7.235529794784836 ], [ 109.547802286664748, -7.235799288137333 ], [ 109.547532793312257, -7.235799288137333 ], [ 109.547532793312257, -7.236068781489831 ], [ 109.546993806607261, -7.236068781489831 ], [ 109.546993806607261, -7.236338274842328 ], [ 109.546454819902266, -7.236338274842328 ], [ 109.546454819902266, -7.236607768194824 ], [ 109.546185326549761, -7.236607768194824 ], [ 109.546185326549761, -7.236877261547322 ], [ 109.54591583319727, -7.236877261547322 ], [ 109.54591583319727, -7.237146754899819 ], [ 109.545646339844765, -7.237146754899819 ], [ 109.545646339844765, -7.237685741604814 ], [ 109.545376846492275, -7.237685741604814 ], [ 109.545376846492275, -7.237955234957312 ], [ 109.54510735313977, -7.237955234957312 ], [ 109.54510735313977, -7.238494221662306 ], [ 109.544837859787279, -7.238494221662306 ], [ 109.544837859787279, -7.2390332083673 ], [ 109.544568366434774, -7.2390332083673 ], [ 109.544568366434774, -7.239572195072295 ], [ 109.544298873082283, -7.239572195072295 ], [ 109.544298873082283, -7.239841688424793 ], [ 109.544029379729793, -7.239841688424793 ], [ 109.544029379729793, -7.24011118177729 ], [ 109.543759886377288, -7.24011118177729 ], [ 109.543759886377288, -7.240380675129787 ], [ 109.543490393024797, -7.240380675129787 ], [ 109.543490393024797, -7.240650168482285 ], [ 109.543220899672292, -7.240650168482285 ], [ 109.543220899672292, -7.240919661834782 ], [ 109.542681912967296, -7.240919661834782 ], [ 109.542681912967296, -7.241189155187279 ], [ 109.54187343290981, -7.241189155187279 ], [ 109.54187343290981, -7.241458648539776 ], [ 109.541334446204814, -7.241458648539776 ], [ 109.541334446204814, -7.241728141892274 ], [ 109.541064952852309, -7.241728141892274 ], [ 109.541064952852309, -7.241997635244771 ], [ 109.540795459499819, -7.241997635244771 ], [ 109.540795459499819, -7.242267128597268 ], [ 109.540525966147328, -7.242267128597268 ], [ 109.540525966147328, -7.242806115302263 ], [ 109.540256472794823, -7.242806115302263 ], [ 109.540256472794823, -7.243345102007257 ], [ 109.539986979442332, -7.243345102007257 ], [ 109.539986979442332, -7.243614595359754 ], [ 109.539447992737337, -7.243614595359754 ], [ 109.539447992737337, -7.243884088712252 ], [ 109.539178499384832, -7.243884088712252 ], [ 109.539178499384832, -7.244153582064749 ], [ 109.538909006032341, -7.244153582064749 ], [ 109.538909006032341, -7.244692568769744 ], [ 109.539178499384832, -7.244692568769744 ], [ 109.539178499384832, -7.244962062122242 ], [ 109.539447992737337, -7.244962062122242 ], [ 109.539447992737337, -7.245501048827236 ], [ 109.539717486089828, -7.245501048827236 ], [ 109.539717486089828, -7.24604003553223 ], [ 109.540256472794823, -7.24604003553223 ], [ 109.540256472794823, -7.246309528884728 ], [ 109.540525966147328, -7.246309528884728 ], [ 109.540525966147328, -7.246579022237225 ], [ 109.541334446204814, -7.246579022237225 ], [ 109.541334446204814, -7.246848515589723 ], [ 109.541603939557305, -7.246848515589723 ], [ 109.541603939557305, -7.24711800894222 ], [ 109.54187343290981, -7.24711800894222 ], [ 109.54187343290981, -7.247387502294717 ], [ 109.542142926262301, -7.247387502294717 ], [ 109.542142926262301, -7.247656995647215 ], [ 109.542412419614806, -7.247656995647215 ], [ 109.542412419614806, -7.248195982352209 ], [ 109.542681912967296, -7.248195982352209 ], [ 109.542681912967296, -7.248734969057203 ], [ 109.542951406319801, -7.248734969057203 ], [ 109.542951406319801, -7.249004462409701 ], [ 109.543220899672292, -7.249004462409701 ], [ 109.543220899672292, -7.249273955762198 ], [ 109.543490393024797, -7.249273955762198 ], [ 109.543490393024797, -7.249543449114696 ], [ 109.543759886377288, -7.249543449114696 ], [ 109.543759886377288, -7.249812942467193 ], [ 109.544568366434774, -7.249812942467193 ], [ 109.544568366434774, -7.25008243581969 ], [ 109.54510735313977, -7.25008243581969 ], [ 109.54510735313977, -7.250351929172187 ], [ 109.545376846492275, -7.250351929172187 ], [ 109.545376846492275, -7.250621422524684 ], [ 109.545646339844765, -7.250621422524684 ], [ 109.545646339844765, -7.250890915877182 ], [ 109.54591583319727, -7.250890915877182 ], [ 109.54591583319727, -7.251160409229679 ], [ 109.546185326549761, -7.251160409229679 ], [ 109.546185326549761, -7.251429902582177 ], [ 109.546454819902266, -7.251429902582177 ], [ 109.546454819902266, -7.251699395934674 ], [ 109.546724313254757, -7.251699395934674 ], [ 109.546724313254757, -7.251968889287172 ], [ 109.546993806607261, -7.251968889287172 ], [ 109.546993806607261, -7.252238382639669 ], [ 109.547263299959752, -7.252238382639669 ], [ 109.547263299959752, -7.252507875992166 ], [ 109.547532793312257, -7.252507875992166 ], [ 109.547532793312257, -7.252777369344663 ], [ 109.547802286664748, -7.252777369344663 ], [ 109.547802286664748, -7.25304686269716 ], [ 109.548071780017239, -7.25304686269716 ], [ 109.548071780017239, -7.253316356049658 ], [ 109.548341273369743, -7.253316356049658 ], [ 109.548341273369743, -7.253585849402155 ], [ 109.548610766722234, -7.253585849402155 ], [ 109.548610766722234, -7.253855342754653 ], [ 109.548880260074739, -7.253855342754653 ], [ 109.548880260074739, -7.25412483610715 ], [ 109.54914975342723, -7.25412483610715 ], [ 109.54914975342723, -7.254663822812145 ], [ 109.549419246779735, -7.254663822812145 ], [ 109.549419246779735, -7.254933316164641 ], [ 109.549688740132225, -7.254933316164641 ], [ 109.549688740132225, -7.255202809517139 ], [ 109.54995823348473, -7.255202809517139 ], [ 109.54995823348473, -7.255472302869636 ], [ 109.550766713542217, -7.255472302869636 ], [ 109.550766713542217, -7.255741796222133 ], [ 109.551575193599717, -7.255741796222133 ], [ 109.551575193599717, -7.256011289574631 ], [ 109.552383673657204, -7.256011289574631 ], [ 109.552383673657204, -7.256280782927128 ], [ 109.55319215371469, -7.256280782927128 ], [ 109.55319215371469, -7.256550276279626 ], [ 109.553731140419686, -7.256550276279626 ], [ 109.553731140419686, -7.256819769632123 ], [ 109.554270127124681, -7.256819769632123 ], [ 109.554270127124681, -7.25708926298462 ], [ 109.554809113829677, -7.25708926298462 ], [ 109.554809113829677, -7.257358756337117 ], [ 109.555348100534673, -7.257358756337117 ], [ 109.555348100534673, -7.257628249689614 ], [ 109.555617593887163, -7.257628249689614 ], [ 109.555617593887163, -7.257897743042112 ], [ 109.555887087239668, -7.257897743042112 ], [ 109.555887087239668, -7.258167236394609 ], [ 109.556156580592159, -7.258167236394609 ], [ 109.556156580592159, -7.258436729747107 ], [ 109.556695567297155, -7.258436729747107 ], [ 109.556695567297155, -7.258706223099604 ], [ 109.55723455400215, -7.258706223099604 ], [ 109.55723455400215, -7.258975716452102 ], [ 109.558043034059651, -7.258975716452102 ], [ 109.558043034059651, -7.259245209804599 ], [ 109.558312527412141, -7.259245209804599 ], [ 109.558312527412141, -7.259514703157095 ], [ 109.558582020764646, -7.259514703157095 ], [ 109.558582020764646, -7.259784196509593 ], [ 109.559121007469642, -7.259784196509593 ], [ 109.559121007469642, -7.26005368986209 ], [ 109.559390500822133, -7.26005368986209 ], [ 109.559390500822133, -7.260323183214588 ], [ 109.559659994174623, -7.260323183214588 ], [ 109.559659994174623, -7.260592676567085 ], [ 109.559929487527128, -7.260592676567085 ], [ 109.559929487527128, -7.260862169919582 ], [ 109.560468474232124, -7.260862169919582 ], [ 109.560468474232124, -7.26113166327208 ], [ 109.560737967584615, -7.26113166327208 ], [ 109.560737967584615, -7.261401156624577 ], [ 109.56100746093712, -7.261401156624577 ], [ 109.56100746093712, -7.261670649977074 ], [ 109.561546447642115, -7.261670649977074 ], [ 109.561546447642115, -7.261940143329571 ], [ 109.562354927699602, -7.261940143329571 ], [ 109.562354927699602, -7.262209636682069 ], [ 109.562893914404597, -7.262209636682069 ], [ 109.562893914404597, -7.262479130034566 ], [ 109.563432901109593, -7.262479130034566 ], [ 109.563432901109593, -7.262748623387063 ], [ 109.564241381167079, -7.262748623387063 ], [ 109.564241381167079, -7.263018116739561 ], [ 109.56504986122458, -7.263018116739561 ], [ 109.56504986122458, -7.263287610092058 ], [ 109.565858341282066, -7.263287610092058 ], [ 109.565858341282066, -7.263557103444556 ], [ 109.566666821339567, -7.263557103444556 ], [ 109.566666821339567, -7.263826596797053 ], [ 109.568014288102049, -7.263826596797053 ], [ 109.568014288102049, -7.26409609014955 ], [ 109.568553274807044, -7.26409609014955 ], [ 109.568553274807044, -7.264365583502047 ], [ 109.56909226151204, -7.264365583502047 ], [ 109.56909226151204, -7.264635076854544 ], [ 109.569631248217036, -7.264635076854544 ], [ 109.569631248217036, -7.264904570207042 ], [ 109.569900741569526, -7.264904570207042 ], [ 109.569900741569526, -7.265443556912037 ], [ 109.570439728274522, -7.265443556912037 ], [ 109.570439728274522, -7.265982543617032 ], [ 109.570709221627013, -7.265982543617032 ], [ 109.570709221627013, -7.266252036969528 ], [ 109.570978714979518, -7.266252036969528 ], [ 109.570978714979518, -7.266521530322025 ], [ 109.571248208332008, -7.266521530322025 ], [ 109.571248208332008, -7.26706051702702 ], [ 109.571517701684513, -7.26706051702702 ], [ 109.571517701684513, -7.267330010379518 ], [ 109.571787195037004, -7.267330010379518 ], [ 109.571787195037004, -7.267868997084512 ], [ 109.572056688389509, -7.267868997084512 ], [ 109.572056688389509, -7.26813849043701 ], [ 109.572326181742, -7.26813849043701 ], [ 109.572326181742, -7.268407983789507 ], [ 109.572595675094504, -7.268407983789507 ], [ 109.572595675094504, -7.268946970494501 ], [ 109.572865168446995, -7.268946970494501 ], [ 109.572865168446995, -7.269216463846999 ], [ 109.5731346617995, -7.269216463846999 ], [ 109.5731346617995, -7.269485957199496 ], [ 109.573404155151991, -7.269485957199496 ], [ 109.573404155151991, -7.270024943904491 ], [ 109.573673648504496, -7.270024943904491 ], [ 109.573673648504496, -7.270563930609486 ], [ 109.573943141856986, -7.270563930609486 ], [ 109.573943141856986, -7.270833423961983 ], [ 109.574212635209477, -7.270833423961983 ], [ 109.574212635209477, -7.271372410666977 ], [ 109.574482128561982, -7.271372410666977 ], [ 109.574482128561982, -7.271911397371972 ], [ 109.574751621914473, -7.271911397371972 ], [ 109.574751621914473, -7.272450384076967 ], [ 109.575021115266978, -7.272450384076967 ], [ 109.575021115266978, -7.272989370781961 ], [ 109.575290608619468, -7.272989370781961 ], [ 109.575290608619468, -7.273797850839453 ], [ 109.575560101971973, -7.273797850839453 ], [ 109.575560101971973, -7.276762277716923 ], [ 109.575829595324464, -7.276762277716923 ], [ 109.575829595324464, -7.278648731184404 ], [ 109.576099088676969, -7.278648731184404 ], [ 109.576099088676969, -7.279457211241897 ], [ 109.57636858202946, -7.279457211241897 ], [ 109.57636858202946, -7.279726704594394 ], [ 109.576638075381965, -7.279726704594394 ], [ 109.576638075381965, -7.279996197946891 ], [ 109.576907568734455, -7.279996197946891 ], [ 109.576907568734455, -7.280265691299388 ], [ 109.57717706208696, -7.280265691299388 ], [ 109.57717706208696, -7.280535184651885 ], [ 109.577446555439451, -7.280535184651885 ], [ 109.577446555439451, -7.280804678004383 ], [ 109.577716048791956, -7.280804678004383 ], [ 109.577716048791956, -7.28107417135688 ], [ 109.577985542144447, -7.28107417135688 ], [ 109.577985542144447, -7.281343664709378 ], [ 109.578255035496937, -7.281343664709378 ], [ 109.578255035496937, -7.281613158061875 ], [ 109.578524528849442, -7.281613158061875 ], [ 109.578524528849442, -7.281882651414372 ], [ 109.578794022201933, -7.281882651414372 ], [ 109.578794022201933, -7.282421638119366 ], [ 109.579063515554438, -7.282421638119366 ], [ 109.579063515554438, -7.282960624824361 ], [ 109.579333008906929, -7.282960624824361 ], [ 109.579333008906929, -7.283769104881853 ], [ 109.579602502259434, -7.283769104881853 ], [ 109.579602502259434, -7.284308091586848 ], [ 109.579871995611924, -7.284308091586848 ], [ 109.579871995611924, -7.285116571644339 ], [ 109.580141488964429, -7.285116571644339 ], [ 109.580141488964429, -7.285925051701832 ], [ 109.58041098231692, -7.285925051701832 ], [ 109.58041098231692, -7.286733531759324 ], [ 109.580680475669425, -7.286733531759324 ], [ 109.580680475669425, -7.287542011816815 ], [ 109.580949969021916, -7.287542011816815 ], [ 109.580949969021916, -7.287811505169313 ], [ 109.58121946237442, -7.287811505169313 ], [ 109.58121946237442, -7.288350491874308 ], [ 109.581488955726911, -7.288350491874308 ], [ 109.581488955726911, -7.288619985226805 ], [ 109.581758449079402, -7.288619985226805 ], [ 109.581758449079402, -7.288889478579302 ], [ 109.582027942431907, -7.288889478579302 ], [ 109.582027942431907, -7.289428465284296 ], [ 109.582566929136902, -7.289428465284296 ], [ 109.582566929136902, -7.289697958636794 ], [ 109.582836422489393, -7.289697958636794 ], [ 109.582836422489393, -7.289967451989291 ], [ 109.583105915841898, -7.289967451989291 ], [ 109.583105915841898, -7.290236945341788 ], [ 109.583375409194389, -7.290236945341788 ], [ 109.583375409194389, -7.290506438694286 ], [ 109.583644902546894, -7.290506438694286 ], [ 109.583644902546894, -7.290775932046783 ], [ 109.583914395899384, -7.290775932046783 ], [ 109.583914395899384, -7.291045425399281 ], [ 109.584183889251889, -7.291045425399281 ], [ 109.584183889251889, -7.291853905456772 ], [ 109.58445338260438, -7.291853905456772 ], [ 109.58445338260438, -7.292931878866762 ], [ 109.584722875956885, -7.292931878866762 ], [ 109.584722875956885, -7.293201372219259 ], [ 109.584183889251889, -7.293201372219259 ], [ 109.584183889251889, -7.293470865571757 ], [ 109.583644902546894, -7.293470865571757 ], [ 109.583644902546894, -7.293740358924254 ], [ 109.583375409194389, -7.293740358924254 ], [ 109.583375409194389, -7.29400985227675 ], [ 109.583105915841898, -7.29400985227675 ], [ 109.583105915841898, -7.294279345629248 ], [ 109.582566929136902, -7.294279345629248 ], [ 109.582566929136902, -7.294818332334243 ], [ 109.582297435784398, -7.294818332334243 ], [ 109.582297435784398, -7.29508782568674 ], [ 109.581758449079402, -7.29508782568674 ], [ 109.581758449079402, -7.295357319039237 ], [ 109.58121946237442, -7.295357319039237 ], [ 109.58121946237442, -7.29508782568674 ], [ 109.580680475669425, -7.29508782568674 ], [ 109.580680475669425, -7.294818332334243 ], [ 109.579871995611924, -7.294818332334243 ], [ 109.579871995611924, -7.294548838981745 ], [ 109.579333008906929, -7.294548838981745 ], [ 109.579333008906929, -7.294818332334243 ], [ 109.578524528849442, -7.294818332334243 ], [ 109.578524528849442, -7.29508782568674 ], [ 109.577985542144447, -7.29508782568674 ], [ 109.577985542144447, -7.295357319039237 ], [ 109.577446555439451, -7.295357319039237 ], [ 109.577446555439451, -7.295626812391735 ], [ 109.576638075381965, -7.295626812391735 ], [ 109.576638075381965, -7.295896305744232 ], [ 109.576099088676969, -7.295896305744232 ], [ 109.576099088676969, -7.296165799096729 ], [ 109.575829595324464, -7.296165799096729 ], [ 109.575829595324464, -7.296435292449226 ], [ 109.575290608619468, -7.296435292449226 ], [ 109.575290608619468, -7.296704785801724 ], [ 109.575021115266978, -7.296704785801724 ], [ 109.575021115266978, -7.296974279154221 ], [ 109.574751621914473, -7.296974279154221 ], [ 109.574751621914473, -7.298052252564211 ], [ 109.575021115266978, -7.298052252564211 ], [ 109.575021115266978, -7.298321745916708 ], [ 109.575290608619468, -7.298321745916708 ], [ 109.575290608619468, -7.298860732621702 ], [ 109.575560101971973, -7.298860732621702 ], [ 109.575560101971973, -7.299399719326697 ], [ 109.575290608619468, -7.299399719326697 ], [ 109.575290608619468, -7.299669212679194 ], [ 109.575021115266978, -7.299669212679194 ], [ 109.575021115266978, -7.299938706031692 ], [ 109.574751621914473, -7.299938706031692 ], [ 109.574751621914473, -7.300208199384189 ], [ 109.573673648504496, -7.300208199384189 ], [ 109.573673648504496, -7.299938706031692 ], [ 109.573404155151991, -7.299938706031692 ], [ 109.573404155151991, -7.299130225974199 ], [ 109.572056688389509, -7.299130225974199 ], [ 109.572056688389509, -7.299399719326697 ], [ 109.569900741569526, -7.299399719326697 ], [ 109.569900741569526, -7.300208199384189 ], [ 109.569631248217036, -7.300208199384189 ], [ 109.569631248217036, -7.300747186089183 ], [ 109.568822768159535, -7.300747186089183 ], [ 109.568822768159535, -7.300477692736687 ], [ 109.568553274807044, -7.300477692736687 ], [ 109.568553274807044, -7.300208199384189 ], [ 109.567744794749544, -7.300208199384189 ], [ 109.567744794749544, -7.300477692736687 ], [ 109.567475301397053, -7.300477692736687 ], [ 109.567475301397053, -7.30101667944168 ], [ 109.567205808044548, -7.30101667944168 ], [ 109.567205808044548, -7.30209465285167 ], [ 109.566936314692057, -7.30209465285167 ], [ 109.566936314692057, -7.302903132909162 ], [ 109.566666821339567, -7.302903132909162 ], [ 109.566666821339567, -7.305059079729141 ], [ 109.566936314692057, -7.305059079729141 ], [ 109.566936314692057, -7.305598066434135 ], [ 109.567205808044548, -7.305598066434135 ], [ 109.567205808044548, -7.305867559786632 ], [ 109.567475301397053, -7.305867559786632 ], [ 109.567475301397053, -7.306406546491627 ], [ 109.567205808044548, -7.306406546491627 ], [ 109.567205808044548, -7.307754013254113 ], [ 109.567475301397053, -7.307754013254113 ], [ 109.567475301397053, -7.308292999959108 ], [ 109.567744794749544, -7.308292999959108 ], [ 109.567744794749544, -7.309370973369097 ], [ 109.568014288102049, -7.309370973369097 ], [ 109.568014288102049, -7.309909960074092 ], [ 109.568283781454539, -7.309909960074092 ], [ 109.568283781454539, -7.310718440131584 ], [ 109.568553274807044, -7.310718440131584 ], [ 109.568553274807044, -7.312065906894071 ], [ 109.568822768159535, -7.312065906894071 ], [ 109.568822768159535, -7.312874386951562 ], [ 109.56909226151204, -7.312874386951562 ], [ 109.56909226151204, -7.313413373656557 ], [ 109.568822768159535, -7.313413373656557 ], [ 109.568822768159535, -7.313952360361552 ], [ 109.568553274807044, -7.313952360361552 ], [ 109.568553274807044, -7.314221853714049 ], [ 109.568283781454539, -7.314221853714049 ], [ 109.568283781454539, -7.314491347066546 ], [ 109.568014288102049, -7.314491347066546 ], [ 109.568014288102049, -7.314760840419043 ], [ 109.567744794749544, -7.314760840419043 ], [ 109.567744794749544, -7.31503033377154 ], [ 109.567475301397053, -7.31503033377154 ], [ 109.567475301397053, -7.315569320476535 ], [ 109.567205808044548, -7.315569320476535 ], [ 109.567205808044548, -7.316377800534027 ], [ 109.56504986122458, -7.316377800534027 ], [ 109.56504986122458, -7.316647293886525 ], [ 109.564241381167079, -7.316647293886525 ], [ 109.564241381167079, -7.316916787239022 ], [ 109.563702394462084, -7.316916787239022 ], [ 109.563702394462084, -7.317186280591519 ], [ 109.563432901109593, -7.317186280591519 ], [ 109.563432901109593, -7.317455773944016 ], [ 109.562893914404597, -7.317455773944016 ], [ 109.562893914404597, -7.317725267296514 ], [ 109.562624421052107, -7.317725267296514 ], [ 109.562624421052107, -7.318803240706503 ], [ 109.562893914404597, -7.318803240706503 ], [ 109.562893914404597, -7.319072734059 ], [ 109.563163407757088, -7.319072734059 ], [ 109.563163407757088, -7.319342227411497 ], [ 109.564241381167079, -7.319342227411497 ], [ 109.564241381167079, -7.319072734059 ], [ 109.564510874519584, -7.319072734059 ], [ 109.564510874519584, -7.317994760649011 ], [ 109.564780367872075, -7.317994760649011 ], [ 109.564780367872075, -7.317725267296514 ], [ 109.565588847929575, -7.317725267296514 ], [ 109.565588847929575, -7.320150707468989 ], [ 109.56531935457707, -7.320150707468989 ], [ 109.56531935457707, -7.320689694173984 ], [ 109.56504986122458, -7.320689694173984 ], [ 109.56504986122458, -7.321228680878979 ], [ 109.564780367872075, -7.321228680878979 ], [ 109.564780367872075, -7.322306654288968 ], [ 109.564510874519584, -7.322306654288968 ], [ 109.564510874519584, -7.322845640993963 ], [ 109.564780367872075, -7.322845640993963 ], [ 109.564780367872075, -7.32311513434646 ], [ 109.56504986122458, -7.32311513434646 ], [ 109.56504986122458, -7.323384627698957 ], [ 109.56531935457707, -7.323384627698957 ], [ 109.56531935457707, -7.323654121051455 ], [ 109.565588847929575, -7.323654121051455 ], [ 109.565588847929575, -7.323923614403951 ], [ 109.565858341282066, -7.323923614403951 ], [ 109.565858341282066, -7.324732094461444 ], [ 109.566127834634571, -7.324732094461444 ], [ 109.566127834634571, -7.325271081166438 ], [ 109.565858341282066, -7.325271081166438 ], [ 109.565858341282066, -7.326618547928924 ], [ 109.565588847929575, -7.326618547928924 ], [ 109.565588847929575, -7.327696521338914 ], [ 109.56531935457707, -7.327696521338914 ], [ 109.56531935457707, -7.328235508043909 ], [ 109.564510874519584, -7.328235508043909 ], [ 109.564510874519584, -7.327966014691412 ], [ 109.563432901109593, -7.327966014691412 ], [ 109.563432901109593, -7.328235508043909 ], [ 109.563163407757088, -7.328235508043909 ], [ 109.563163407757088, -7.329582974806395 ], [ 109.563432901109593, -7.329582974806395 ], [ 109.563432901109593, -7.33012196151139 ], [ 109.563702394462084, -7.33012196151139 ], [ 109.563702394462084, -7.330930441568881 ], [ 109.563432901109593, -7.330930441568881 ], [ 109.563432901109593, -7.331469428273876 ], [ 109.563163407757088, -7.331469428273876 ], [ 109.563163407757088, -7.332008414978871 ], [ 109.562893914404597, -7.332008414978871 ], [ 109.562893914404597, -7.332277908331368 ], [ 109.562085434347111, -7.332277908331368 ], [ 109.562085434347111, -7.332008414978871 ], [ 109.56100746093712, -7.332008414978871 ], [ 109.56100746093712, -7.331738921626373 ], [ 109.560737967584615, -7.331738921626373 ], [ 109.560737967584615, -7.332008414978871 ], [ 109.559390500822133, -7.332008414978871 ], [ 109.559390500822133, -7.331738921626373 ], [ 109.558043034059651, -7.331738921626373 ], [ 109.558043034059651, -7.331469428273876 ], [ 109.557504047354655, -7.331469428273876 ], [ 109.557504047354655, -7.331199934921379 ], [ 109.556965060649659, -7.331199934921379 ], [ 109.556965060649659, -7.330930441568881 ], [ 109.556426073944664, -7.330930441568881 ], [ 109.556426073944664, -7.330660948216384 ], [ 109.555617593887163, -7.330660948216384 ], [ 109.555617593887163, -7.330930441568881 ], [ 109.554809113829677, -7.330930441568881 ], [ 109.554809113829677, -7.331199934921379 ], [ 109.554539620477186, -7.331199934921379 ], [ 109.554539620477186, -7.331469428273876 ], [ 109.551575193599717, -7.331469428273876 ], [ 109.551575193599717, -7.331199934921379 ], [ 109.550227726837221, -7.331199934921379 ], [ 109.550227726837221, -7.330660948216384 ], [ 109.54995823348473, -7.330660948216384 ], [ 109.54995823348473, -7.33012196151139 ], [ 109.549688740132225, -7.33012196151139 ], [ 109.549688740132225, -7.329852468158893 ], [ 109.549419246779735, -7.329852468158893 ], [ 109.549419246779735, -7.329582974806395 ], [ 109.547802286664748, -7.329582974806395 ], [ 109.547802286664748, -7.329313481453898 ], [ 109.547532793312257, -7.329313481453898 ], [ 109.547532793312257, -7.3290439881014 ], [ 109.547263299959752, -7.3290439881014 ], [ 109.547263299959752, -7.328505001396405 ], [ 109.546993806607261, -7.328505001396405 ], [ 109.546993806607261, -7.327966014691412 ], [ 109.546724313254757, -7.327966014691412 ], [ 109.546724313254757, -7.327427027986417 ], [ 109.546185326549761, -7.327427027986417 ], [ 109.546185326549761, -7.327157534633919 ], [ 109.54510735313977, -7.327157534633919 ], [ 109.54510735313977, -7.326888041281422 ], [ 109.544029379729793, -7.326888041281422 ], [ 109.544029379729793, -7.326618547928924 ], [ 109.543490393024797, -7.326618547928924 ], [ 109.543490393024797, -7.326349054576427 ], [ 109.542951406319801, -7.326349054576427 ], [ 109.542951406319801, -7.32607956122393 ], [ 109.542412419614806, -7.32607956122393 ], [ 109.542412419614806, -7.325810067871433 ], [ 109.541603939557305, -7.325810067871433 ], [ 109.541603939557305, -7.325540574518936 ], [ 109.539717486089828, -7.325540574518936 ], [ 109.539717486089828, -7.325810067871433 ], [ 109.538639512679836, -7.325810067871433 ], [ 109.538639512679836, -7.32607956122393 ], [ 109.538370019327346, -7.32607956122393 ], [ 109.538370019327346, -7.326349054576427 ], [ 109.538100525974841, -7.326349054576427 ], [ 109.538100525974841, -7.326618547928924 ], [ 109.537561539269845, -7.326618547928924 ], [ 109.537561539269845, -7.326888041281422 ], [ 109.537292045917354, -7.326888041281422 ], [ 109.537292045917354, -7.327157534633919 ], [ 109.537022552564849, -7.327157534633919 ], [ 109.537022552564849, -7.327427027986417 ], [ 109.536753059212359, -7.327427027986417 ], [ 109.536753059212359, -7.327696521338914 ], [ 109.536214072507363, -7.327696521338914 ], [ 109.536214072507363, -7.327966014691412 ], [ 109.535405592449877, -7.327966014691412 ], [ 109.535405592449877, -7.328235508043909 ], [ 109.534597112392376, -7.328235508043909 ], [ 109.534597112392376, -7.328505001396405 ], [ 109.53378863233489, -7.328505001396405 ], [ 109.53378863233489, -7.328235508043909 ], [ 109.533519138982385, -7.328235508043909 ], [ 109.533519138982385, -7.327966014691412 ], [ 109.533249645629894, -7.327966014691412 ], [ 109.533249645629894, -7.327427027986417 ], [ 109.532980152277403, -7.327427027986417 ], [ 109.532980152277403, -7.327157534633919 ], [ 109.532710658924898, -7.327157534633919 ], [ 109.532710658924898, -7.326618547928924 ], [ 109.532171672219903, -7.326618547928924 ], [ 109.532171672219903, -7.326349054576427 ], [ 109.531632685514907, -7.326349054576427 ], [ 109.531632685514907, -7.32607956122393 ], [ 109.531363192162416, -7.32607956122393 ], [ 109.531363192162416, -7.325810067871433 ], [ 109.530824205457421, -7.325810067871433 ], [ 109.530824205457421, -7.325540574518936 ], [ 109.530285218752425, -7.325540574518936 ], [ 109.530285218752425, -7.325271081166438 ], [ 109.53001572539992, -7.325271081166438 ], [ 109.53001572539992, -7.325001587813941 ], [ 109.52974623204743, -7.325001587813941 ], [ 109.52974623204743, -7.324732094461444 ], [ 109.529476738694925, -7.324732094461444 ], [ 109.529476738694925, -7.324462601108946 ], [ 109.529207245342434, -7.324462601108946 ], [ 109.529207245342434, -7.324193107756449 ], [ 109.528937751989943, -7.324193107756449 ], [ 109.528937751989943, -7.323923614403951 ], [ 109.528398765284948, -7.323923614403951 ], [ 109.528398765284948, -7.323654121051455 ], [ 109.527859778579952, -7.323654121051455 ], [ 109.527859778579952, -7.323384627698957 ], [ 109.527320791874956, -7.323384627698957 ], [ 109.527320791874956, -7.323654121051455 ], [ 109.526781805169961, -7.323654121051455 ], [ 109.526781805169961, -7.323923614403951 ], [ 109.526512311817456, -7.323923614403951 ], [ 109.526512311817456, -7.324193107756449 ], [ 109.526242818464965, -7.324193107756449 ], [ 109.526242818464965, -7.324462601108946 ], [ 109.52597332511246, -7.324462601108946 ], [ 109.52597332511246, -7.325001587813941 ], [ 109.525703831759969, -7.325001587813941 ], [ 109.525703831759969, -7.325540574518936 ], [ 109.525434338407479, -7.325540574518936 ], [ 109.525434338407479, -7.32607956122393 ], [ 109.525164845054974, -7.32607956122393 ], [ 109.525164845054974, -7.326618547928924 ], [ 109.524895351702483, -7.326618547928924 ], [ 109.524895351702483, -7.327427027986417 ], [ 109.524625858349978, -7.327427027986417 ], [ 109.524625858349978, -7.328505001396405 ], [ 109.524356364997487, -7.328505001396405 ], [ 109.524356364997487, -7.3290439881014 ], [ 109.524086871644982, -7.3290439881014 ], [ 109.524086871644982, -7.329852468158893 ], [ 109.523817378292492, -7.329852468158893 ], [ 109.523817378292492, -7.330660948216384 ], [ 109.523547884939987, -7.330660948216384 ], [ 109.523547884939987, -7.331469428273876 ], [ 109.523278391587496, -7.331469428273876 ], [ 109.523278391587496, -7.332008414978871 ], [ 109.523008898234991, -7.332008414978871 ], [ 109.523008898234991, -7.332547401683866 ], [ 109.5227394048825, -7.332547401683866 ], [ 109.5227394048825, -7.33308638838886 ], [ 109.522469911529996, -7.33308638838886 ], [ 109.522469911529996, -7.333625375093854 ], [ 109.522200418177505, -7.333625375093854 ], [ 109.522200418177505, -7.334164361798849 ], [ 109.521930924825, -7.334164361798849 ], [ 109.521930924825, -7.334703348503844 ], [ 109.522200418177505, -7.334703348503844 ], [ 109.522200418177505, -7.335781321913833 ], [ 109.522469911529996, -7.335781321913833 ], [ 109.522469911529996, -7.336589801971325 ], [ 109.5227394048825, -7.336589801971325 ], [ 109.5227394048825, -7.337398282028817 ], [ 109.523008898234991, -7.337398282028817 ], [ 109.523008898234991, -7.337937268733811 ], [ 109.523278391587496, -7.337937268733811 ], [ 109.523278391587496, -7.338476255438806 ], [ 109.523547884939987, -7.338476255438806 ], [ 109.523547884939987, -7.338745748791303 ], [ 109.523817378292492, -7.338745748791303 ], [ 109.523817378292492, -7.339284735496298 ], [ 109.524086871644982, -7.339284735496298 ], [ 109.524086871644982, -7.339554228848796 ], [ 109.524356364997487, -7.339554228848796 ], [ 109.524356364997487, -7.34009321555379 ], [ 109.524625858349978, -7.34009321555379 ], [ 109.524625858349978, -7.340362708906287 ], [ 109.524895351702483, -7.340362708906287 ], [ 109.524895351702483, -7.340632202258784 ], [ 109.525164845054974, -7.340632202258784 ], [ 109.525164845054974, -7.340901695611282 ], [ 109.525434338407479, -7.340901695611282 ], [ 109.525434338407479, -7.341171188963779 ], [ 109.52597332511246, -7.341171188963779 ], [ 109.52597332511246, -7.341440682316277 ], [ 109.526242818464965, -7.341440682316277 ], [ 109.526242818464965, -7.341710175668774 ], [ 109.526781805169961, -7.341710175668774 ], [ 109.526781805169961, -7.341979669021271 ], [ 109.527590285227447, -7.341979669021271 ], [ 109.527590285227447, -7.342249162373768 ], [ 109.528398765284948, -7.342249162373768 ], [ 109.528398765284948, -7.342518655726265 ], [ 109.529207245342434, -7.342518655726265 ], [ 109.529207245342434, -7.342788149078763 ], [ 109.530285218752425, -7.342788149078763 ], [ 109.530285218752425, -7.34305764243126 ], [ 109.531363192162416, -7.34305764243126 ], [ 109.531363192162416, -7.343327135783758 ], [ 109.532171672219903, -7.343327135783758 ], [ 109.532171672219903, -7.343596629136255 ], [ 109.533519138982385, -7.343596629136255 ], [ 109.533519138982385, -7.343866122488752 ], [ 109.534597112392376, -7.343866122488752 ], [ 109.534597112392376, -7.34413561584125 ], [ 109.535675085802367, -7.34413561584125 ], [ 109.535675085802367, -7.344405109193747 ], [ 109.536483565859868, -7.344405109193747 ], [ 109.536483565859868, -7.344674602546244 ], [ 109.537561539269845, -7.344674602546244 ], [ 109.537561539269845, -7.344944095898741 ], [ 109.538639512679836, -7.344944095898741 ], [ 109.538639512679836, -7.345213589251239 ], [ 109.541334446204814, -7.345213589251239 ], [ 109.541334446204814, -7.345483082603736 ], [ 109.547802286664748, -7.345483082603736 ], [ 109.547802286664748, -7.345213589251239 ], [ 109.560198980879619, -7.345213589251239 ], [ 109.560198980879619, -7.344944095898741 ], [ 109.562893914404597, -7.344944095898741 ], [ 109.562893914404597, -7.344674602546244 ], [ 109.56531935457707, -7.344674602546244 ], [ 109.56531935457707, -7.344405109193747 ], [ 109.570439728274522, -7.344405109193747 ], [ 109.570439728274522, -7.34413561584125 ], [ 109.571248208332008, -7.34413561584125 ], [ 109.571248208332008, -7.344405109193747 ], [ 109.573673648504496, -7.344405109193747 ], [ 109.573673648504496, -7.344674602546244 ], [ 109.575560101971973, -7.344674602546244 ], [ 109.575560101971973, -7.344944095898741 ], [ 109.576638075381965, -7.344944095898741 ], [ 109.576638075381965, -7.345213589251239 ], [ 109.577716048791956, -7.345213589251239 ], [ 109.577716048791956, -7.345483082603736 ], [ 109.578794022201933, -7.345483082603736 ], [ 109.578794022201933, -7.345752575956233 ], [ 109.579602502259434, -7.345752575956233 ], [ 109.579602502259434, -7.346022069308731 ], [ 109.58041098231692, -7.346022069308731 ], [ 109.58041098231692, -7.346291562661228 ], [ 109.580949969021916, -7.346291562661228 ], [ 109.580949969021916, -7.346561056013726 ], [ 109.581488955726911, -7.346561056013726 ], [ 109.581488955726911, -7.346830549366222 ], [ 109.582027942431907, -7.346830549366222 ], [ 109.582027942431907, -7.34710004271872 ], [ 109.582566929136902, -7.34710004271872 ], [ 109.582566929136902, -7.347369536071217 ], [ 109.582836422489393, -7.347369536071217 ], [ 109.582836422489393, -7.347639029423714 ], [ 109.583105915841898, -7.347639029423714 ], [ 109.583105915841898, -7.347908522776212 ], [ 109.583375409194389, -7.347908522776212 ], [ 109.583375409194389, -7.348178016128709 ], [ 109.583644902546894, -7.348178016128709 ], [ 109.583644902546894, -7.348717002833704 ], [ 109.583914395899384, -7.348717002833704 ], [ 109.583914395899384, -7.348986496186201 ], [ 109.584183889251889, -7.348986496186201 ], [ 109.584183889251889, -7.349525482891195 ], [ 109.58445338260438, -7.349525482891195 ], [ 109.58445338260438, -7.349794976243693 ], [ 109.584722875956885, -7.349794976243693 ], [ 109.584722875956885, -7.350333962948688 ], [ 109.584992369309376, -7.350333962948688 ], [ 109.584992369309376, -7.350603456301185 ], [ 109.585261862661881, -7.350603456301185 ], [ 109.585261862661881, -7.354106869883649 ], [ 109.584992369309376, -7.354106869883649 ], [ 109.584992369309376, -7.356532310056125 ], [ 109.584722875956885, -7.356532310056125 ], [ 109.584722875956885, -7.357879776818612 ], [ 109.58445338260438, -7.357879776818612 ], [ 109.58445338260438, -7.358957750228601 ], [ 109.584183889251889, -7.358957750228601 ], [ 109.584183889251889, -7.359766230286093 ], [ 109.583914395899384, -7.359766230286093 ], [ 109.583914395899384, -7.360305216991088 ], [ 109.583644902546894, -7.360305216991088 ], [ 109.583644902546894, -7.360844203696082 ], [ 109.583375409194389, -7.360844203696082 ], [ 109.583375409194389, -7.361383190401077 ], [ 109.582836422489393, -7.361383190401077 ], [ 109.582836422489393, -7.361652683753574 ], [ 109.582027942431907, -7.361652683753574 ], [ 109.582027942431907, -7.361922177106072 ], [ 109.58121946237442, -7.361922177106072 ], [ 109.58121946237442, -7.362191670458569 ], [ 109.579871995611924, -7.362191670458569 ], [ 109.579871995611924, -7.362461163811067 ], [ 109.578524528849442, -7.362461163811067 ], [ 109.578524528849442, -7.362191670458569 ], [ 109.577446555439451, -7.362191670458569 ], [ 109.577446555439451, -7.361922177106072 ], [ 109.576099088676969, -7.361922177106072 ], [ 109.576099088676969, -7.361652683753574 ], [ 109.574212635209477, -7.361652683753574 ], [ 109.574212635209477, -7.361922177106072 ], [ 109.572865168446995, -7.361922177106072 ], [ 109.572865168446995, -7.362191670458569 ], [ 109.571517701684513, -7.362191670458569 ], [ 109.571517701684513, -7.362461163811067 ], [ 109.570439728274522, -7.362461163811067 ], [ 109.570439728274522, -7.362730657163564 ], [ 109.569631248217036, -7.362730657163564 ], [ 109.569631248217036, -7.36300015051606 ], [ 109.568822768159535, -7.36300015051606 ], [ 109.568822768159535, -7.363269643868558 ], [ 109.568283781454539, -7.363269643868558 ], [ 109.568283781454539, -7.363539137221055 ], [ 109.567475301397053, -7.363539137221055 ], [ 109.567475301397053, -7.363808630573553 ], [ 109.566936314692057, -7.363808630573553 ], [ 109.566936314692057, -7.36407812392605 ], [ 109.566666821339567, -7.36407812392605 ], [ 109.566666821339567, -7.364347617278548 ], [ 109.566397327987062, -7.364347617278548 ], [ 109.566397327987062, -7.364617110631045 ], [ 109.565858341282066, -7.364617110631045 ], [ 109.565858341282066, -7.364886603983542 ], [ 109.565588847929575, -7.364886603983542 ], [ 109.565588847929575, -7.365156097336039 ], [ 109.56531935457707, -7.365156097336039 ], [ 109.56531935457707, -7.365425590688536 ], [ 109.56504986122458, -7.365425590688536 ], [ 109.56504986122458, -7.365695084041034 ], [ 109.564780367872075, -7.365695084041034 ], [ 109.564780367872075, -7.365964577393531 ], [ 109.564510874519584, -7.365964577393531 ], [ 109.564510874519584, -7.366234070746028 ], [ 109.564241381167079, -7.366234070746028 ], [ 109.564241381167079, -7.366503564098526 ], [ 109.563971887814589, -7.366503564098526 ], [ 109.563971887814589, -7.366773057451023 ], [ 109.563702394462084, -7.366773057451023 ], [ 109.563702394462084, -7.367042550803521 ], [ 109.563432901109593, -7.367042550803521 ], [ 109.563432901109593, -7.369198497623499 ], [ 109.563702394462084, -7.369198497623499 ], [ 109.563702394462084, -7.371354444443478 ], [ 109.564241381167079, -7.371354444443478 ], [ 109.564241381167079, -7.371623937795975 ], [ 109.564510874519584, -7.371623937795975 ], [ 109.564510874519584, -7.371893431148472 ], [ 109.564780367872075, -7.371893431148472 ], [ 109.564780367872075, -7.372162924500969 ], [ 109.56504986122458, -7.372162924500969 ], [ 109.56504986122458, -7.372432417853466 ], [ 109.56531935457707, -7.372432417853466 ], [ 109.56531935457707, -7.372701911205964 ], [ 109.565858341282066, -7.372701911205964 ], [ 109.565858341282066, -7.372971404558461 ], [ 109.566127834634571, -7.372971404558461 ], [ 109.566127834634571, -7.373240897910958 ], [ 109.566397327987062, -7.373240897910958 ], [ 109.566397327987062, -7.373510391263456 ], [ 109.566936314692057, -7.373510391263456 ], [ 109.566936314692057, -7.373779884615953 ], [ 109.568553274807044, -7.373779884615953 ], [ 109.568553274807044, -7.373510391263456 ], [ 109.570978714979518, -7.373510391263456 ], [ 109.570978714979518, -7.373240897910958 ], [ 109.571517701684513, -7.373240897910958 ], [ 109.571517701684513, -7.372971404558461 ], [ 109.572056688389509, -7.372971404558461 ], [ 109.572056688389509, -7.372701911205964 ], [ 109.572865168446995, -7.372701911205964 ], [ 109.572865168446995, -7.372432417853466 ], [ 109.573404155151991, -7.372432417853466 ], [ 109.573404155151991, -7.372162924500969 ], [ 109.574212635209477, -7.372162924500969 ], [ 109.574212635209477, -7.371893431148472 ], [ 109.574751621914473, -7.371893431148472 ], [ 109.574751621914473, -7.371623937795975 ], [ 109.575290608619468, -7.371623937795975 ], [ 109.575290608619468, -7.371354444443478 ], [ 109.575829595324464, -7.371354444443478 ], [ 109.575829595324464, -7.37108495109098 ], [ 109.576099088676969, -7.37108495109098 ], [ 109.576099088676969, -7.370815457738483 ], [ 109.57636858202946, -7.370815457738483 ], [ 109.57636858202946, -7.37000697768099 ], [ 109.576638075381965, -7.37000697768099 ], [ 109.576638075381965, -7.369737484328494 ], [ 109.576907568734455, -7.369737484328494 ], [ 109.576907568734455, -7.369198497623499 ], [ 109.57717706208696, -7.369198497623499 ], [ 109.57717706208696, -7.368659510918504 ], [ 109.577446555439451, -7.368659510918504 ], [ 109.577446555439451, -7.368390017566007 ], [ 109.577716048791956, -7.368390017566007 ], [ 109.577716048791956, -7.367851030861012 ], [ 109.577985542144447, -7.367851030861012 ], [ 109.577985542144447, -7.367581537508515 ], [ 109.578255035496937, -7.367581537508515 ], [ 109.578255035496937, -7.367312044156018 ], [ 109.578524528849442, -7.367312044156018 ], [ 109.578524528849442, -7.366773057451023 ], [ 109.578794022201933, -7.366773057451023 ], [ 109.578794022201933, -7.365964577393531 ], [ 109.579063515554438, -7.365964577393531 ], [ 109.579063515554438, -7.365695084041034 ], [ 109.579333008906929, -7.365695084041034 ], [ 109.579333008906929, -7.365425590688536 ], [ 109.580141488964429, -7.365425590688536 ], [ 109.580141488964429, -7.365156097336039 ], [ 109.581758449079402, -7.365156097336039 ], [ 109.581758449079402, -7.364886603983542 ], [ 109.583375409194389, -7.364886603983542 ], [ 109.583375409194389, -7.365156097336039 ], [ 109.583644902546894, -7.365156097336039 ], [ 109.583644902546894, -7.365425590688536 ], [ 109.583914395899384, -7.365425590688536 ], [ 109.583914395899384, -7.365695084041034 ], [ 109.58445338260438, -7.365695084041034 ], [ 109.58445338260438, -7.365964577393531 ], [ 109.584992369309376, -7.365964577393531 ], [ 109.584992369309376, -7.366234070746028 ], [ 109.585531356014371, -7.366234070746028 ], [ 109.585531356014371, -7.366503564098526 ], [ 109.586070342719367, -7.366503564098526 ], [ 109.586070342719367, -7.366773057451023 ], [ 109.586878822776853, -7.366773057451023 ], [ 109.586878822776853, -7.367042550803521 ], [ 109.593077169884296, -7.367042550803521 ], [ 109.593077169884296, -7.366773057451023 ], [ 109.595502610056769, -7.366773057451023 ], [ 109.595502610056769, -7.366503564098526 ], [ 109.596041596761765, -7.366503564098526 ], [ 109.596041596761765, -7.366234070746028 ], [ 109.596850076819251, -7.366234070746028 ], [ 109.596850076819251, -7.365964577393531 ], [ 109.597928050229243, -7.365964577393531 ], [ 109.597928050229243, -7.365695084041034 ], [ 109.599006023639234, -7.365695084041034 ], [ 109.599006023639234, -7.365425590688536 ], [ 109.599814503696734, -7.365425590688536 ], [ 109.599814503696734, -7.365156097336039 ], [ 109.600622983754221, -7.365156097336039 ], [ 109.600622983754221, -7.364886603983542 ], [ 109.601431463811707, -7.364886603983542 ], [ 109.601431463811707, -7.364617110631045 ], [ 109.602239943869208, -7.364617110631045 ], [ 109.602239943869208, -7.364347617278548 ], [ 109.603317917279199, -7.364347617278548 ], [ 109.603317917279199, -7.36407812392605 ], [ 109.603856903984195, -7.36407812392605 ], [ 109.603856903984195, -7.363808630573553 ], [ 109.604665384041681, -7.363808630573553 ], [ 109.604665384041681, -7.363539137221055 ], [ 109.606012850804163, -7.363539137221055 ], [ 109.606012850804163, -7.363269643868558 ], [ 109.607360317566659, -7.363269643868558 ], [ 109.607360317566659, -7.36300015051606 ], [ 109.607899304271641, -7.36300015051606 ], [ 109.607899304271641, -7.362730657163564 ], [ 109.608438290976636, -7.362730657163564 ], [ 109.608438290976636, -7.362461163811067 ], [ 109.608977277681632, -7.362461163811067 ], [ 109.608977277681632, -7.362191670458569 ], [ 109.609516264386627, -7.362191670458569 ], [ 109.609516264386627, -7.361922177106072 ], [ 109.610055251091623, -7.361922177106072 ], [ 109.610055251091623, -7.361652683753574 ], [ 109.610863731149124, -7.361652683753574 ], [ 109.610863731149124, -7.361383190401077 ], [ 109.611402717854119, -7.361383190401077 ], [ 109.611402717854119, -7.361113697048579 ], [ 109.611941704559101, -7.361113697048579 ], [ 109.611941704559101, -7.360844203696082 ], [ 109.612480691264096, -7.360844203696082 ], [ 109.612480691264096, -7.360574710343585 ], [ 109.613019677969092, -7.360574710343585 ], [ 109.613019677969092, -7.360305216991088 ], [ 109.613828158026593, -7.360305216991088 ], [ 109.613828158026593, -7.360035723638591 ], [ 109.614636638084079, -7.360035723638591 ], [ 109.614636638084079, -7.359766230286093 ], [ 109.61571461149407, -7.359766230286093 ], [ 109.61571461149407, -7.359496736933596 ], [ 109.617062078256552, -7.359496736933596 ], [ 109.617062078256552, -7.359227243581099 ], [ 109.619218025076535, -7.359227243581099 ], [ 109.619218025076535, -7.358957750228601 ], [ 109.620834985191522, -7.358957750228601 ], [ 109.620834985191522, -7.358688256876104 ], [ 109.621912958601513, -7.358688256876104 ], [ 109.621912958601513, -7.358418763523606 ], [ 109.62299093201149, -7.358418763523606 ], [ 109.62299093201149, -7.35814927017111 ], [ 109.624338398773986, -7.35814927017111 ], [ 109.624338398773986, -7.357879776818612 ], [ 109.625685865536468, -7.357879776818612 ], [ 109.625685865536468, -7.357610283466115 ], [ 109.62703333229895, -7.357610283466115 ], [ 109.62703333229895, -7.357340790113618 ], [ 109.629728265823928, -7.357340790113618 ], [ 109.629728265823928, -7.35707129676112 ], [ 109.632423199348906, -7.35707129676112 ], [ 109.632423199348906, -7.356801803408623 ], [ 109.634309652816384, -7.356801803408623 ], [ 109.634309652816384, -7.356532310056125 ], [ 109.637004586341362, -7.356532310056125 ], [ 109.637004586341362, -7.356262816703628 ], [ 109.639969013218831, -7.356262816703628 ], [ 109.639969013218831, -7.355993323351131 ], [ 109.641855466686309, -7.355993323351131 ], [ 109.641855466686309, -7.355723829998634 ], [ 109.644011413506291, -7.355723829998634 ], [ 109.644011413506291, -7.355454336646137 ], [ 109.645089386916283, -7.355454336646137 ], [ 109.645089386916283, -7.355184843293639 ], [ 109.646436853678765, -7.355184843293639 ], [ 109.646436853678765, -7.354915349941142 ], [ 109.647245333736251, -7.354915349941142 ], [ 109.647245333736251, -7.354645856588644 ], [ 109.647784320441247, -7.354645856588644 ], [ 109.647784320441247, -7.354376363236147 ], [ 109.648053813793751, -7.354376363236147 ], [ 109.648053813793751, -7.353837376531152 ], [ 109.648592800498747, -7.353837376531152 ], [ 109.648592800498747, -7.353567883178656 ], [ 109.648862293851238, -7.353567883178656 ], [ 109.648862293851238, -7.353298389826158 ], [ 109.649131787203729, -7.353298389826158 ], [ 109.649131787203729, -7.353028896473661 ], [ 109.649670773908724, -7.353028896473661 ], [ 109.649670773908724, -7.352759403121163 ], [ 109.650479253966225, -7.352759403121163 ], [ 109.650479253966225, -7.352489909768666 ], [ 109.651287734023711, -7.352489909768666 ], [ 109.651287734023711, -7.352220416416169 ], [ 109.652635200786207, -7.352220416416169 ], [ 109.652635200786207, -7.351950923063671 ], [ 109.65425216090118, -7.351950923063671 ], [ 109.65425216090118, -7.351681429711174 ], [ 109.657755574483645, -7.351681429711174 ], [ 109.657755574483645, -7.351411936358677 ], [ 109.661797974771105, -7.351411936358677 ], [ 109.661797974771105, -7.351681429711174 ], [ 109.665031895001079, -7.351681429711174 ], [ 109.665031895001079, -7.351950923063671 ], [ 109.666648855116065, -7.351950923063671 ], [ 109.666648855116065, -7.352220416416169 ], [ 109.667457335173552, -7.352220416416169 ], [ 109.667457335173552, -7.352489909768666 ], [ 109.668265815231038, -7.352489909768666 ], [ 109.668265815231038, -7.352759403121163 ], [ 109.669074295288539, -7.352759403121163 ], [ 109.669074295288539, -7.353028896473661 ], [ 109.669882775346025, -7.353028896473661 ], [ 109.669882775346025, -7.353298389826158 ], [ 109.670691255403526, -7.353298389826158 ], [ 109.670691255403526, -7.353567883178656 ], [ 109.670960748756016, -7.353567883178656 ], [ 109.670960748756016, -7.353837376531152 ], [ 109.671499735461012, -7.353837376531152 ], [ 109.671499735461012, -7.354106869883649 ], [ 109.671769228813503, -7.354106869883649 ], [ 109.671769228813503, -7.354376363236147 ], [ 109.672038722166008, -7.354376363236147 ], [ 109.672038722166008, -7.354645856588644 ], [ 109.675003149043476, -7.354645856588644 ], [ 109.675003149043476, -7.354915349941142 ], [ 109.680123522740928, -7.354915349941142 ], [ 109.680123522740928, -7.354645856588644 ], [ 109.68147098950341, -7.354645856588644 ], [ 109.68147098950341, -7.354376363236147 ], [ 109.682818456265892, -7.354376363236147 ], [ 109.682818456265892, -7.354106869883649 ], [ 109.684974403085874, -7.354106869883649 ], [ 109.684974403085874, -7.353837376531152 ], [ 109.688747310020844, -7.353837376531152 ], [ 109.688747310020844, -7.354106869883649 ], [ 109.690633763488322, -7.354106869883649 ], [ 109.690633763488322, -7.354376363236147 ], [ 109.692250723603308, -7.354376363236147 ], [ 109.692250723603308, -7.354645856588644 ], [ 109.692789710308304, -7.354645856588644 ], [ 109.692789710308304, -7.354915349941142 ], [ 109.69359819036579, -7.354915349941142 ], [ 109.69359819036579, -7.355184843293639 ], [ 109.695215150480777, -7.355184843293639 ], [ 109.695215150480777, -7.355454336646137 ], [ 109.696293123890769, -7.355454336646137 ], [ 109.696293123890769, -7.355723829998634 ], [ 109.697101603948255, -7.355723829998634 ], [ 109.697101603948255, -7.355993323351131 ], [ 109.697910084005741, -7.355993323351131 ], [ 109.697910084005741, -7.356262816703628 ], [ 109.698718564063242, -7.356262816703628 ], [ 109.698718564063242, -7.356532310056125 ], [ 109.699257550768237, -7.356532310056125 ], [ 109.699257550768237, -7.356801803408623 ], [ 109.700066030825724, -7.356801803408623 ], [ 109.700066030825724, -7.35707129676112 ], [ 109.700335524178229, -7.35707129676112 ], [ 109.700335524178229, -7.357340790113618 ], [ 109.700874510883224, -7.357340790113618 ], [ 109.700874510883224, -7.357610283466115 ], [ 109.701144004235715, -7.357610283466115 ], [ 109.701144004235715, -7.357879776818612 ], [ 109.701413497588206, -7.357879776818612 ], [ 109.701413497588206, -7.35814927017111 ], [ 109.701682990940711, -7.35814927017111 ], [ 109.701682990940711, -7.358418763523606 ], [ 109.701952484293201, -7.358418763523606 ], [ 109.701952484293201, -7.358688256876104 ], [ 109.702221977645706, -7.358688256876104 ], [ 109.702221977645706, -7.358957750228601 ], [ 109.702491470998197, -7.358957750228601 ], [ 109.702491470998197, -7.359227243581099 ], [ 109.703030457703193, -7.359227243581099 ], [ 109.703030457703193, -7.359496736933596 ], [ 109.703299951055698, -7.359496736933596 ], [ 109.703299951055698, -7.359766230286093 ], [ 109.703569444408188, -7.359766230286093 ], [ 109.703569444408188, -7.360035723638591 ], [ 109.703838937760693, -7.360035723638591 ], [ 109.703838937760693, -7.360305216991088 ], [ 109.704108431113184, -7.360305216991088 ], [ 109.704108431113184, -7.360574710343585 ], [ 109.704377924465689, -7.360574710343585 ], [ 109.704377924465689, -7.360844203696082 ], [ 109.70464741781818, -7.360844203696082 ], [ 109.70464741781818, -7.361113697048579 ], [ 109.705186404523175, -7.361113697048579 ], [ 109.705186404523175, -7.361383190401077 ], [ 109.705455897875666, -7.361383190401077 ], [ 109.705455897875666, -7.361652683753574 ], [ 109.705994884580662, -7.361652683753574 ], [ 109.705994884580662, -7.361922177106072 ], [ 109.706264377933167, -7.361922177106072 ], [ 109.706264377933167, -7.362191670458569 ], [ 109.706533871285657, -7.362191670458569 ], [ 109.706533871285657, -7.362461163811067 ], [ 109.706803364638162, -7.362461163811067 ], [ 109.706803364638162, -7.362730657163564 ], [ 109.707072857990653, -7.362730657163564 ], [ 109.707072857990653, -7.36300015051606 ], [ 109.707342351343158, -7.36300015051606 ], [ 109.707342351343158, -7.363269643868558 ], [ 109.707611844695649, -7.363269643868558 ], [ 109.707611844695649, -7.363539137221055 ], [ 109.707881338048153, -7.363539137221055 ], [ 109.707881338048153, -7.363808630573553 ], [ 109.708150831400644, -7.363808630573553 ], [ 109.708150831400644, -7.36407812392605 ], [ 109.708420324753149, -7.36407812392605 ], [ 109.708420324753149, -7.364347617278548 ], [ 109.70868981810564, -7.364347617278548 ], [ 109.70868981810564, -7.364617110631045 ], [ 109.709498298163126, -7.364617110631045 ], [ 109.709498298163126, -7.364886603983542 ], [ 109.710037284868122, -7.364886603983542 ], [ 109.710037284868122, -7.365156097336039 ], [ 109.710576271573117, -7.365156097336039 ], [ 109.710576271573117, -7.365425590688536 ], [ 109.711115258278113, -7.365425590688536 ], [ 109.711115258278113, -7.365695084041034 ], [ 109.711654244983109, -7.365695084041034 ], [ 109.711654244983109, -7.365964577393531 ], [ 109.711923738335614, -7.365964577393531 ], [ 109.711923738335614, -7.366234070746028 ], [ 109.712462725040595, -7.366234070746028 ], [ 109.712462725040595, -7.366503564098526 ], [ 109.713271205098096, -7.366503564098526 ], [ 109.713271205098096, -7.366773057451023 ], [ 109.714349178508087, -7.366773057451023 ], [ 109.714349178508087, -7.367042550803521 ], [ 109.715966138623074, -7.367042550803521 ], [ 109.715966138623074, -7.367312044156018 ], [ 109.720547525615515, -7.367312044156018 ], [ 109.720547525615515, -7.367581537508515 ], [ 109.724320432550485, -7.367581537508515 ], [ 109.724320432550485, -7.367851030861012 ], [ 109.73995104699533, -7.367851030861012 ], [ 109.73995104699533, -7.367581537508515 ], [ 109.750191794390219, -7.367581537508515 ], [ 109.750191794390219, -7.367851030861012 ], [ 109.752617234562706, -7.367851030861012 ], [ 109.752617234562706, -7.368120524213509 ], [ 109.753964701325188, -7.368120524213509 ], [ 109.753964701325188, -7.368390017566007 ], [ 109.754773181382674, -7.368390017566007 ], [ 109.754773181382674, -7.368659510918504 ], [ 109.755581661440175, -7.368659510918504 ], [ 109.755581661440175, -7.368929004271002 ], [ 109.756390141497661, -7.368929004271002 ], [ 109.756390141497661, -7.369198497623499 ], [ 109.756929128202657, -7.369198497623499 ], [ 109.756929128202657, -7.369467990975997 ], [ 109.758007101612648, -7.369467990975997 ], [ 109.758007101612648, -7.369737484328494 ], [ 109.759085075022639, -7.369737484328494 ], [ 109.759085075022639, -7.37000697768099 ], [ 109.760163048432631, -7.37000697768099 ], [ 109.760163048432631, -7.370276471033488 ], [ 109.761241021842608, -7.370276471033488 ], [ 109.761241021842608, -7.370545964385985 ], [ 109.762318995252599, -7.370545964385985 ], [ 109.762318995252599, -7.370815457738483 ], [ 109.76339696866259, -7.370815457738483 ], [ 109.76339696866259, -7.37108495109098 ], [ 109.764474942072582, -7.37108495109098 ], [ 109.764474942072582, -7.371354444443478 ], [ 109.765552915482573, -7.371354444443478 ], [ 109.765552915482573, -7.371623937795975 ], [ 109.766900382245055, -7.371623937795975 ], [ 109.766900382245055, -7.371893431148472 ], [ 109.767708862302555, -7.371893431148472 ], [ 109.767708862302555, -7.372162924500969 ], [ 109.768247849007551, -7.372162924500969 ], [ 109.768247849007551, -7.371623937795975 ], [ 109.768517342360042, -7.371623937795975 ], [ 109.768517342360042, -7.371354444443478 ], [ 109.768786835712532, -7.371354444443478 ], [ 109.768786835712532, -7.37108495109098 ], [ 109.769056329065037, -7.37108495109098 ], [ 109.769056329065037, -7.370815457738483 ], [ 109.769595315770033, -7.370815457738483 ], [ 109.769595315770033, -7.370545964385985 ], [ 109.77121227588502, -7.370545964385985 ], [ 109.77121227588502, -7.370276471033488 ], [ 109.771751262590016, -7.370276471033488 ], [ 109.771751262590016, -7.37000697768099 ], [ 109.772020755942506, -7.37000697768099 ], [ 109.772020755942506, -7.369737484328494 ], [ 109.772290249294997, -7.369737484328494 ], [ 109.772290249294997, -7.369198497623499 ], [ 109.772559742647502, -7.369198497623499 ], [ 109.772559742647502, -7.366773057451023 ], [ 109.772829236, -7.366773057451023 ], [ 109.772829236, -7.366503564098526 ], [ 109.773098729352498, -7.366503564098526 ], [ 109.773098729352498, -7.366234070746028 ], [ 109.773368222704988, -7.366234070746028 ], [ 109.773368222704988, -7.365964577393531 ], [ 109.773637716057493, -7.365964577393531 ], [ 109.773637716057493, -7.365425590688536 ], [ 109.773907209409984, -7.365425590688536 ], [ 109.773907209409984, -7.365156097336039 ], [ 109.774176702762489, -7.365156097336039 ], [ 109.774176702762489, -7.364886603983542 ], [ 109.77444619611498, -7.364886603983542 ], [ 109.77444619611498, -7.364347617278548 ], [ 109.774985182819975, -7.364347617278548 ], [ 109.774985182819975, -7.36407812392605 ], [ 109.776063156229966, -7.36407812392605 ], [ 109.776063156229966, -7.364347617278548 ], [ 109.777410622992448, -7.364347617278548 ], [ 109.777410622992448, -7.364617110631045 ], [ 109.777680116344953, -7.364617110631045 ], [ 109.777680116344953, -7.364886603983542 ], [ 109.77848859640244, -7.364886603983542 ], [ 109.77848859640244, -7.365156097336039 ], [ 109.779566569812431, -7.365156097336039 ], [ 109.779566569812431, -7.364886603983542 ], [ 109.779836063164922, -7.364886603983542 ], [ 109.779836063164922, -7.364617110631045 ], [ 109.780375049869917, -7.364617110631045 ], [ 109.780375049869917, -7.364347617278548 ], [ 109.780644543222422, -7.364347617278548 ], [ 109.780644543222422, -7.36407812392605 ], [ 109.781183529927418, -7.36407812392605 ], [ 109.781183529927418, -7.363808630573553 ], [ 109.781722516632414, -7.363808630573553 ], [ 109.781722516632414, -7.363539137221055 ], [ 109.781992009984904, -7.363539137221055 ], [ 109.781992009984904, -7.363269643868558 ], [ 109.7825309966899, -7.363269643868558 ], [ 109.7825309966899, -7.36300015051606 ], [ 109.782800490042405, -7.36300015051606 ], [ 109.782800490042405, -7.362730657163564 ], [ 109.783069983394896, -7.362730657163564 ], [ 109.783069983394896, -7.362461163811067 ], [ 109.7833394767474, -7.362461163811067 ], [ 109.7833394767474, -7.361113697048579 ], [ 109.783069983394896, -7.361113697048579 ], [ 109.783069983394896, -7.360305216991088 ], [ 109.7833394767474, -7.360305216991088 ], [ 109.7833394767474, -7.360035723638591 ], [ 109.783608970099891, -7.360035723638591 ], [ 109.783608970099891, -7.359766230286093 ], [ 109.784686943509882, -7.359766230286093 ], [ 109.784686943509882, -7.359496736933596 ], [ 109.785225930214878, -7.359496736933596 ], [ 109.785225930214878, -7.359227243581099 ], [ 109.785495423567369, -7.359227243581099 ], [ 109.785495423567369, -7.358957750228601 ], [ 109.785764916919874, -7.358957750228601 ], [ 109.785764916919874, -7.358418763523606 ], [ 109.786034410272364, -7.358418763523606 ], [ 109.786034410272364, -7.357879776818612 ], [ 109.786303903624869, -7.357879776818612 ], [ 109.786303903624869, -7.357340790113618 ], [ 109.78657339697736, -7.357340790113618 ], [ 109.78657339697736, -7.356801803408623 ], [ 109.786842890329865, -7.356801803408623 ], [ 109.786842890329865, -7.354645856588644 ], [ 109.78657339697736, -7.354645856588644 ], [ 109.78657339697736, -7.353837376531152 ], [ 109.786303903624869, -7.353837376531152 ], [ 109.786303903624869, -7.352759403121163 ], [ 109.786034410272364, -7.352759403121163 ], [ 109.786034410272364, -7.350872949653682 ], [ 109.785764916919874, -7.350872949653682 ], [ 109.785764916919874, -7.350333962948688 ], [ 109.785495423567369, -7.350333962948688 ], [ 109.785495423567369, -7.349794976243693 ], [ 109.785764916919874, -7.349794976243693 ], [ 109.785764916919874, -7.349255989538698 ], [ 109.786034410272364, -7.349255989538698 ], [ 109.786034410272364, -7.348717002833704 ], [ 109.786303903624869, -7.348717002833704 ], [ 109.786303903624869, -7.346561056013726 ], [ 109.78657339697736, -7.346561056013726 ], [ 109.78657339697736, -7.346022069308731 ], [ 109.786842890329865, -7.346022069308731 ], [ 109.786842890329865, -7.345213589251239 ], [ 109.787112383682356, -7.345213589251239 ], [ 109.787112383682356, -7.34305764243126 ], [ 109.787381877034846, -7.34305764243126 ], [ 109.787381877034846, -7.341440682316277 ], [ 109.787651370387351, -7.341440682316277 ], [ 109.787651370387351, -7.341171188963779 ], [ 109.787920863739842, -7.341171188963779 ], [ 109.787920863739842, -7.340901695611282 ], [ 109.788190357092347, -7.340901695611282 ], [ 109.788190357092347, -7.340632202258784 ], [ 109.788998837149833, -7.340632202258784 ], [ 109.788998837149833, -7.340362708906287 ], [ 109.789807317207334, -7.340362708906287 ], [ 109.789807317207334, -7.34009321555379 ], [ 109.790076810559825, -7.34009321555379 ], [ 109.790076810559825, -7.339823722201293 ], [ 109.79034630391233, -7.339823722201293 ], [ 109.79034630391233, -7.339554228848796 ], [ 109.790885290617311, -7.339554228848796 ], [ 109.790885290617311, -7.339284735496298 ], [ 109.791154783969816, -7.339284735496298 ], [ 109.791154783969816, -7.339015242143801 ], [ 109.791424277322307, -7.339015242143801 ], [ 109.791424277322307, -7.338745748791303 ], [ 109.791693770674812, -7.338745748791303 ], [ 109.791693770674812, -7.338206762086309 ], [ 109.791963264027302, -7.338206762086309 ], [ 109.791963264027302, -7.337937268733811 ], [ 109.792502250732298, -7.337937268733811 ], [ 109.792502250732298, -7.33712878867632 ], [ 109.792232757379807, -7.33712878867632 ], [ 109.792232757379807, -7.336589801971325 ], [ 109.791963264027302, -7.336589801971325 ], [ 109.791963264027302, -7.335511828561335 ], [ 109.792232757379807, -7.335511828561335 ], [ 109.792232757379807, -7.334972841856342 ], [ 109.792502250732298, -7.334972841856342 ], [ 109.792502250732298, -7.334164361798849 ], [ 109.792771744084803, -7.334164361798849 ], [ 109.792771744084803, -7.333625375093854 ], [ 109.793041237437293, -7.333625375093854 ], [ 109.793041237437293, -7.33308638838886 ], [ 109.793310730789798, -7.33308638838886 ], [ 109.793310730789798, -7.332816895036363 ], [ 109.793580224142289, -7.332816895036363 ], [ 109.793580224142289, -7.332547401683866 ], [ 109.794119210847285, -7.332547401683866 ], [ 109.794119210847285, -7.332277908331368 ], [ 109.79438870419979, -7.332277908331368 ], [ 109.79438870419979, -7.332008414978871 ], [ 109.79465819755228, -7.332008414978871 ], [ 109.79465819755228, -7.331738921626373 ], [ 109.794927690904771, -7.331738921626373 ], [ 109.794927690904771, -7.331199934921379 ], [ 109.795197184257276, -7.331199934921379 ], [ 109.795197184257276, -7.330660948216384 ], [ 109.795466677609767, -7.330660948216384 ], [ 109.795466677609767, -7.329582974806395 ], [ 109.795736170962272, -7.329582974806395 ], [ 109.795736170962272, -7.3290439881014 ], [ 109.796005664314762, -7.3290439881014 ], [ 109.796005664314762, -7.328505001396405 ], [ 109.796275157667267, -7.328505001396405 ], [ 109.796275157667267, -7.327966014691412 ], [ 109.796544651019758, -7.327966014691412 ], [ 109.796544651019758, -7.327427027986417 ], [ 109.796814144372263, -7.327427027986417 ], [ 109.796814144372263, -7.327157534633919 ], [ 109.797083637724754, -7.327157534633919 ], [ 109.797083637724754, -7.326888041281422 ], [ 109.797353131077259, -7.326888041281422 ], [ 109.797353131077259, -7.326618547928924 ], [ 109.797622624429749, -7.326618547928924 ], [ 109.797622624429749, -7.326349054576427 ], [ 109.797892117782254, -7.326349054576427 ], [ 109.797892117782254, -7.32607956122393 ], [ 109.798161611134745, -7.32607956122393 ], [ 109.798161611134745, -7.325271081166438 ], [ 109.798700597839741, -7.325271081166438 ], [ 109.798700597839741, -7.325001587813941 ], [ 109.799239584544736, -7.325001587813941 ], [ 109.799239584544736, -7.324732094461444 ], [ 109.800856544659723, -7.324732094461444 ], [ 109.800856544659723, -7.325001587813941 ], [ 109.801395531364719, -7.325001587813941 ], [ 109.801395531364719, -7.325271081166438 ], [ 109.802742998127201, -7.325271081166438 ], [ 109.802742998127201, -7.325001587813941 ], [ 109.803551478184687, -7.325001587813941 ], [ 109.803551478184687, -7.324732094461444 ], [ 109.805168438299674, -7.324732094461444 ], [ 109.805168438299674, -7.324462601108946 ], [ 109.805437931652179, -7.324462601108946 ], [ 109.805437931652179, -7.324193107756449 ], [ 109.80570742500467, -7.324193107756449 ], [ 109.80570742500467, -7.323923614403951 ], [ 109.806246411709665, -7.323923614403951 ], [ 109.806246411709665, -7.323654121051455 ], [ 109.806785398414661, -7.323654121051455 ], [ 109.806785398414661, -7.323384627698957 ], [ 109.807324385119657, -7.323384627698957 ], [ 109.807324385119657, -7.322845640993963 ], [ 109.807593878472147, -7.322845640993963 ], [ 109.807593878472147, -7.322576147641465 ], [ 109.807863371824652, -7.322576147641465 ], [ 109.807863371824652, -7.322306654288968 ], [ 109.808132865177143, -7.322306654288968 ], [ 109.808132865177143, -7.321767667583973 ], [ 109.808402358529648, -7.321767667583973 ], [ 109.808402358529648, -7.321498174231476 ], [ 109.808671851882139, -7.321498174231476 ], [ 109.808671851882139, -7.318533747354006 ], [ 109.808941345234643, -7.318533747354006 ], [ 109.808941345234643, -7.317994760649011 ], [ 109.809210838587134, -7.317994760649011 ], [ 109.809210838587134, -7.317725267296514 ], [ 109.809480331939639, -7.317725267296514 ], [ 109.809480331939639, -7.317455773944016 ], [ 109.80974982529213, -7.317455773944016 ], [ 109.80974982529213, -7.316377800534027 ], [ 109.810019318644621, -7.316377800534027 ], [ 109.810019318644621, -7.315569320476535 ], [ 109.811905772112112, -7.315569320476535 ], [ 109.811905772112112, -7.315299827124038 ], [ 109.812175265464603, -7.315299827124038 ], [ 109.812175265464603, -7.31503033377154 ], [ 109.812714252169599, -7.31503033377154 ], [ 109.812714252169599, -7.314760840419043 ], [ 109.812983745522104, -7.314760840419043 ], [ 109.812983745522104, -7.314491347066546 ], [ 109.813253238874594, -7.314491347066546 ], [ 109.813253238874594, -7.314221853714049 ], [ 109.81379222557959, -7.314221853714049 ], [ 109.81379222557959, -7.313952360361552 ], [ 109.814331212284586, -7.313952360361552 ], [ 109.814331212284586, -7.313682867009054 ], [ 109.814870198989581, -7.313682867009054 ], [ 109.814870198989581, -7.313413373656557 ], [ 109.815139692342072, -7.313413373656557 ], [ 109.815139692342072, -7.312604893599065 ], [ 109.815409185694577, -7.312604893599065 ], [ 109.815409185694577, -7.310718440131584 ], [ 109.815678679047068, -7.310718440131584 ], [ 109.815678679047068, -7.310179453426589 ], [ 109.815948172399573, -7.310179453426589 ], [ 109.815948172399573, -7.309370973369097 ], [ 109.816217665752063, -7.309370973369097 ], [ 109.816217665752063, -7.3091014800166 ], [ 109.816487159104568, -7.3091014800166 ], [ 109.816487159104568, -7.308562493311605 ], [ 109.816756652457059, -7.308562493311605 ], [ 109.816756652457059, -7.308292999959108 ], [ 109.81702614580955, -7.308292999959108 ], [ 109.81702614580955, -7.30802350660661 ], [ 109.817295639162054, -7.30802350660661 ], [ 109.817295639162054, -7.307754013254113 ], [ 109.817565132514545, -7.307754013254113 ], [ 109.817565132514545, -7.307484519901616 ], [ 109.81783462586705, -7.307484519901616 ], [ 109.81783462586705, -7.307215026549119 ], [ 109.818104119219541, -7.307215026549119 ], [ 109.818104119219541, -7.306676039844124 ], [ 109.818373612572046, -7.306676039844124 ], [ 109.818373612572046, -7.306406546491627 ], [ 109.818912599277041, -7.306406546491627 ], [ 109.818912599277041, -7.306137053139129 ], [ 109.819451585982037, -7.306137053139129 ], [ 109.819451585982037, -7.305059079729141 ], [ 109.819990572687033, -7.305059079729141 ], [ 109.819990572687033, -7.304789586376643 ], [ 109.820529559392028, -7.304789586376643 ], [ 109.820529559392028, -7.304520093024146 ], [ 109.820799052744519, -7.304520093024146 ], [ 109.820799052744519, -7.304250599671648 ], [ 109.82106854609701, -7.304250599671648 ], [ 109.82106854609701, -7.303981106319151 ], [ 109.821607532802005, -7.303981106319151 ], [ 109.821607532802005, -7.303711612966654 ], [ 109.823224492916992, -7.303711612966654 ], [ 109.823224492916992, -7.303442119614156 ], [ 109.823493986269497, -7.303442119614156 ], [ 109.823493986269497, -7.302364146204167 ], [ 109.823763479621988, -7.302364146204167 ], [ 109.823763479621988, -7.30209465285167 ], [ 109.824032972974493, -7.30209465285167 ], [ 109.824032972974493, -7.301825159499173 ], [ 109.824841453031979, -7.301825159499173 ], [ 109.824841453031979, -7.30209465285167 ], [ 109.82511094638447, -7.30209465285167 ], [ 109.82511094638447, -7.301825159499173 ], [ 109.825649933089466, -7.301825159499173 ], [ 109.825649933089466, -7.301555666146675 ], [ 109.825380439736975, -7.301555666146675 ], [ 109.825380439736975, -7.301286172794178 ], [ 109.82511094638447, -7.301286172794178 ], [ 109.82511094638447, -7.300208199384189 ], [ 109.825380439736975, -7.300208199384189 ], [ 109.825380439736975, -7.299130225974199 ], [ 109.826727906499457, -7.299130225974199 ], [ 109.826727906499457, -7.298860732621702 ], [ 109.827536386556957, -7.298860732621702 ], [ 109.827536386556957, -7.298321745916708 ], [ 109.827805879909448, -7.298321745916708 ], [ 109.827805879909448, -7.298052252564211 ], [ 109.828075373261953, -7.298052252564211 ], [ 109.828075373261953, -7.297782759211713 ], [ 109.828344866614444, -7.297782759211713 ], [ 109.828344866614444, -7.297513265859216 ], [ 109.828883853319439, -7.297513265859216 ], [ 109.828883853319439, -7.297782759211713 ], [ 109.829422840024435, -7.297782759211713 ], [ 109.829422840024435, -7.298052252564211 ], [ 109.829961826729431, -7.298052252564211 ], [ 109.829961826729431, -7.298321745916708 ], [ 109.830231320081921, -7.298321745916708 ], [ 109.830231320081921, -7.298052252564211 ], [ 109.830770306786917, -7.298052252564211 ], [ 109.830770306786917, -7.297513265859216 ], [ 109.830500813434426, -7.297513265859216 ], [ 109.830500813434426, -7.297243772506718 ], [ 109.830231320081921, -7.297243772506718 ], [ 109.830231320081921, -7.296704785801724 ], [ 109.830770306786917, -7.296704785801724 ], [ 109.830770306786917, -7.296435292449226 ], [ 109.831309293491913, -7.296435292449226 ], [ 109.831309293491913, -7.296165799096729 ], [ 109.831578786844418, -7.296165799096729 ], [ 109.831578786844418, -7.295896305744232 ], [ 109.831848280196908, -7.295896305744232 ], [ 109.831848280196908, -7.294818332334243 ], [ 109.832387266901904, -7.294818332334243 ], [ 109.832387266901904, -7.29508782568674 ], [ 109.83319574695939, -7.29508782568674 ], [ 109.83319574695939, -7.294818332334243 ], [ 109.833465240311895, -7.294818332334243 ], [ 109.833465240311895, -7.294548838981745 ], [ 109.833734733664386, -7.294548838981745 ], [ 109.833734733664386, -7.293201372219259 ], [ 109.833465240311895, -7.293201372219259 ], [ 109.833465240311895, -7.292662385514264 ], [ 109.833734733664386, -7.292662385514264 ], [ 109.833734733664386, -7.292392892161767 ], [ 109.834273720369382, -7.292392892161767 ], [ 109.834273720369382, -7.292123398809269 ], [ 109.835082200426882, -7.292123398809269 ], [ 109.835082200426882, -7.291853905456772 ], [ 109.835351693779373, -7.291853905456772 ], [ 109.835351693779373, -7.291314918751778 ], [ 109.835621187131878, -7.291314918751778 ], [ 109.835621187131878, -7.290506438694286 ], [ 109.835890680484368, -7.290506438694286 ], [ 109.835890680484368, -7.288889478579302 ], [ 109.835621187131878, -7.288889478579302 ], [ 109.835621187131878, -7.28808099852181 ], [ 109.835890680484368, -7.28808099852181 ], [ 109.835890680484368, -7.287811505169313 ], [ 109.836160173836859, -7.287811505169313 ], [ 109.836160173836859, -7.287542011816815 ], [ 109.83696865389436, -7.287542011816815 ], [ 109.83696865389436, -7.287272518464318 ], [ 109.837507640599355, -7.287272518464318 ], [ 109.837507640599355, -7.287003025111821 ], [ 109.837777133951846, -7.287003025111821 ], [ 109.837777133951846, -7.286733531759324 ], [ 109.838046627304351, -7.286733531759324 ], [ 109.838046627304351, -7.286464038406827 ], [ 109.838316120656842, -7.286464038406827 ], [ 109.838316120656842, -7.286194545054329 ], [ 109.838585614009347, -7.286194545054329 ], [ 109.838585614009347, -7.285925051701832 ], [ 109.839394094066833, -7.285925051701832 ], [ 109.839394094066833, -7.286194545054329 ], [ 109.839663587419324, -7.286194545054329 ], [ 109.839663587419324, -7.286464038406827 ], [ 109.839933080771829, -7.286464038406827 ], [ 109.839933080771829, -7.286194545054329 ], [ 109.840202574124319, -7.286194545054329 ], [ 109.840202574124319, -7.285925051701832 ], [ 109.840472067476824, -7.285925051701832 ], [ 109.840472067476824, -7.284577584939345 ], [ 109.840741560829315, -7.284577584939345 ], [ 109.840741560829315, -7.284308091586848 ], [ 109.84101105418182, -7.284308091586848 ], [ 109.84101105418182, -7.284038598234351 ], [ 109.841280547534311, -7.284038598234351 ], [ 109.841280547534311, -7.283769104881853 ], [ 109.841550040886816, -7.283769104881853 ], [ 109.841550040886816, -7.281613158061875 ], [ 109.841819534239306, -7.281613158061875 ], [ 109.841819534239306, -7.281343664709378 ], [ 109.842897507649297, -7.281343664709378 ], [ 109.842897507649297, -7.28107417135688 ], [ 109.843167001001788, -7.28107417135688 ], [ 109.843167001001788, -7.280804678004383 ], [ 109.843436494354293, -7.280804678004383 ], [ 109.843436494354293, -7.280265691299388 ], [ 109.843167001001788, -7.280265691299388 ], [ 109.843167001001788, -7.279726704594394 ], [ 109.842897507649297, -7.279726704594394 ], [ 109.842897507649297, -7.278648731184404 ], [ 109.842628014296807, -7.278648731184404 ], [ 109.842628014296807, -7.277840251126912 ], [ 109.842358520944302, -7.277840251126912 ], [ 109.842358520944302, -7.277301264421918 ], [ 109.842089027591811, -7.277301264421918 ], [ 109.842089027591811, -7.276492784364426 ], [ 109.841819534239306, -7.276492784364426 ], [ 109.841819534239306, -7.275953797659431 ], [ 109.842089027591811, -7.275953797659431 ], [ 109.842089027591811, -7.275684304306934 ], [ 109.843436494354293, -7.275684304306934 ], [ 109.843436494354293, -7.275414810954437 ], [ 109.843705987706784, -7.275414810954437 ], [ 109.843705987706784, -7.274606330896945 ], [ 109.843436494354293, -7.274606330896945 ], [ 109.843436494354293, -7.274336837544448 ], [ 109.842897507649297, -7.274336837544448 ], [ 109.842897507649297, -7.27406734419195 ], [ 109.842628014296807, -7.27406734419195 ], [ 109.842628014296807, -7.273797850839453 ], [ 109.842089027591811, -7.273797850839453 ], [ 109.842089027591811, -7.273258864134458 ], [ 109.841819534239306, -7.273258864134458 ], [ 109.841819534239306, -7.272989370781961 ], [ 109.841550040886816, -7.272989370781961 ], [ 109.841550040886816, -7.272719877429464 ], [ 109.841819534239306, -7.272719877429464 ], [ 109.841819534239306, -7.272450384076967 ], [ 109.842089027591811, -7.272450384076967 ], [ 109.842089027591811, -7.272180890724469 ], [ 109.842628014296807, -7.272180890724469 ], [ 109.842628014296807, -7.271372410666977 ], [ 109.842897507649297, -7.271372410666977 ], [ 109.842897507649297, -7.27110291731448 ], [ 109.843167001001788, -7.27110291731448 ], [ 109.843167001001788, -7.271372410666977 ], [ 109.843705987706784, -7.271372410666977 ], [ 109.843705987706784, -7.270833423961983 ], [ 109.843975481059289, -7.270833423961983 ], [ 109.843975481059289, -7.270563930609486 ], [ 109.844244974411779, -7.270563930609486 ], [ 109.844244974411779, -7.270294437256988 ], [ 109.844783961116775, -7.270294437256988 ], [ 109.844783961116775, -7.270024943904491 ], [ 109.84505345446928, -7.270024943904491 ], [ 109.84505345446928, -7.269485957199496 ], [ 109.845322947821771, -7.269485957199496 ], [ 109.845322947821771, -7.268946970494501 ], [ 109.845592441174276, -7.268946970494501 ], [ 109.845592441174276, -7.26813849043701 ], [ 109.845322947821771, -7.26813849043701 ], [ 109.845322947821771, -7.267330010379518 ], [ 109.845592441174276, -7.267330010379518 ], [ 109.845592441174276, -7.26706051702702 ], [ 109.845861934526766, -7.26706051702702 ], [ 109.845861934526766, -7.266521530322025 ], [ 109.846131427879271, -7.266521530322025 ], [ 109.846131427879271, -7.265713050264534 ], [ 109.846400921231762, -7.265713050264534 ], [ 109.846400921231762, -7.264904570207042 ], [ 109.846670414584267, -7.264904570207042 ], [ 109.846670414584267, -7.263826596797053 ], [ 109.846939907936758, -7.263826596797053 ], [ 109.846939907936758, -7.263018116739561 ], [ 109.847209401289248, -7.263018116739561 ], [ 109.847209401289248, -7.261940143329571 ], [ 109.847478894641753, -7.261940143329571 ], [ 109.847478894641753, -7.261670649977074 ], [ 109.847748387994244, -7.261670649977074 ], [ 109.847748387994244, -7.261401156624577 ], [ 109.848017881346749, -7.261401156624577 ], [ 109.848017881346749, -7.260862169919582 ], [ 109.84828737469924, -7.260862169919582 ], [ 109.84828737469924, -7.260592676567085 ], [ 109.848556868051745, -7.260592676567085 ], [ 109.848556868051745, -7.26005368986209 ], [ 109.848826361404235, -7.26005368986209 ], [ 109.848826361404235, -7.259245209804599 ], [ 109.84909585475674, -7.259245209804599 ], [ 109.84909585475674, -7.257897743042112 ], [ 109.849365348109231, -7.257897743042112 ], [ 109.849365348109231, -7.25708926298462 ], [ 109.849634841461736, -7.25708926298462 ], [ 109.849634841461736, -7.256819769632123 ], [ 109.849904334814227, -7.256819769632123 ], [ 109.849904334814227, -7.256280782927128 ], [ 109.850173828166731, -7.256280782927128 ], [ 109.850173828166731, -7.255741796222133 ], [ 109.849904334814227, -7.255741796222133 ], [ 109.849904334814227, -7.255472302869636 ], [ 109.850173828166731, -7.255472302869636 ], [ 109.850173828166731, -7.255202809517139 ], [ 109.850443321519222, -7.255202809517139 ], [ 109.850443321519222, -7.253316356049658 ], [ 109.850173828166731, -7.253316356049658 ], [ 109.850173828166731, -7.25304686269716 ], [ 109.849904334814227, -7.25304686269716 ], [ 109.849904334814227, -7.251699395934674 ], [ 109.849634841461736, -7.251699395934674 ], [ 109.849634841461736, -7.251429902582177 ], [ 109.849904334814227, -7.251429902582177 ], [ 109.849904334814227, -7.251160409229679 ], [ 109.850173828166731, -7.251160409229679 ], [ 109.850173828166731, -7.250890915877182 ], [ 109.850712814871713, -7.250890915877182 ], [ 109.850712814871713, -7.251160409229679 ], [ 109.852599268339205, -7.251160409229679 ], [ 109.852599268339205, -7.250621422524684 ], [ 109.852868761691695, -7.250621422524684 ], [ 109.852868761691695, -7.250351929172187 ], [ 109.852599268339205, -7.250351929172187 ], [ 109.852599268339205, -7.249812942467193 ], [ 109.8523297749867, -7.249812942467193 ], [ 109.8523297749867, -7.249273955762198 ], [ 109.852060281634209, -7.249273955762198 ], [ 109.852060281634209, -7.248734969057203 ], [ 109.851790788281704, -7.248734969057203 ], [ 109.851790788281704, -7.248195982352209 ], [ 109.851521294929213, -7.248195982352209 ], [ 109.851521294929213, -7.247387502294717 ], [ 109.851790788281704, -7.247387502294717 ], [ 109.851790788281704, -7.246848515589723 ], [ 109.852060281634209, -7.246848515589723 ], [ 109.852060281634209, -7.246309528884728 ], [ 109.8523297749867, -7.246309528884728 ], [ 109.8523297749867, -7.24604003553223 ], [ 109.852599268339205, -7.24604003553223 ], [ 109.852599268339205, -7.245770542179733 ], [ 109.8531382550442, -7.245770542179733 ], [ 109.8531382550442, -7.244962062122242 ], [ 109.852868761691695, -7.244962062122242 ], [ 109.852868761691695, -7.244153582064749 ], [ 109.8531382550442, -7.244153582064749 ], [ 109.8531382550442, -7.243884088712252 ], [ 109.853407748396691, -7.243884088712252 ], [ 109.853407748396691, -7.243614595359754 ], [ 109.855024708511678, -7.243614595359754 ], [ 109.855024708511678, -7.243345102007257 ], [ 109.855294201864169, -7.243345102007257 ], [ 109.855294201864169, -7.243075608654761 ], [ 109.855563695216674, -7.243075608654761 ], [ 109.855563695216674, -7.242806115302263 ], [ 109.855833188569164, -7.242806115302263 ], [ 109.855833188569164, -7.241997635244771 ], [ 109.855563695216674, -7.241997635244771 ], [ 109.855563695216674, -7.241728141892274 ], [ 109.855294201864169, -7.241728141892274 ], [ 109.855294201864169, -7.241458648539776 ], [ 109.855024708511678, -7.241458648539776 ], [ 109.855024708511678, -7.241189155187279 ], [ 109.854755215159173, -7.241189155187279 ], [ 109.854755215159173, -7.240919661834782 ], [ 109.854485721806682, -7.240919661834782 ], [ 109.854485721806682, -7.24011118177729 ], [ 109.854216228454192, -7.24011118177729 ], [ 109.854216228454192, -7.239841688424793 ], [ 109.854485721806682, -7.239841688424793 ], [ 109.854485721806682, -7.239302701719798 ], [ 109.855833188569164, -7.239302701719798 ], [ 109.855833188569164, -7.239572195072295 ], [ 109.85637217527416, -7.239572195072295 ], [ 109.85637217527416, -7.239841688424793 ], [ 109.856641668626665, -7.239841688424793 ], [ 109.856641668626665, -7.239572195072295 ], [ 109.857180655331661, -7.239572195072295 ], [ 109.857180655331661, -7.239302701719798 ], [ 109.857450148684151, -7.239302701719798 ], [ 109.857450148684151, -7.238763715014803 ], [ 109.857719642036656, -7.238763715014803 ], [ 109.857719642036656, -7.237685741604814 ], [ 109.857450148684151, -7.237685741604814 ], [ 109.857450148684151, -7.236607768194824 ], [ 109.857719642036656, -7.236607768194824 ], [ 109.857719642036656, -7.236338274842328 ], [ 109.859336602151629, -7.236338274842328 ], [ 109.859336602151629, -7.236068781489831 ], [ 109.859875588856625, -7.236068781489831 ], [ 109.859875588856625, -7.235799288137333 ], [ 109.860684068914125, -7.235799288137333 ], [ 109.860684068914125, -7.235529794784836 ], [ 109.860953562266616, -7.235529794784836 ], [ 109.860953562266616, -7.234721314727344 ], [ 109.861223055619121, -7.234721314727344 ], [ 109.861223055619121, -7.234451821374846 ], [ 109.861492548971611, -7.234451821374846 ], [ 109.861492548971611, -7.234182328022349 ], [ 109.861762042324116, -7.234182328022349 ], [ 109.861762042324116, -7.233373847964857 ], [ 109.862031535676607, -7.233373847964857 ], [ 109.862031535676607, -7.232565367907365 ], [ 109.861762042324116, -7.232565367907365 ], [ 109.861762042324116, -7.232295874554868 ], [ 109.861492548971611, -7.232295874554868 ], [ 109.861492548971611, -7.23202638120237 ], [ 109.860953562266616, -7.23202638120237 ], [ 109.860953562266616, -7.231756887849873 ], [ 109.860684068914125, -7.231756887849873 ], [ 109.860684068914125, -7.231487394497376 ], [ 109.86041457556162, -7.231487394497376 ], [ 109.86041457556162, -7.231217901144879 ], [ 109.860684068914125, -7.231217901144879 ], [ 109.860684068914125, -7.230948407792382 ], [ 109.861492548971611, -7.230948407792382 ], [ 109.861492548971611, -7.230678914439884 ], [ 109.862570522381603, -7.230678914439884 ], [ 109.862570522381603, -7.230409421087387 ], [ 109.862840015734093, -7.230409421087387 ], [ 109.862840015734093, -7.229870434382392 ], [ 109.863109509086598, -7.229870434382392 ], [ 109.863109509086598, -7.229331447677398 ], [ 109.864726469201585, -7.229331447677398 ], [ 109.864726469201585, -7.229600941029895 ], [ 109.865534949259072, -7.229600941029895 ], [ 109.865534949259072, -7.229331447677398 ], [ 109.866343429316558, -7.229331447677398 ], [ 109.866343429316558, -7.228522967619906 ], [ 109.866073935964067, -7.228522967619906 ], [ 109.866073935964067, -7.228253474267408 ], [ 109.865804442611562, -7.228253474267408 ], [ 109.865804442611562, -7.227714487562414 ], [ 109.866612922669063, -7.227714487562414 ], [ 109.866612922669063, -7.227444994209916 ], [ 109.866882416021554, -7.227444994209916 ], [ 109.866882416021554, -7.227714487562414 ], [ 109.867690896079054, -7.227714487562414 ], [ 109.867690896079054, -7.227983980914911 ], [ 109.869307856194041, -7.227983980914911 ], [ 109.869307856194041, -7.227714487562414 ], [ 109.870116336251527, -7.227714487562414 ], [ 109.870116336251527, -7.227444994209916 ], [ 109.870385829604018, -7.227444994209916 ], [ 109.870385829604018, -7.227175500857419 ], [ 109.870655322956523, -7.227175500857419 ], [ 109.870655322956523, -7.226636514152425 ], [ 109.870924816309014, -7.226636514152425 ], [ 109.870924816309014, -7.226367020799927 ], [ 109.871194309661519, -7.226367020799927 ], [ 109.871194309661519, -7.22609752744743 ], [ 109.872811269776506, -7.22609752744743 ], [ 109.872811269776506, -7.225828034094933 ], [ 109.873619749833992, -7.225828034094933 ], [ 109.873619749833992, -7.225558540742435 ], [ 109.874428229891478, -7.225558540742435 ], [ 109.874428229891478, -7.225289047389938 ], [ 109.875775696653974, -7.225289047389938 ], [ 109.875775696653974, -7.225558540742435 ], [ 109.876584176711461, -7.225558540742435 ], [ 109.876584176711461, -7.225828034094933 ], [ 109.877392656768947, -7.225828034094933 ], [ 109.877392656768947, -7.22609752744743 ], [ 109.877931643473943, -7.22609752744743 ], [ 109.877931643473943, -7.225828034094933 ], [ 109.878201136826448, -7.225828034094933 ], [ 109.878201136826448, -7.225558540742435 ], [ 109.878470630178938, -7.225558540742435 ], [ 109.878470630178938, -7.225289047389938 ], [ 109.878740123531443, -7.225289047389938 ], [ 109.878740123531443, -7.225558540742435 ], [ 109.87954860358893, -7.225558540742435 ], [ 109.87954860358893, -7.225289047389938 ], [ 109.880087590293925, -7.225289047389938 ], [ 109.880087590293925, -7.22501955403744 ], [ 109.88035708364643, -7.22501955403744 ], [ 109.88035708364643, -7.224750060684944 ], [ 109.881435057056407, -7.224750060684944 ], [ 109.881435057056407, -7.22501955403744 ], [ 109.881704550408912, -7.22501955403744 ], [ 109.881704550408912, -7.225289047389938 ], [ 109.881974043761403, -7.225289047389938 ], [ 109.881974043761403, -7.225558540742435 ], [ 109.882782523818904, -7.225558540742435 ], [ 109.882782523818904, -7.225289047389938 ], [ 109.883321510523899, -7.225289047389938 ], [ 109.883321510523899, -7.225558540742435 ], [ 109.884938470638872, -7.225558540742435 ], [ 109.884938470638872, -7.225289047389938 ], [ 109.886824924106364, -7.225289047389938 ], [ 109.886824924106364, -7.22501955403744 ], [ 109.887363910811359, -7.22501955403744 ], [ 109.887363910811359, -7.224750060684944 ], [ 109.887902897516355, -7.224750060684944 ], [ 109.887902897516355, -7.224480567332446 ], [ 109.888441884221336, -7.224480567332446 ], [ 109.888441884221336, -7.224211073979949 ], [ 109.888711377573841, -7.224211073979949 ], [ 109.888711377573841, -7.223941580627452 ], [ 109.888980870926332, -7.223941580627452 ], [ 109.888980870926332, -7.223672087274954 ], [ 109.893023271213792, -7.223672087274954 ], [ 109.893023271213792, -7.223941580627452 ], [ 109.896526684796257, -7.223941580627452 ], [ 109.896526684796257, -7.223672087274954 ], [ 109.897874151558753, -7.223672087274954 ], [ 109.897874151558753, -7.223402593922457 ], [ 109.898143644911244, -7.223402593922457 ], [ 109.898143644911244, -7.223133100569959 ], [ 109.898413138263749, -7.223133100569959 ], [ 109.898413138263749, -7.222863607217462 ], [ 109.898682631616239, -7.222863607217462 ], [ 109.898682631616239, -7.223133100569959 ], [ 109.899221618321235, -7.223133100569959 ], [ 109.899221618321235, -7.223402593922457 ], [ 109.899491111673726, -7.223402593922457 ], [ 109.899491111673726, -7.223133100569959 ], [ 109.900030098378721, -7.223133100569959 ], [ 109.900030098378721, -7.222863607217462 ], [ 109.900299591731226, -7.222863607217462 ], [ 109.900299591731226, -7.222594113864965 ], [ 109.901108071788713, -7.222594113864965 ], [ 109.901108071788713, -7.222324620512468 ], [ 109.901377565141217, -7.222324620512468 ], [ 109.901377565141217, -7.222055127159971 ], [ 109.901647058493708, -7.222055127159971 ], [ 109.901647058493708, -7.221785633807473 ], [ 109.902186045198704, -7.221785633807473 ], [ 109.902186045198704, -7.221516140454976 ], [ 109.904072498666181, -7.221516140454976 ], [ 109.904072498666181, -7.221785633807473 ], [ 109.905150472076173, -7.221785633807473 ], [ 109.905150472076173, -7.222055127159971 ], [ 109.905689458781168, -7.222055127159971 ], [ 109.905689458781168, -7.221785633807473 ], [ 109.90676743219116, -7.221785633807473 ], [ 109.90676743219116, -7.221516140454976 ], [ 109.90703692554365, -7.221516140454976 ], [ 109.90703692554365, -7.220707660397484 ], [ 109.907306418896155, -7.220707660397484 ], [ 109.907306418896155, -7.219629686987495 ], [ 109.907575912248646, -7.219629686987495 ], [ 109.907575912248646, -7.2190907002825 ], [ 109.907845405601151, -7.2190907002825 ], [ 109.907845405601151, -7.218821206930003 ], [ 109.908384392306147, -7.218821206930003 ], [ 109.908384392306147, -7.218551713577505 ], [ 109.908923379011142, -7.218551713577505 ], [ 109.908923379011142, -7.218282220225008 ], [ 109.909192872363633, -7.218282220225008 ], [ 109.909192872363633, -7.21801272687251 ], [ 109.909462365716138, -7.21801272687251 ], [ 109.909462365716138, -7.217743233520014 ], [ 109.909731859068629, -7.217743233520014 ], [ 109.909731859068629, -7.216665260110024 ], [ 109.910001352421133, -7.216665260110024 ], [ 109.910001352421133, -7.216395766757527 ], [ 109.910270845773624, -7.216395766757527 ], [ 109.910270845773624, -7.216126273405029 ], [ 109.910540339126115, -7.216126273405029 ], [ 109.910540339126115, -7.215856780052532 ], [ 109.911079325831111, -7.215856780052532 ], [ 109.911079325831111, -7.215587286700035 ], [ 109.912157299241102, -7.215587286700035 ], [ 109.912157299241102, -7.213970326585051 ], [ 109.911887805888611, -7.213970326585051 ], [ 109.911887805888611, -7.212892353175062 ], [ 109.911618312536106, -7.212892353175062 ], [ 109.911618312536106, -7.212353366470067 ], [ 109.911348819183615, -7.212353366470067 ], [ 109.911348819183615, -7.211275393060078 ], [ 109.911079325831111, -7.211275393060078 ], [ 109.911079325831111, -7.210466913002587 ], [ 109.91080983247862, -7.210466913002587 ], [ 109.91080983247862, -7.209927926297592 ], [ 109.910540339126115, -7.209927926297592 ], [ 109.910540339126115, -7.209388939592597 ], [ 109.910270845773624, -7.209388939592597 ], [ 109.910270845773624, -7.208580459535106 ], [ 109.910001352421133, -7.208580459535106 ], [ 109.910001352421133, -7.208310966182608 ], [ 109.909731859068629, -7.208310966182608 ], [ 109.909731859068629, -7.207502486125116 ], [ 109.909462365716138, -7.207502486125116 ], [ 109.909462365716138, -7.205616032657635 ], [ 109.909731859068629, -7.205616032657635 ], [ 109.909731859068629, -7.204807552600143 ], [ 109.910001352421133, -7.204807552600143 ], [ 109.910001352421133, -7.204538059247645 ], [ 109.910270845773624, -7.204538059247645 ], [ 109.910270845773624, -7.204268565895148 ], [ 109.910540339126115, -7.204268565895148 ], [ 109.910540339126115, -7.203999072542651 ], [ 109.91080983247862, -7.203999072542651 ], [ 109.91080983247862, -7.203729579190154 ], [ 109.911079325831111, -7.203729579190154 ], [ 109.911079325831111, -7.203460085837657 ], [ 109.911348819183615, -7.203460085837657 ], [ 109.911348819183615, -7.201304139017678 ], [ 109.911079325831111, -7.201304139017678 ], [ 109.911079325831111, -7.201034645665181 ], [ 109.91080983247862, -7.201034645665181 ], [ 109.91080983247862, -7.199956672255191 ], [ 109.911348819183615, -7.199956672255191 ], [ 109.911348819183615, -7.199687178902694 ], [ 109.911887805888611, -7.199687178902694 ], [ 109.911887805888611, -7.199417685550197 ], [ 109.914043752708594, -7.199417685550197 ], [ 109.914043752708594, -7.197531232082715 ], [ 109.914313246061084, -7.197531232082715 ], [ 109.914313246061084, -7.196992245377721 ], [ 109.914582739413575, -7.196992245377721 ], [ 109.914582739413575, -7.196183765320229 ], [ 109.91485223276608, -7.196183765320229 ], [ 109.91485223276608, -7.195644778615234 ], [ 109.915121726118571, -7.195644778615234 ], [ 109.915121726118571, -7.195375285262737 ], [ 109.915391219471076, -7.195375285262737 ], [ 109.915391219471076, -7.194836298557743 ], [ 109.915930206176071, -7.194836298557743 ], [ 109.915930206176071, -7.194566805205246 ], [ 109.916199699528562, -7.194566805205246 ], [ 109.916199699528562, -7.194297311852748 ], [ 109.916738686233558, -7.194297311852748 ], [ 109.916738686233558, -7.194027818500251 ], [ 109.917008179586063, -7.194027818500251 ], [ 109.917008179586063, -7.193758325147753 ], [ 109.917277672938553, -7.193758325147753 ], [ 109.917277672938553, -7.193488831795256 ], [ 109.917547166291058, -7.193488831795256 ], [ 109.917547166291058, -7.192680351737764 ], [ 109.917277672938553, -7.192680351737764 ], [ 109.917277672938553, -7.19106339162278 ], [ 109.917008179586063, -7.19106339162278 ], [ 109.917008179586063, -7.191602378327775 ], [ 109.916738686233558, -7.191602378327775 ], [ 109.916738686233558, -7.191871871680272 ], [ 109.916199699528562, -7.191871871680272 ], [ 109.916199699528562, -7.19214136503277 ], [ 109.915660712823566, -7.19214136503277 ], [ 109.915660712823566, -7.192410858385267 ], [ 109.915121726118571, -7.192410858385267 ], [ 109.915121726118571, -7.192680351737764 ], [ 109.91485223276608, -7.192680351737764 ], [ 109.91485223276608, -7.192949845090261 ], [ 109.914043752708594, -7.192949845090261 ], [ 109.914043752708594, -7.193219338442759 ], [ 109.913774259356089, -7.193219338442759 ], [ 109.913774259356089, -7.194027818500251 ], [ 109.913504766003598, -7.194027818500251 ], [ 109.913504766003598, -7.194297311852748 ], [ 109.912696285946097, -7.194297311852748 ], [ 109.912696285946097, -7.194566805205246 ], [ 109.912426792593607, -7.194566805205246 ], [ 109.912426792593607, -7.194836298557743 ], [ 109.912157299241102, -7.194836298557743 ], [ 109.912157299241102, -7.195105791910239 ], [ 109.911887805888611, -7.195105791910239 ], [ 109.911887805888611, -7.195375285262737 ], [ 109.910270845773624, -7.195375285262737 ], [ 109.910270845773624, -7.195105791910239 ], [ 109.909462365716138, -7.195105791910239 ], [ 109.909462365716138, -7.195375285262737 ], [ 109.908923379011142, -7.195375285262737 ], [ 109.908923379011142, -7.195644778615234 ], [ 109.908384392306147, -7.195644778615234 ], [ 109.908384392306147, -7.195914271967732 ], [ 109.907575912248646, -7.195914271967732 ], [ 109.907575912248646, -7.196183765320229 ], [ 109.90703692554365, -7.196183765320229 ], [ 109.90703692554365, -7.196453258672727 ], [ 109.905150472076173, -7.196453258672727 ], [ 109.905150472076173, -7.196183765320229 ], [ 109.904341992018686, -7.196183765320229 ], [ 109.904341992018686, -7.195914271967732 ], [ 109.903803005313691, -7.195914271967732 ], [ 109.903803005313691, -7.195644778615234 ], [ 109.903533511961186, -7.195644778615234 ], [ 109.903533511961186, -7.195375285262737 ], [ 109.903264018608695, -7.195375285262737 ], [ 109.903264018608695, -7.195105791910239 ], [ 109.90299452525619, -7.195105791910239 ], [ 109.90299452525619, -7.194836298557743 ], [ 109.901377565141217, -7.194836298557743 ], [ 109.901377565141217, -7.194566805205246 ], [ 109.900838578436222, -7.194566805205246 ], [ 109.900838578436222, -7.193488831795256 ], [ 109.900569085083717, -7.193488831795256 ], [ 109.900569085083717, -7.192949845090261 ], [ 109.900030098378721, -7.192949845090261 ], [ 109.900030098378721, -7.192680351737764 ], [ 109.899760605026231, -7.192680351737764 ], [ 109.899760605026231, -7.192410858385267 ], [ 109.899491111673726, -7.192410858385267 ], [ 109.899491111673726, -7.191602378327775 ], [ 109.899221618321235, -7.191602378327775 ], [ 109.899221618321235, -7.190254911565289 ], [ 109.898952124968744, -7.190254911565289 ], [ 109.898952124968744, -7.189985418212791 ], [ 109.898682631616239, -7.189985418212791 ], [ 109.898682631616239, -7.189715924860294 ], [ 109.898143644911244, -7.189715924860294 ], [ 109.898143644911244, -7.189446431507797 ], [ 109.897874151558753, -7.189446431507797 ], [ 109.897874151558753, -7.189176938155299 ], [ 109.897604658206248, -7.189176938155299 ], [ 109.897604658206248, -7.188907444802802 ], [ 109.897335164853757, -7.188907444802802 ], [ 109.897335164853757, -7.188368458097807 ], [ 109.897065671501252, -7.188368458097807 ], [ 109.897065671501252, -7.18809896474531 ], [ 109.896796178148762, -7.18809896474531 ], [ 109.896796178148762, -7.187829471392813 ], [ 109.896526684796257, -7.187829471392813 ], [ 109.896526684796257, -7.187290484687818 ], [ 109.895987698091261, -7.187290484687818 ], [ 109.895987698091261, -7.187020991335321 ], [ 109.89544871138628, -7.187020991335321 ], [ 109.89544871138628, -7.186751497982823 ], [ 109.894909724681284, -7.186751497982823 ], [ 109.894909724681284, -7.186482004630326 ], [ 109.894640231328779, -7.186482004630326 ], [ 109.894640231328779, -7.186212511277829 ], [ 109.894370737976288, -7.186212511277829 ], [ 109.894370737976288, -7.185943017925331 ], [ 109.894101244623783, -7.185943017925331 ], [ 109.894101244623783, -7.185404031220337 ], [ 109.893831751271293, -7.185404031220337 ], [ 109.893831751271293, -7.184865044515342 ], [ 109.893562257918788, -7.184865044515342 ], [ 109.893562257918788, -7.184326057810348 ], [ 109.893292764566297, -7.184326057810348 ], [ 109.893292764566297, -7.18405656445785 ], [ 109.893023271213792, -7.18405656445785 ], [ 109.893023271213792, -7.183787071105353 ], [ 109.892753777861302, -7.183787071105353 ], [ 109.892753777861302, -7.183248084400359 ], [ 109.892484284508797, -7.183248084400359 ], [ 109.892484284508797, -7.182978591047862 ], [ 109.89167580445131, -7.182978591047862 ], [ 109.89167580445131, -7.182439604342867 ], [ 109.89140631109882, -7.182439604342867 ], [ 109.89140631109882, -7.182170110990369 ], [ 109.891136817746315, -7.182170110990369 ], [ 109.891136817746315, -7.181900617637872 ], [ 109.890867324393824, -7.181900617637872 ], [ 109.890867324393824, -7.181631124285374 ], [ 109.890058844336323, -7.181631124285374 ], [ 109.890058844336323, -7.181900617637872 ], [ 109.889519857631328, -7.181900617637872 ], [ 109.889519857631328, -7.181631124285374 ], [ 109.889250364278837, -7.181631124285374 ], [ 109.889250364278837, -7.18109213758038 ], [ 109.888980870926332, -7.18109213758038 ], [ 109.888980870926332, -7.180822644227883 ], [ 109.888441884221336, -7.180822644227883 ], [ 109.888441884221336, -7.180553150875386 ], [ 109.887902897516355, -7.180553150875386 ], [ 109.887902897516355, -7.180283657522888 ], [ 109.887363910811359, -7.180283657522888 ], [ 109.887363910811359, -7.180014164170391 ], [ 109.887094417458854, -7.180014164170391 ], [ 109.887094417458854, -7.179205684112899 ], [ 109.886824924106364, -7.179205684112899 ], [ 109.886824924106364, -7.178936190760401 ], [ 109.886285937401368, -7.178936190760401 ], [ 109.886285937401368, -7.180822644227883 ], [ 109.886016444048863, -7.180822644227883 ], [ 109.886016444048863, -7.181361630932877 ], [ 109.885746950696372, -7.181361630932877 ], [ 109.885746950696372, -7.181631124285374 ], [ 109.885207963991377, -7.181631124285374 ], [ 109.885207963991377, -7.182170110990369 ], [ 109.884938470638872, -7.182170110990369 ], [ 109.884938470638872, -7.182439604342867 ], [ 109.884668977286381, -7.182439604342867 ], [ 109.884668977286381, -7.182709097695364 ], [ 109.884399483933876, -7.182709097695364 ], [ 109.884399483933876, -7.182978591047862 ], [ 109.884129990581386, -7.182978591047862 ], [ 109.884129990581386, -7.183248084400359 ], [ 109.883860497228895, -7.183248084400359 ], [ 109.883860497228895, -7.183787071105353 ], [ 109.883321510523899, -7.183787071105353 ], [ 109.883321510523899, -7.18405656445785 ], [ 109.881974043761403, -7.18405656445785 ], [ 109.881974043761403, -7.184326057810348 ], [ 109.881435057056407, -7.184326057810348 ], [ 109.881435057056407, -7.184595551162845 ], [ 109.881165563703917, -7.184595551162845 ], [ 109.881165563703917, -7.18513453786784 ], [ 109.881435057056407, -7.18513453786784 ], [ 109.881435057056407, -7.185673524572834 ], [ 109.881704550408912, -7.185673524572834 ], [ 109.881704550408912, -7.187020991335321 ], [ 109.881974043761403, -7.187020991335321 ], [ 109.881974043761403, -7.188368458097807 ], [ 109.881704550408912, -7.188368458097807 ], [ 109.881704550408912, -7.188907444802802 ], [ 109.881165563703917, -7.188907444802802 ], [ 109.881165563703917, -7.189176938155299 ], [ 109.880896070351412, -7.189176938155299 ], [ 109.880896070351412, -7.189446431507797 ], [ 109.880087590293925, -7.189446431507797 ], [ 109.880087590293925, -7.189715924860294 ], [ 109.879818096941435, -7.189715924860294 ], [ 109.879818096941435, -7.189985418212791 ], [ 109.879279110236439, -7.189985418212791 ], [ 109.879279110236439, -7.190254911565289 ], [ 109.878470630178938, -7.190254911565289 ], [ 109.878470630178938, -7.190524404917785 ], [ 109.877662150121452, -7.190524404917785 ], [ 109.877662150121452, -7.190793898270283 ], [ 109.877392656768947, -7.190793898270283 ], [ 109.877392656768947, -7.19106339162278 ], [ 109.876853670063952, -7.19106339162278 ], [ 109.876853670063952, -7.190793898270283 ], [ 109.876584176711461, -7.190793898270283 ], [ 109.876584176711461, -7.190254911565289 ], [ 109.87631468335897, -7.190254911565289 ], [ 109.87631468335897, -7.189985418212791 ], [ 109.876045190006465, -7.189985418212791 ], [ 109.876045190006465, -7.189446431507797 ], [ 109.875775696653974, -7.189446431507797 ], [ 109.875775696653974, -7.188907444802802 ], [ 109.87550620330147, -7.188907444802802 ], [ 109.87550620330147, -7.188368458097807 ], [ 109.875236709948979, -7.188368458097807 ], [ 109.875236709948979, -7.18809896474531 ], [ 109.874967216596474, -7.18809896474531 ], [ 109.874967216596474, -7.187829471392813 ], [ 109.874697723243983, -7.187829471392813 ], [ 109.874697723243983, -7.187559978040316 ], [ 109.874428229891478, -7.187559978040316 ], [ 109.874428229891478, -7.187290484687818 ], [ 109.874158736538988, -7.187290484687818 ], [ 109.874158736538988, -7.187020991335321 ], [ 109.873889243186483, -7.187020991335321 ], [ 109.873889243186483, -7.186751497982823 ], [ 109.873619749833992, -7.186751497982823 ], [ 109.873619749833992, -7.186212511277829 ], [ 109.873350256481487, -7.186212511277829 ], [ 109.873350256481487, -7.185943017925331 ], [ 109.873080763128996, -7.185943017925331 ], [ 109.873080763128996, -7.185404031220337 ], [ 109.87227228307151, -7.185404031220337 ], [ 109.87227228307151, -7.18513453786784 ], [ 109.871463803014009, -7.18513453786784 ], [ 109.871463803014009, -7.184865044515342 ], [ 109.869577349546532, -7.184865044515342 ], [ 109.869577349546532, -7.184595551162845 ], [ 109.869038362841536, -7.184595551162845 ], [ 109.869038362841536, -7.184326057810348 ], [ 109.86849937613654, -7.184326057810348 ], [ 109.86849937613654, -7.18405656445785 ], [ 109.867960389431545, -7.18405656445785 ], [ 109.867960389431545, -7.183787071105353 ], [ 109.867690896079054, -7.183787071105353 ], [ 109.867690896079054, -7.183248084400359 ], [ 109.867421402726549, -7.183248084400359 ], [ 109.867421402726549, -7.182709097695364 ], [ 109.867151909374059, -7.182709097695364 ], [ 109.867151909374059, -7.181631124285374 ], [ 109.866882416021554, -7.181631124285374 ], [ 109.866882416021554, -7.179744670817893 ], [ 109.866612922669063, -7.179744670817893 ], [ 109.866612922669063, -7.179205684112899 ], [ 109.866343429316558, -7.179205684112899 ], [ 109.866343429316558, -7.178936190760401 ], [ 109.866073935964067, -7.178936190760401 ], [ 109.866073935964067, -7.178397204055407 ], [ 109.865804442611562, -7.178397204055407 ], [ 109.865804442611562, -7.17812771070291 ], [ 109.865534949259072, -7.17812771070291 ], [ 109.865534949259072, -7.177858217350412 ], [ 109.864995962554076, -7.177858217350412 ], [ 109.864995962554076, -7.177588723997915 ], [ 109.86445697584908, -7.177588723997915 ], [ 109.86445697584908, -7.177319230645418 ], [ 109.861223055619121, -7.177319230645418 ], [ 109.861223055619121, -7.17704973729292 ], [ 109.857989135389147, -7.17704973729292 ], [ 109.857989135389147, -7.177319230645418 ], [ 109.857719642036656, -7.177319230645418 ], [ 109.857719642036656, -7.177588723997915 ], [ 109.857450148684151, -7.177588723997915 ], [ 109.857450148684151, -7.17812771070291 ], [ 109.857180655331661, -7.17812771070291 ], [ 109.857180655331661, -7.178397204055407 ], [ 109.856641668626665, -7.178397204055407 ], [ 109.856641668626665, -7.178666697407905 ], [ 109.851790788281704, -7.178666697407905 ], [ 109.851790788281704, -7.178936190760401 ], [ 109.851521294929213, -7.178936190760401 ], [ 109.851521294929213, -7.179205684112899 ], [ 109.851251801576709, -7.179205684112899 ], [ 109.851251801576709, -7.179475177465396 ], [ 109.850982308224218, -7.179475177465396 ], [ 109.850982308224218, -7.180283657522888 ], [ 109.850712814871713, -7.180283657522888 ], [ 109.850712814871713, -7.181361630932877 ], [ 109.850443321519222, -7.181361630932877 ], [ 109.850443321519222, -7.182439604342867 ], [ 109.850173828166731, -7.182439604342867 ], [ 109.850173828166731, -7.183248084400359 ], [ 109.849904334814227, -7.183248084400359 ], [ 109.849904334814227, -7.184326057810348 ], [ 109.849634841461736, -7.184326057810348 ], [ 109.849634841461736, -7.18513453786784 ], [ 109.849365348109231, -7.18513453786784 ], [ 109.849365348109231, -7.185673524572834 ], [ 109.84909585475674, -7.185673524572834 ], [ 109.84909585475674, -7.186212511277829 ], [ 109.848556868051745, -7.186212511277829 ], [ 109.848556868051745, -7.186482004630326 ], [ 109.848017881346749, -7.186482004630326 ], [ 109.848017881346749, -7.186751497982823 ], [ 109.847209401289248, -7.186751497982823 ], [ 109.847209401289248, -7.187020991335321 ], [ 109.842628014296807, -7.187020991335321 ], [ 109.842628014296807, -7.187290484687818 ], [ 109.842358520944302, -7.187290484687818 ], [ 109.842358520944302, -7.187559978040316 ], [ 109.841819534239306, -7.187559978040316 ], [ 109.841819534239306, -7.187829471392813 ], [ 109.841550040886816, -7.187829471392813 ], [ 109.841550040886816, -7.18809896474531 ], [ 109.841280547534311, -7.18809896474531 ], [ 109.841280547534311, -7.188368458097807 ], [ 109.84101105418182, -7.188368458097807 ], [ 109.84101105418182, -7.188907444802802 ], [ 109.840741560829315, -7.188907444802802 ], [ 109.840741560829315, -7.189446431507797 ], [ 109.840472067476824, -7.189446431507797 ], [ 109.840472067476824, -7.189715924860294 ], [ 109.839394094066833, -7.189715924860294 ], [ 109.839394094066833, -7.189985418212791 ], [ 109.838046627304351, -7.189985418212791 ], [ 109.838046627304351, -7.190254911565289 ], [ 109.83696865389436, -7.190254911565289 ], [ 109.83696865389436, -7.190524404917785 ], [ 109.835621187131878, -7.190524404917785 ], [ 109.835621187131878, -7.190793898270283 ], [ 109.835351693779373, -7.190793898270283 ], [ 109.835351693779373, -7.190524404917785 ], [ 109.835082200426882, -7.190524404917785 ], [ 109.835082200426882, -7.190254911565289 ], [ 109.834543213721886, -7.190254911565289 ], [ 109.834543213721886, -7.189985418212791 ], [ 109.834004227016891, -7.189985418212791 ], [ 109.834004227016891, -7.189715924860294 ], [ 109.833734733664386, -7.189715924860294 ], [ 109.833734733664386, -7.189446431507797 ], [ 109.833465240311895, -7.189446431507797 ], [ 109.833465240311895, -7.189176938155299 ], [ 109.83319574695939, -7.189176938155299 ], [ 109.83319574695939, -7.188637951450304 ], [ 109.8329262536069, -7.188637951450304 ], [ 109.8329262536069, -7.18809896474531 ], [ 109.832656760254395, -7.18809896474531 ], [ 109.832656760254395, -7.187559978040316 ], [ 109.832387266901904, -7.187559978040316 ], [ 109.832387266901904, -7.187020991335321 ], [ 109.832117773549399, -7.187020991335321 ], [ 109.832117773549399, -7.186482004630326 ], [ 109.831848280196908, -7.186482004630326 ], [ 109.831848280196908, -7.186212511277829 ], [ 109.831578786844418, -7.186212511277829 ], [ 109.831578786844418, -7.185673524572834 ], [ 109.831309293491913, -7.185673524572834 ], [ 109.831309293491913, -7.18513453786784 ], [ 109.831039800139422, -7.18513453786784 ], [ 109.831039800139422, -7.184595551162845 ], [ 109.830770306786917, -7.184595551162845 ], [ 109.830770306786917, -7.183248084400359 ], [ 109.830500813434426, -7.183248084400359 ], [ 109.830500813434426, -7.182170110990369 ], [ 109.830231320081921, -7.182170110990369 ], [ 109.830231320081921, -7.181361630932877 ], [ 109.829961826729431, -7.181361630932877 ], [ 109.829961826729431, -7.180822644227883 ], [ 109.829692333376926, -7.180822644227883 ], [ 109.829692333376926, -7.180553150875386 ], [ 109.82915334667193, -7.180553150875386 ], [ 109.82915334667193, -7.180283657522888 ], [ 109.828614359966934, -7.180283657522888 ], [ 109.828614359966934, -7.180014164170391 ], [ 109.827266893204452, -7.180014164170391 ], [ 109.827266893204452, -7.179744670817893 ], [ 109.824302466326984, -7.179744670817893 ], [ 109.824302466326984, -7.179475177465396 ], [ 109.824032972974493, -7.179475177465396 ], [ 109.824032972974493, -7.179205684112899 ], [ 109.823763479621988, -7.179205684112899 ], [ 109.823763479621988, -7.178666697407905 ], [ 109.823493986269497, -7.178666697407905 ], [ 109.823493986269497, -7.178397204055407 ], [ 109.823224492916992, -7.178397204055407 ], [ 109.823224492916992, -7.17812771070291 ], [ 109.822954999564502, -7.17812771070291 ], [ 109.822954999564502, -7.177858217350412 ], [ 109.822685506211997, -7.177858217350412 ], [ 109.822685506211997, -7.177588723997915 ], [ 109.822416012859506, -7.177588723997915 ], [ 109.822416012859506, -7.177319230645418 ], [ 109.822146519507001, -7.177319230645418 ], [ 109.822146519507001, -7.17704973729292 ], [ 109.821607532802005, -7.17704973729292 ], [ 109.821607532802005, -7.176780243940423 ], [ 109.820799052744519, -7.176780243940423 ], [ 109.820799052744519, -7.176510750587926 ], [ 109.818373612572046, -7.176510750587926 ], [ 109.818373612572046, -7.176780243940423 ], [ 109.817565132514545, -7.176780243940423 ], [ 109.817565132514545, -7.17704973729292 ], [ 109.816217665752063, -7.17704973729292 ], [ 109.816217665752063, -7.176780243940423 ], [ 109.812983745522104, -7.176780243940423 ], [ 109.812983745522104, -7.176510750587926 ], [ 109.811905772112112, -7.176510750587926 ], [ 109.811905772112112, -7.176241257235429 ], [ 109.811636278759607, -7.176241257235429 ], [ 109.811636278759607, -7.175971763882932 ], [ 109.811097292054612, -7.175971763882932 ], [ 109.811097292054612, -7.175702270530434 ], [ 109.810558305349616, -7.175702270530434 ], [ 109.810558305349616, -7.175432777177937 ], [ 109.810288811997125, -7.175432777177937 ], [ 109.810288811997125, -7.175163283825439 ], [ 109.810019318644621, -7.175163283825439 ], [ 109.810019318644621, -7.174893790472942 ], [ 109.80974982529213, -7.174893790472942 ], [ 109.80974982529213, -7.174624297120444 ], [ 109.809480331939639, -7.174624297120444 ], [ 109.809480331939639, -7.174354803767947 ], [ 109.809210838587134, -7.174354803767947 ], [ 109.809210838587134, -7.174085310415451 ], [ 109.808941345234643, -7.174085310415451 ], [ 109.808941345234643, -7.173815817062953 ], [ 109.808402358529648, -7.173815817062953 ], [ 109.808402358529648, -7.173546323710456 ], [ 109.803281984832196, -7.173546323710456 ], [ 109.803281984832196, -7.173276830357958 ], [ 109.802742998127201, -7.173276830357958 ], [ 109.802742998127201, -7.173007337005461 ], [ 109.802204011422205, -7.173007337005461 ], [ 109.802204011422205, -7.172737843652963 ], [ 109.801665024717209, -7.172737843652963 ], [ 109.801665024717209, -7.172468350300466 ], [ 109.801126038012214, -7.172468350300466 ], [ 109.801126038012214, -7.172198856947969 ], [ 109.800856544659723, -7.172198856947969 ], [ 109.800856544659723, -7.171659870242975 ], [ 109.800587051307218, -7.171659870242975 ], [ 109.800587051307218, -7.169234430070499 ], [ 109.800317557954727, -7.169234430070499 ], [ 109.800317557954727, -7.168964936718002 ], [ 109.800048064602223, -7.168964936718002 ], [ 109.800048064602223, -7.168695443365504 ], [ 109.799509077897227, -7.168695443365504 ], [ 109.799509077897227, -7.168425950013007 ], [ 109.798700597839741, -7.168425950013007 ], [ 109.798700597839741, -7.168156456660509 ], [ 109.798161611134745, -7.168156456660509 ], [ 109.798161611134745, -7.167886963308012 ], [ 109.797353131077259, -7.167886963308012 ], [ 109.797353131077259, -7.167617469955514 ], [ 109.796814144372263, -7.167617469955514 ], [ 109.796814144372263, -7.167347976603017 ], [ 109.796275157667267, -7.167347976603017 ], [ 109.796275157667267, -7.167078483250521 ], [ 109.795736170962272, -7.167078483250521 ], [ 109.795736170962272, -7.166808989898023 ], [ 109.795466677609767, -7.166808989898023 ], [ 109.795466677609767, -7.166539496545526 ], [ 109.795197184257276, -7.166539496545526 ], [ 109.795197184257276, -7.166270003193028 ], [ 109.794927690904771, -7.166270003193028 ], [ 109.794927690904771, -7.166000509840531 ], [ 109.79465819755228, -7.166000509840531 ], [ 109.79465819755228, -7.165192029783039 ], [ 109.79438870419979, -7.165192029783039 ], [ 109.79438870419979, -7.164653043078045 ], [ 109.794119210847285, -7.164653043078045 ], [ 109.794119210847285, -7.164383549725547 ], [ 109.793849717494794, -7.164383549725547 ], [ 109.793849717494794, -7.16411405637305 ], [ 109.793580224142289, -7.16411405637305 ], [ 109.793580224142289, -7.163844563020553 ], [ 109.793310730789798, -7.163844563020553 ], [ 109.793310730789798, -7.163575069668055 ], [ 109.792771744084803, -7.163575069668055 ], [ 109.792771744084803, -7.163305576315558 ], [ 109.792232757379807, -7.163305576315558 ], [ 109.792232757379807, -7.16303608296306 ], [ 109.791693770674812, -7.16303608296306 ], [ 109.791693770674812, -7.162766589610563 ], [ 109.79061579726482, -7.162766589610563 ], [ 109.79061579726482, -7.162497096258066 ], [ 109.788998837149833, -7.162497096258066 ], [ 109.788998837149833, -7.162227602905569 ], [ 109.788190357092347, -7.162227602905569 ] ], [ [ 109.634579146168875, -7.187020991335321 ], [ 109.639969013218831, -7.187020991335321 ], [ 109.639969013218831, -7.187290484687818 ], [ 109.640238506571322, -7.187290484687818 ], [ 109.640238506571322, -7.187559978040316 ], [ 109.640777493276318, -7.187559978040316 ], [ 109.640777493276318, -7.187829471392813 ], [ 109.641046986628822, -7.187829471392813 ], [ 109.641046986628822, -7.18809896474531 ], [ 109.641316479981313, -7.18809896474531 ], [ 109.641316479981313, -7.188368458097807 ], [ 109.641585973333804, -7.188368458097807 ], [ 109.641585973333804, -7.188637951450304 ], [ 109.641855466686309, -7.188637951450304 ], [ 109.641855466686309, -7.188907444802802 ], [ 109.642124960038799, -7.188907444802802 ], [ 109.642124960038799, -7.189176938155299 ], [ 109.642394453391304, -7.189176938155299 ], [ 109.642394453391304, -7.189446431507797 ], [ 109.642663946743795, -7.189446431507797 ], [ 109.642663946743795, -7.189715924860294 ], [ 109.6429334400963, -7.189715924860294 ], [ 109.6429334400963, -7.189985418212791 ], [ 109.643472426801296, -7.189985418212791 ], [ 109.643472426801296, -7.190254911565289 ], [ 109.645358880268773, -7.190254911565289 ], [ 109.645358880268773, -7.190524404917785 ], [ 109.647245333736251, -7.190524404917785 ], [ 109.647245333736251, -7.190793898270283 ], [ 109.648592800498747, -7.190793898270283 ], [ 109.648592800498747, -7.19106339162278 ], [ 109.649940267261229, -7.19106339162278 ], [ 109.649940267261229, -7.191332884975278 ], [ 109.65101824067122, -7.191332884975278 ], [ 109.65101824067122, -7.191602378327775 ], [ 109.651826720728707, -7.191602378327775 ], [ 109.651826720728707, -7.191871871680272 ], [ 109.653174187491189, -7.191871871680272 ], [ 109.653174187491189, -7.19214136503277 ], [ 109.653713174196184, -7.19214136503277 ], [ 109.653713174196184, -7.192410858385267 ], [ 109.654521654253685, -7.192410858385267 ], [ 109.654521654253685, -7.192680351737764 ], [ 109.655060640958681, -7.192680351737764 ], [ 109.655060640958681, -7.192949845090261 ], [ 109.655599627663676, -7.192949845090261 ], [ 109.655599627663676, -7.193219338442759 ], [ 109.656138614368672, -7.193219338442759 ], [ 109.656138614368672, -7.193488831795256 ], [ 109.656677601073653, -7.193488831795256 ], [ 109.656677601073653, -7.193758325147753 ], [ 109.656947094426158, -7.193758325147753 ], [ 109.656947094426158, -7.194027818500251 ], [ 109.657216587778649, -7.194027818500251 ], [ 109.657216587778649, -7.194297311852748 ], [ 109.657486081131154, -7.194297311852748 ], [ 109.657486081131154, -7.194566805205246 ], [ 109.657755574483645, -7.194566805205246 ], [ 109.657755574483645, -7.195105791910239 ], [ 109.658025067836149, -7.195105791910239 ], [ 109.658025067836149, -7.195375285262737 ], [ 109.65829456118864, -7.195375285262737 ], [ 109.65829456118864, -7.195914271967732 ], [ 109.658564054541145, -7.195914271967732 ], [ 109.658564054541145, -7.196722752025224 ], [ 109.658833547893636, -7.196722752025224 ], [ 109.658833547893636, -7.197531232082715 ], [ 109.659103041246141, -7.197531232082715 ], [ 109.659103041246141, -7.199687178902694 ], [ 109.659372534598631, -7.199687178902694 ], [ 109.659372534598631, -7.201843125722672 ], [ 109.659642027951136, -7.201843125722672 ], [ 109.659642027951136, -7.202382112427667 ], [ 109.659911521303627, -7.202382112427667 ], [ 109.659911521303627, -7.202921099132662 ], [ 109.660450508008623, -7.202921099132662 ], [ 109.660450508008623, -7.203190592485159 ], [ 109.660989494713618, -7.203190592485159 ], [ 109.660989494713618, -7.203460085837657 ], [ 109.661528481418614, -7.203460085837657 ], [ 109.661528481418614, -7.203729579190154 ], [ 109.66206746812361, -7.203729579190154 ], [ 109.66206746812361, -7.203999072542651 ], [ 109.6623369614761, -7.203999072542651 ], [ 109.6623369614761, -7.204268565895148 ], [ 109.662875948181096, -7.204268565895148 ], [ 109.662875948181096, -7.204538059247645 ], [ 109.663414934886092, -7.204538059247645 ], [ 109.663414934886092, -7.204807552600143 ], [ 109.663684428238597, -7.204807552600143 ], [ 109.663684428238597, -7.20507704595264 ], [ 109.664223414943578, -7.20507704595264 ], [ 109.664223414943578, -7.205346539305138 ], [ 109.664762401648574, -7.205346539305138 ], [ 109.664762401648574, -7.205616032657635 ], [ 109.665031895001079, -7.205616032657635 ], [ 109.665031895001079, -7.205885526010132 ], [ 109.665301388353569, -7.205885526010132 ], [ 109.665301388353569, -7.206424512715127 ], [ 109.665570881706074, -7.206424512715127 ], [ 109.665570881706074, -7.206963499420121 ], [ 109.665840375058565, -7.206963499420121 ], [ 109.665840375058565, -7.207771979477613 ], [ 109.66610986841107, -7.207771979477613 ], [ 109.66610986841107, -7.208849952887602 ], [ 109.66637936176356, -7.208849952887602 ], [ 109.66637936176356, -7.212353366470067 ], [ 109.66610986841107, -7.212353366470067 ], [ 109.66610986841107, -7.213970326585051 ], [ 109.665840375058565, -7.213970326585051 ], [ 109.665840375058565, -7.214239819937548 ], [ 109.665570881706074, -7.214239819937548 ], [ 109.665570881706074, -7.214509313290046 ], [ 109.665301388353569, -7.214509313290046 ], [ 109.665301388353569, -7.214778806642543 ], [ 109.665031895001079, -7.214778806642543 ], [ 109.665031895001079, -7.215048299995041 ], [ 109.664762401648574, -7.215048299995041 ], [ 109.664762401648574, -7.215317793347538 ], [ 109.664223414943578, -7.215317793347538 ], [ 109.664223414943578, -7.215587286700035 ], [ 109.663953921591087, -7.215587286700035 ], [ 109.663953921591087, -7.215856780052532 ], [ 109.663684428238597, -7.215856780052532 ], [ 109.663684428238597, -7.216126273405029 ], [ 109.663414934886092, -7.216126273405029 ], [ 109.663414934886092, -7.216395766757527 ], [ 109.663145441533601, -7.216395766757527 ], [ 109.663145441533601, -7.216665260110024 ], [ 109.662875948181096, -7.216665260110024 ], [ 109.662875948181096, -7.216934753462522 ], [ 109.662606454828605, -7.216934753462522 ], [ 109.662606454828605, -7.217204246815019 ], [ 109.6623369614761, -7.217204246815019 ], [ 109.6623369614761, -7.217473740167517 ], [ 109.66206746812361, -7.217473740167517 ], [ 109.66206746812361, -7.217743233520014 ], [ 109.661528481418614, -7.217743233520014 ], [ 109.661528481418614, -7.21801272687251 ], [ 109.661258988066109, -7.21801272687251 ], [ 109.661258988066109, -7.218282220225008 ], [ 109.660989494713618, -7.218282220225008 ], [ 109.660989494713618, -7.218551713577505 ], [ 109.660450508008623, -7.218551713577505 ], [ 109.660450508008623, -7.218821206930003 ], [ 109.659911521303627, -7.218821206930003 ], [ 109.659911521303627, -7.2190907002825 ], [ 109.659372534598631, -7.2190907002825 ], [ 109.659372534598631, -7.219360193634997 ], [ 109.658833547893636, -7.219360193634997 ], [ 109.658833547893636, -7.219629686987495 ], [ 109.658025067836149, -7.219629686987495 ], [ 109.658025067836149, -7.219899180339992 ], [ 109.656947094426158, -7.219899180339992 ], [ 109.656947094426158, -7.220168673692489 ], [ 109.655869121016167, -7.220168673692489 ], [ 109.655869121016167, -7.220438167044986 ], [ 109.654521654253685, -7.220438167044986 ], [ 109.654521654253685, -7.220707660397484 ], [ 109.652635200786207, -7.220707660397484 ], [ 109.652635200786207, -7.220977153749981 ], [ 109.651287734023711, -7.220977153749981 ], [ 109.651287734023711, -7.221246647102478 ], [ 109.65020976061372, -7.221246647102478 ], [ 109.65020976061372, -7.221516140454976 ], [ 109.649401280556233, -7.221516140454976 ], [ 109.649401280556233, -7.221785633807473 ], [ 109.648592800498747, -7.221785633807473 ], [ 109.648592800498747, -7.222055127159971 ], [ 109.648323307146242, -7.222055127159971 ], [ 109.648323307146242, -7.222324620512468 ], [ 109.648053813793751, -7.222324620512468 ], [ 109.648053813793751, -7.222594113864965 ], [ 109.647784320441247, -7.222594113864965 ], [ 109.647784320441247, -7.222863607217462 ], [ 109.647514827088756, -7.222863607217462 ], [ 109.647514827088756, -7.223402593922457 ], [ 109.647245333736251, -7.223402593922457 ], [ 109.647245333736251, -7.223941580627452 ], [ 109.64697584038376, -7.223941580627452 ], [ 109.64697584038376, -7.224480567332446 ], [ 109.646706347031255, -7.224480567332446 ], [ 109.646706347031255, -7.224750060684944 ], [ 109.646436853678765, -7.224750060684944 ], [ 109.646436853678765, -7.22501955403744 ], [ 109.64616736032626, -7.22501955403744 ], [ 109.64616736032626, -7.225289047389938 ], [ 109.645897866973769, -7.225289047389938 ], [ 109.645897866973769, -7.225558540742435 ], [ 109.645628373621264, -7.225558540742435 ], [ 109.645628373621264, -7.225828034094933 ], [ 109.645358880268773, -7.225828034094933 ], [ 109.645358880268773, -7.226367020799927 ], [ 109.645089386916283, -7.226367020799927 ], [ 109.645089386916283, -7.226636514152425 ], [ 109.644819893563778, -7.226636514152425 ], [ 109.644819893563778, -7.226906007504922 ], [ 109.644550400211287, -7.226906007504922 ], [ 109.644550400211287, -7.227175500857419 ], [ 109.644280906858782, -7.227175500857419 ], [ 109.644280906858782, -7.227444994209916 ], [ 109.644011413506291, -7.227444994209916 ], [ 109.644011413506291, -7.227714487562414 ], [ 109.643472426801296, -7.227714487562414 ], [ 109.643472426801296, -7.227983980914911 ], [ 109.642663946743795, -7.227983980914911 ], [ 109.642663946743795, -7.228253474267408 ], [ 109.641585973333804, -7.228253474267408 ], [ 109.641585973333804, -7.228522967619906 ], [ 109.640507999923827, -7.228522967619906 ], [ 109.640507999923827, -7.228792460972403 ], [ 109.636465599636367, -7.228792460972403 ], [ 109.636465599636367, -7.228522967619906 ], [ 109.63511813287387, -7.228522967619906 ], [ 109.63511813287387, -7.228253474267408 ], [ 109.63484863952138, -7.228253474267408 ], [ 109.63484863952138, -7.227983980914911 ], [ 109.634579146168875, -7.227983980914911 ], [ 109.634579146168875, -7.227714487562414 ], [ 109.634040159463879, -7.227714487562414 ], [ 109.634040159463879, -7.227175500857419 ], [ 109.633770666111388, -7.227175500857419 ], [ 109.633770666111388, -7.226906007504922 ], [ 109.633501172758898, -7.226906007504922 ], [ 109.633501172758898, -7.226636514152425 ], [ 109.633231679406393, -7.226636514152425 ], [ 109.633231679406393, -7.22609752744743 ], [ 109.632962186053902, -7.22609752744743 ], [ 109.632962186053902, -7.225558540742435 ], [ 109.632692692701397, -7.225558540742435 ], [ 109.632692692701397, -7.225289047389938 ], [ 109.632423199348906, -7.225289047389938 ], [ 109.632423199348906, -7.224750060684944 ], [ 109.632153705996402, -7.224750060684944 ], [ 109.632153705996402, -7.223941580627452 ], [ 109.631884212643911, -7.223941580627452 ], [ 109.631884212643911, -7.223133100569959 ], [ 109.631614719291406, -7.223133100569959 ], [ 109.631614719291406, -7.222324620512468 ], [ 109.631345225938915, -7.222324620512468 ], [ 109.631345225938915, -7.221785633807473 ], [ 109.63107573258641, -7.221785633807473 ], [ 109.63107573258641, -7.220977153749981 ], [ 109.63080623923392, -7.220977153749981 ], [ 109.63080623923392, -7.220438167044986 ], [ 109.630536745881415, -7.220438167044986 ], [ 109.630536745881415, -7.219629686987495 ], [ 109.630267252528924, -7.219629686987495 ], [ 109.630267252528924, -7.218821206930003 ], [ 109.629997759176433, -7.218821206930003 ], [ 109.629997759176433, -7.217743233520014 ], [ 109.629728265823928, -7.217743233520014 ], [ 109.629728265823928, -7.217204246815019 ], [ 109.629458772471438, -7.217204246815019 ], [ 109.629458772471438, -7.216665260110024 ], [ 109.629189279118933, -7.216665260110024 ], [ 109.629189279118933, -7.216126273405029 ], [ 109.628919785766442, -7.216126273405029 ], [ 109.628919785766442, -7.215317793347538 ], [ 109.628650292413937, -7.215317793347538 ], [ 109.628650292413937, -7.214509313290046 ], [ 109.628380799061446, -7.214509313290046 ], [ 109.628380799061446, -7.213431339880056 ], [ 109.628111305708941, -7.213431339880056 ], [ 109.628111305708941, -7.212892353175062 ], [ 109.627841812356451, -7.212892353175062 ], [ 109.627841812356451, -7.211814379765073 ], [ 109.627572319003946, -7.211814379765073 ], [ 109.627572319003946, -7.211275393060078 ], [ 109.627302825651455, -7.211275393060078 ], [ 109.627302825651455, -7.211005899707581 ], [ 109.62703333229895, -7.211005899707581 ], [ 109.62703333229895, -7.210466913002587 ], [ 109.626763838946459, -7.210466913002587 ], [ 109.626763838946459, -7.210197419650089 ], [ 109.626494345593954, -7.210197419650089 ], [ 109.626494345593954, -7.209658432945094 ], [ 109.626224852241464, -7.209658432945094 ], [ 109.626224852241464, -7.209119446240099 ], [ 109.625955358888973, -7.209119446240099 ], [ 109.625955358888973, -7.208849952887602 ], [ 109.625685865536468, -7.208849952887602 ], [ 109.625685865536468, -7.208310966182608 ], [ 109.625416372183977, -7.208310966182608 ], [ 109.625416372183977, -7.207771979477613 ], [ 109.625146878831472, -7.207771979477613 ], [ 109.625146878831472, -7.207232992772618 ], [ 109.624877385478982, -7.207232992772618 ], [ 109.624877385478982, -7.206424512715127 ], [ 109.624607892126477, -7.206424512715127 ], [ 109.624607892126477, -7.199417685550197 ], [ 109.624877385478982, -7.199417685550197 ], [ 109.624877385478982, -7.197800725435213 ], [ 109.625146878831472, -7.197800725435213 ], [ 109.625146878831472, -7.197261738730218 ], [ 109.625416372183977, -7.197261738730218 ], [ 109.625416372183977, -7.196992245377721 ], [ 109.625685865536468, -7.196992245377721 ], [ 109.625685865536468, -7.196722752025224 ], [ 109.625955358888973, -7.196722752025224 ], [ 109.625955358888973, -7.196453258672727 ], [ 109.626224852241464, -7.196453258672727 ], [ 109.626224852241464, -7.196183765320229 ], [ 109.626494345593954, -7.196183765320229 ], [ 109.626494345593954, -7.195914271967732 ], [ 109.626763838946459, -7.195914271967732 ], [ 109.626763838946459, -7.195644778615234 ], [ 109.62703333229895, -7.195644778615234 ], [ 109.62703333229895, -7.195375285262737 ], [ 109.627572319003946, -7.195375285262737 ], [ 109.627572319003946, -7.194836298557743 ], [ 109.627841812356451, -7.194836298557743 ], [ 109.627841812356451, -7.194027818500251 ], [ 109.628111305708941, -7.194027818500251 ], [ 109.628111305708941, -7.193219338442759 ], [ 109.628380799061446, -7.193219338442759 ], [ 109.628380799061446, -7.192410858385267 ], [ 109.628650292413937, -7.192410858385267 ], [ 109.628650292413937, -7.191602378327775 ], [ 109.628919785766442, -7.191602378327775 ], [ 109.628919785766442, -7.19106339162278 ], [ 109.629189279118933, -7.19106339162278 ], [ 109.629189279118933, -7.190524404917785 ], [ 109.629458772471438, -7.190524404917785 ], [ 109.629458772471438, -7.189985418212791 ], [ 109.629728265823928, -7.189985418212791 ], [ 109.629728265823928, -7.189715924860294 ], [ 109.629997759176433, -7.189715924860294 ], [ 109.629997759176433, -7.189176938155299 ], [ 109.630267252528924, -7.189176938155299 ], [ 109.630267252528924, -7.188907444802802 ], [ 109.630536745881415, -7.188907444802802 ], [ 109.630536745881415, -7.188637951450304 ], [ 109.63080623923392, -7.188637951450304 ], [ 109.63080623923392, -7.188368458097807 ], [ 109.63107573258641, -7.188368458097807 ], [ 109.63107573258641, -7.18809896474531 ], [ 109.631345225938915, -7.18809896474531 ], [ 109.631345225938915, -7.187829471392813 ], [ 109.631884212643911, -7.187829471392813 ], [ 109.631884212643911, -7.187559978040316 ], [ 109.633231679406393, -7.187559978040316 ], [ 109.633231679406393, -7.187290484687818 ], [ 109.634579146168875, -7.187290484687818 ], [ 109.634579146168875, -7.187020991335321 ] ], [ [ 109.725398405960476, -7.226636514152425 ], [ 109.73186624642041, -7.226636514152425 ], [ 109.73186624642041, -7.226906007504922 ], [ 109.73590864670787, -7.226906007504922 ], [ 109.73590864670787, -7.227175500857419 ], [ 109.738064593527852, -7.227175500857419 ], [ 109.738064593527852, -7.227444994209916 ], [ 109.739412060290334, -7.227444994209916 ], [ 109.739412060290334, -7.227714487562414 ], [ 109.740220540347821, -7.227714487562414 ], [ 109.740220540347821, -7.227983980914911 ], [ 109.741029020405321, -7.227983980914911 ], [ 109.741029020405321, -7.228253474267408 ], [ 109.741568007110317, -7.228253474267408 ], [ 109.741568007110317, -7.228522967619906 ], [ 109.742106993815312, -7.228522967619906 ], [ 109.742106993815312, -7.228792460972403 ], [ 109.742376487167803, -7.228792460972403 ], [ 109.742376487167803, -7.229061954324901 ], [ 109.742915473872799, -7.229061954324901 ], [ 109.742915473872799, -7.229331447677398 ], [ 109.743184967225289, -7.229331447677398 ], [ 109.743184967225289, -7.229600941029895 ], [ 109.743454460577794, -7.229600941029895 ], [ 109.743454460577794, -7.230139927734889 ], [ 109.743723953930285, -7.230139927734889 ], [ 109.743723953930285, -7.230409421087387 ], [ 109.74399344728279, -7.230409421087387 ], [ 109.74399344728279, -7.230948407792382 ], [ 109.744262940635281, -7.230948407792382 ], [ 109.744262940635281, -7.231487394497376 ], [ 109.744532433987786, -7.231487394497376 ], [ 109.744532433987786, -7.232295874554868 ], [ 109.744801927340276, -7.232295874554868 ], [ 109.744801927340276, -7.232834861259863 ], [ 109.745071420692781, -7.232834861259863 ], [ 109.745071420692781, -7.233373847964857 ], [ 109.745340914045272, -7.233373847964857 ], [ 109.745340914045272, -7.233912834669852 ], [ 109.745610407397777, -7.233912834669852 ], [ 109.745610407397777, -7.236068781489831 ], [ 109.745879900750268, -7.236068781489831 ], [ 109.745879900750268, -7.238494221662306 ], [ 109.745610407397777, -7.238494221662306 ], [ 109.745610407397777, -7.239302701719798 ], [ 109.745340914045272, -7.239302701719798 ], [ 109.745340914045272, -7.239841688424793 ], [ 109.745071420692781, -7.239841688424793 ], [ 109.745071420692781, -7.240380675129787 ], [ 109.744801927340276, -7.240380675129787 ], [ 109.744801927340276, -7.240919661834782 ], [ 109.744532433987786, -7.240919661834782 ], [ 109.744532433987786, -7.241458648539776 ], [ 109.744262940635281, -7.241458648539776 ], [ 109.744262940635281, -7.241997635244771 ], [ 109.74399344728279, -7.241997635244771 ], [ 109.74399344728279, -7.242536621949766 ], [ 109.743723953930285, -7.242536621949766 ], [ 109.743723953930285, -7.242806115302263 ], [ 109.743454460577794, -7.242806115302263 ], [ 109.743454460577794, -7.243075608654761 ], [ 109.743184967225289, -7.243075608654761 ], [ 109.743184967225289, -7.243345102007257 ], [ 109.742645980520294, -7.243345102007257 ], [ 109.742645980520294, -7.243614595359754 ], [ 109.742376487167803, -7.243614595359754 ], [ 109.742376487167803, -7.243884088712252 ], [ 109.741837500462807, -7.243884088712252 ], [ 109.741837500462807, -7.244153582064749 ], [ 109.741029020405321, -7.244153582064749 ], [ 109.741029020405321, -7.244423075417247 ], [ 109.740220540347821, -7.244423075417247 ], [ 109.740220540347821, -7.244692568769744 ], [ 109.738873073585339, -7.244692568769744 ], [ 109.738873073585339, -7.244962062122242 ], [ 109.736717126765356, -7.244962062122242 ], [ 109.736717126765356, -7.245231555474739 ], [ 109.734022193240392, -7.245231555474739 ], [ 109.734022193240392, -7.245501048827236 ], [ 109.729440806247936, -7.245501048827236 ], [ 109.729440806247936, -7.245231555474739 ], [ 109.726476379370467, -7.245231555474739 ], [ 109.726476379370467, -7.244962062122242 ], [ 109.72485941925548, -7.244962062122242 ], [ 109.72485941925548, -7.244692568769744 ], [ 109.723781445845489, -7.244692568769744 ], [ 109.723781445845489, -7.244423075417247 ], [ 109.723242459140494, -7.244423075417247 ], [ 109.723242459140494, -7.244153582064749 ], [ 109.722703472435498, -7.244153582064749 ], [ 109.722703472435498, -7.243884088712252 ], [ 109.722433979083007, -7.243884088712252 ], [ 109.722433979083007, -7.243614595359754 ], [ 109.722164485730502, -7.243614595359754 ], [ 109.722164485730502, -7.243345102007257 ], [ 109.721894992378012, -7.243345102007257 ], [ 109.721894992378012, -7.243075608654761 ], [ 109.721625499025507, -7.243075608654761 ], [ 109.721625499025507, -7.242806115302263 ], [ 109.721356005673016, -7.242806115302263 ], [ 109.721356005673016, -7.242536621949766 ], [ 109.721086512320511, -7.242536621949766 ], [ 109.721086512320511, -7.241997635244771 ], [ 109.72081701896802, -7.241997635244771 ], [ 109.72081701896802, -7.241728141892274 ], [ 109.720278032263025, -7.241728141892274 ], [ 109.720278032263025, -7.241458648539776 ], [ 109.719739045558029, -7.241458648539776 ], [ 109.719739045558029, -7.241189155187279 ], [ 109.719469552205538, -7.241189155187279 ], [ 109.719469552205538, -7.240919661834782 ], [ 109.718930565500543, -7.240919661834782 ], [ 109.718930565500543, -7.240650168482285 ], [ 109.718661072148038, -7.240650168482285 ], [ 109.718661072148038, -7.240380675129787 ], [ 109.718391578795547, -7.240380675129787 ], [ 109.718391578795547, -7.239841688424793 ], [ 109.718122085443042, -7.239841688424793 ], [ 109.718122085443042, -7.239572195072295 ], [ 109.717852592090551, -7.239572195072295 ], [ 109.717852592090551, -7.238763715014803 ], [ 109.717583098738046, -7.238763715014803 ], [ 109.717583098738046, -7.238224728309809 ], [ 109.717313605385556, -7.238224728309809 ], [ 109.717313605385556, -7.234721314727344 ], [ 109.717583098738046, -7.234721314727344 ], [ 109.717583098738046, -7.23202638120237 ], [ 109.717852592090551, -7.23202638120237 ], [ 109.717852592090551, -7.230409421087387 ], [ 109.718122085443042, -7.230409421087387 ], [ 109.718122085443042, -7.229600941029895 ], [ 109.718391578795547, -7.229600941029895 ], [ 109.718391578795547, -7.229331447677398 ], [ 109.718661072148038, -7.229331447677398 ], [ 109.718661072148038, -7.229061954324901 ], [ 109.718930565500543, -7.229061954324901 ], [ 109.718930565500543, -7.228792460972403 ], [ 109.719200058853033, -7.228792460972403 ], [ 109.719200058853033, -7.228522967619906 ], [ 109.719469552205538, -7.228522967619906 ], [ 109.719469552205538, -7.228253474267408 ], [ 109.719739045558029, -7.228253474267408 ], [ 109.719739045558029, -7.227983980914911 ], [ 109.720278032263025, -7.227983980914911 ], [ 109.720278032263025, -7.227714487562414 ], [ 109.72081701896802, -7.227714487562414 ], [ 109.72081701896802, -7.227444994209916 ], [ 109.721894992378012, -7.227444994209916 ], [ 109.721894992378012, -7.227175500857419 ], [ 109.723242459140494, -7.227175500857419 ], [ 109.723242459140494, -7.226906007504922 ], [ 109.725398405960476, -7.226906007504922 ], [ 109.725398405960476, -7.226636514152425 ] ] ] } },
{ "type": "Feature", "properties": { "fid": 4, "DN": 2, "Keterangan": "Sedang" }, "geometry": { "type": "Polygon", "coordinates": [ [ [ 109.760702035137626, -7.435224368985339 ], [ 109.760702035137626, -7.435493862337836 ], [ 109.760432541785121, -7.435493862337836 ], [ 109.760432541785121, -7.435763355690333 ], [ 109.760163048432631, -7.435763355690333 ], [ 109.760163048432631, -7.436571835747825 ], [ 109.759893555080126, -7.436571835747825 ], [ 109.759893555080126, -7.437380315805317 ], [ 109.759624061727635, -7.437380315805317 ], [ 109.759624061727635, -7.438188795862809 ], [ 109.75935456837513, -7.438188795862809 ], [ 109.75935456837513, -7.4389972759203 ], [ 109.759085075022639, -7.4389972759203 ], [ 109.759085075022639, -7.440344742682788 ], [ 109.75935456837513, -7.440344742682788 ], [ 109.75935456837513, -7.440614236035285 ], [ 109.759624061727635, -7.440614236035285 ], [ 109.759624061727635, -7.440883729387782 ], [ 109.759893555080126, -7.440883729387782 ], [ 109.759893555080126, -7.440614236035285 ], [ 109.761241021842608, -7.440614236035285 ], [ 109.761241021842608, -7.440883729387782 ], [ 109.761510515195113, -7.440883729387782 ], [ 109.761510515195113, -7.441153222740279 ], [ 109.762049501900108, -7.441153222740279 ], [ 109.762049501900108, -7.441422716092776 ], [ 109.762318995252599, -7.441422716092776 ], [ 109.762318995252599, -7.441692209445274 ], [ 109.762588488605104, -7.441692209445274 ], [ 109.762588488605104, -7.441961702797771 ], [ 109.762857981957595, -7.441961702797771 ], [ 109.762857981957595, -7.442231196150269 ], [ 109.7631274753101, -7.442231196150269 ], [ 109.7631274753101, -7.442500689502766 ], [ 109.76339696866259, -7.442500689502766 ], [ 109.76339696866259, -7.442770182855263 ], [ 109.763935955367586, -7.442770182855263 ], [ 109.763935955367586, -7.443039676207761 ], [ 109.764205448720091, -7.443039676207761 ], [ 109.764205448720091, -7.443309169560258 ], [ 109.764744435425072, -7.443309169560258 ], [ 109.764744435425072, -7.443578662912755 ], [ 109.765013928777577, -7.443578662912755 ], [ 109.765013928777577, -7.443848156265252 ], [ 109.765552915482573, -7.443848156265252 ], [ 109.765552915482573, -7.44411764961775 ], [ 109.765822408835064, -7.44411764961775 ], [ 109.765822408835064, -7.444387142970247 ], [ 109.766361395540059, -7.444387142970247 ], [ 109.766361395540059, -7.444656636322744 ], [ 109.766630888892564, -7.444656636322744 ], [ 109.766630888892564, -7.444926129675242 ], [ 109.76716987559756, -7.444926129675242 ], [ 109.76716987559756, -7.445195623027739 ], [ 109.767708862302555, -7.445195623027739 ], [ 109.767708862302555, -7.445465116380237 ], [ 109.767978355655046, -7.445465116380237 ], [ 109.767978355655046, -7.445734609732733 ], [ 109.768517342360042, -7.445734609732733 ], [ 109.768517342360042, -7.44600410308523 ], [ 109.768786835712532, -7.44600410308523 ], [ 109.768786835712532, -7.446273596437728 ], [ 109.769325822417528, -7.446273596437728 ], [ 109.769325822417528, -7.446543089790225 ], [ 109.769595315770033, -7.446543089790225 ], [ 109.769595315770033, -7.446812583142723 ], [ 109.770134302475029, -7.446812583142723 ], [ 109.770134302475029, -7.447351569847718 ], [ 109.77121227588502, -7.447351569847718 ], [ 109.77121227588502, -7.447621063200215 ], [ 109.772020755942506, -7.447621063200215 ], [ 109.772020755942506, -7.447890556552712 ], [ 109.781992009984904, -7.447890556552712 ], [ 109.781992009984904, -7.448160049905209 ], [ 109.787920863739842, -7.448160049905209 ], [ 109.787920863739842, -7.447890556552712 ], [ 109.787651370387351, -7.447890556552712 ], [ 109.787651370387351, -7.447621063200215 ], [ 109.785225930214878, -7.447621063200215 ], [ 109.785225930214878, -7.447351569847718 ], [ 109.784147956804887, -7.447351569847718 ], [ 109.784147956804887, -7.44708207649522 ], [ 109.783069983394896, -7.44708207649522 ], [ 109.783069983394896, -7.446812583142723 ], [ 109.782261503337409, -7.446812583142723 ], [ 109.782261503337409, -7.446543089790225 ], [ 109.781453023279909, -7.446543089790225 ], [ 109.781453023279909, -7.446273596437728 ], [ 109.780644543222422, -7.446273596437728 ], [ 109.780644543222422, -7.44600410308523 ], [ 109.780105556517427, -7.44600410308523 ], [ 109.780105556517427, -7.445734609732733 ], [ 109.779566569812431, -7.445734609732733 ], [ 109.779566569812431, -7.445465116380237 ], [ 109.779027583107435, -7.445465116380237 ], [ 109.779027583107435, -7.445195623027739 ], [ 109.778758089754945, -7.445195623027739 ], [ 109.778758089754945, -7.444926129675242 ], [ 109.778219103049949, -7.444926129675242 ], [ 109.778219103049949, -7.444656636322744 ], [ 109.777949609697444, -7.444656636322744 ], [ 109.777949609697444, -7.444387142970247 ], [ 109.777410622992448, -7.444387142970247 ], [ 109.777410622992448, -7.44411764961775 ], [ 109.777141129639958, -7.44411764961775 ], [ 109.777141129639958, -7.443848156265252 ], [ 109.776871636287453, -7.443848156265252 ], [ 109.776871636287453, -7.443578662912755 ], [ 109.776332649582457, -7.443578662912755 ], [ 109.776332649582457, -7.443309169560258 ], [ 109.775793662877476, -7.443309169560258 ], [ 109.775793662877476, -7.443039676207761 ], [ 109.775524169524971, -7.443039676207761 ], [ 109.775524169524971, -7.442770182855263 ], [ 109.774985182819975, -7.442770182855263 ], [ 109.774985182819975, -7.442500689502766 ], [ 109.774715689467484, -7.442500689502766 ], [ 109.774715689467484, -7.442231196150269 ], [ 109.77444619611498, -7.442231196150269 ], [ 109.77444619611498, -7.441961702797771 ], [ 109.774176702762489, -7.441961702797771 ], [ 109.774176702762489, -7.441692209445274 ], [ 109.773907209409984, -7.441692209445274 ], [ 109.773907209409984, -7.441422716092776 ], [ 109.773637716057493, -7.441422716092776 ], [ 109.773637716057493, -7.440883729387782 ], [ 109.773368222704988, -7.440883729387782 ], [ 109.773368222704988, -7.440614236035285 ], [ 109.773098729352498, -7.440614236035285 ], [ 109.773098729352498, -7.440344742682788 ], [ 109.772829236, -7.440344742682788 ], [ 109.772829236, -7.44007524933029 ], [ 109.772559742647502, -7.44007524933029 ], [ 109.772559742647502, -7.439805755977793 ], [ 109.772290249294997, -7.439805755977793 ], [ 109.772290249294997, -7.439536262625295 ], [ 109.772020755942506, -7.439536262625295 ], [ 109.772020755942506, -7.439266769272798 ], [ 109.771751262590016, -7.439266769272798 ], [ 109.771751262590016, -7.4389972759203 ], [ 109.77121227588502, -7.4389972759203 ], [ 109.77121227588502, -7.438727782567804 ], [ 109.770942782532515, -7.438727782567804 ], [ 109.770942782532515, -7.438458289215307 ], [ 109.770673289180024, -7.438458289215307 ], [ 109.770673289180024, -7.438188795862809 ], [ 109.770403795827519, -7.438188795862809 ], [ 109.770403795827519, -7.437919302510312 ], [ 109.770134302475029, -7.437919302510312 ], [ 109.770134302475029, -7.437649809157814 ], [ 109.769864809122524, -7.437649809157814 ], [ 109.769864809122524, -7.437380315805317 ], [ 109.769595315770033, -7.437380315805317 ], [ 109.769595315770033, -7.437110822452819 ], [ 109.769325822417528, -7.437110822452819 ], [ 109.769325822417528, -7.436841329100322 ], [ 109.769056329065037, -7.436841329100322 ], [ 109.769056329065037, -7.436571835747825 ], [ 109.768786835712532, -7.436571835747825 ], [ 109.768786835712532, -7.436302342395328 ], [ 109.767978355655046, -7.436302342395328 ], [ 109.767978355655046, -7.436032849042831 ], [ 109.767708862302555, -7.436032849042831 ], [ 109.767708862302555, -7.435763355690333 ], [ 109.766900382245055, -7.435763355690333 ], [ 109.766900382245055, -7.435493862337836 ], [ 109.765552915482573, -7.435493862337836 ], [ 109.765552915482573, -7.435224368985339 ], [ 109.760702035137626, -7.435224368985339 ] ] ] } },
{ "type": "Feature", "properties": { "fid": 5, "DN": 1, "Keterangan": "Rendah" }, "geometry": { "type": "Polygon", "coordinates": [ [ [ 109.748844327627737, -7.400729219865684 ], [ 109.748844327627737, -7.400998713218181 ], [ 109.747766354217745, -7.400998713218181 ], [ 109.747766354217745, -7.401268206570678 ], [ 109.746957874160259, -7.401268206570678 ], [ 109.746957874160259, -7.401537699923176 ], [ 109.746149394102758, -7.401537699923176 ], [ 109.746149394102758, -7.401807193275673 ], [ 109.745610407397777, -7.401807193275673 ], [ 109.745610407397777, -7.40207668662817 ], [ 109.745071420692781, -7.40207668662817 ], [ 109.745071420692781, -7.402346179980667 ], [ 109.744532433987786, -7.402346179980667 ], [ 109.744532433987786, -7.402615673333164 ], [ 109.744262940635281, -7.402615673333164 ], [ 109.744262940635281, -7.402885166685662 ], [ 109.74399344728279, -7.402885166685662 ], [ 109.74399344728279, -7.403154660038159 ], [ 109.743723953930285, -7.403154660038159 ], [ 109.743723953930285, -7.403424153390657 ], [ 109.743184967225289, -7.403424153390657 ], [ 109.743184967225289, -7.403693646743154 ], [ 109.742645980520294, -7.403693646743154 ], [ 109.742645980520294, -7.403963140095652 ], [ 109.742376487167803, -7.403963140095652 ], [ 109.742376487167803, -7.404232633448149 ], [ 109.741837500462807, -7.404232633448149 ], [ 109.741837500462807, -7.404502126800645 ], [ 109.741568007110317, -7.404502126800645 ], [ 109.741568007110317, -7.404771620153143 ], [ 109.741298513757812, -7.404771620153143 ], [ 109.741298513757812, -7.40504111350564 ], [ 109.741029020405321, -7.40504111350564 ], [ 109.741029020405321, -7.405310606858138 ], [ 109.740759527052816, -7.405310606858138 ], [ 109.740759527052816, -7.405580100210635 ], [ 109.740490033700326, -7.405580100210635 ], [ 109.740490033700326, -7.405849593563133 ], [ 109.740220540347821, -7.405849593563133 ], [ 109.740220540347821, -7.406388580268127 ], [ 109.73995104699533, -7.406388580268127 ], [ 109.73995104699533, -7.406658073620624 ], [ 109.739681553642825, -7.406658073620624 ], [ 109.739681553642825, -7.407197060325619 ], [ 109.739412060290334, -7.407197060325619 ], [ 109.739412060290334, -7.408005540383111 ], [ 109.739142566937829, -7.408005540383111 ], [ 109.739142566937829, -7.408814020440603 ], [ 109.738873073585339, -7.408814020440603 ], [ 109.738873073585339, -7.409622500498094 ], [ 109.738603580232834, -7.409622500498094 ], [ 109.738603580232834, -7.410161487203089 ], [ 109.738334086880343, -7.410161487203089 ], [ 109.738334086880343, -7.410969967260582 ], [ 109.738064593527852, -7.410969967260582 ], [ 109.738064593527852, -7.411778447318073 ], [ 109.737795100175347, -7.411778447318073 ], [ 109.737795100175347, -7.412317434023068 ], [ 109.737525606822857, -7.412317434023068 ], [ 109.737525606822857, -7.41312591408056 ], [ 109.737256113470352, -7.41312591408056 ], [ 109.737256113470352, -7.413664900785554 ], [ 109.736986620117861, -7.413664900785554 ], [ 109.736986620117861, -7.414203887490549 ], [ 109.736717126765356, -7.414203887490549 ], [ 109.736717126765356, -7.414473380843046 ], [ 109.73617814006036, -7.414473380843046 ], [ 109.73617814006036, -7.414742874195543 ], [ 109.735369660002874, -7.414742874195543 ], [ 109.735369660002874, -7.415012367548041 ], [ 109.734561179945388, -7.415012367548041 ], [ 109.734561179945388, -7.415281860900538 ], [ 109.733752699887887, -7.415281860900538 ], [ 109.733752699887887, -7.415551354253036 ], [ 109.73186624642041, -7.415551354253036 ], [ 109.73186624642041, -7.415820847605533 ], [ 109.729171312895431, -7.415820847605533 ], [ 109.729171312895431, -7.41609034095803 ], [ 109.72809333948544, -7.41609034095803 ], [ 109.72809333948544, -7.415820847605533 ], [ 109.725667899312967, -7.415820847605533 ], [ 109.725667899312967, -7.415551354253036 ], [ 109.723781445845489, -7.415551354253036 ], [ 109.723781445845489, -7.415281860900538 ], [ 109.722703472435498, -7.415281860900538 ], [ 109.722703472435498, -7.415012367548041 ], [ 109.721356005673016, -7.415012367548041 ], [ 109.721356005673016, -7.414742874195543 ], [ 109.719739045558029, -7.414742874195543 ], [ 109.719739045558029, -7.414473380843046 ], [ 109.717583098738046, -7.414473380843046 ], [ 109.717583098738046, -7.414203887490549 ], [ 109.714888165213083, -7.414203887490549 ], [ 109.714888165213083, -7.414473380843046 ], [ 109.711654244983109, -7.414473380843046 ], [ 109.711654244983109, -7.414742874195543 ], [ 109.703299951055698, -7.414742874195543 ], [ 109.703299951055698, -7.415012367548041 ], [ 109.700335524178229, -7.415012367548041 ], [ 109.700335524178229, -7.415281860900538 ], [ 109.699257550768237, -7.415281860900538 ], [ 109.699257550768237, -7.415551354253036 ], [ 109.698449070710737, -7.415551354253036 ], [ 109.698449070710737, -7.415820847605533 ], [ 109.697640590653251, -7.415820847605533 ], [ 109.697640590653251, -7.41609034095803 ], [ 109.697101603948255, -7.41609034095803 ], [ 109.697101603948255, -7.416359834310527 ], [ 109.696832110595764, -7.416359834310527 ], [ 109.696832110595764, -7.416629327663024 ], [ 109.696293123890769, -7.416629327663024 ], [ 109.696293123890769, -7.416898821015522 ], [ 109.696023630538264, -7.416898821015522 ], [ 109.696023630538264, -7.417168314368019 ], [ 109.695754137185773, -7.417168314368019 ], [ 109.695754137185773, -7.417437807720517 ], [ 109.695484643833268, -7.417437807720517 ], [ 109.695484643833268, -7.417707301073014 ], [ 109.695215150480777, -7.417707301073014 ], [ 109.695215150480777, -7.417976794425511 ], [ 109.694945657128272, -7.417976794425511 ], [ 109.694945657128272, -7.418246287778008 ], [ 109.694676163775782, -7.418246287778008 ], [ 109.694676163775782, -7.418515781130505 ], [ 109.694406670423277, -7.418515781130505 ], [ 109.694406670423277, -7.4190547678355 ], [ 109.694137177070786, -7.4190547678355 ], [ 109.694137177070786, -7.419593754540495 ], [ 109.693867683718281, -7.419593754540495 ], [ 109.693867683718281, -7.420941221302981 ], [ 109.69359819036579, -7.420941221302981 ], [ 109.69359819036579, -7.422558181417966 ], [ 109.6933286970133, -7.422558181417966 ], [ 109.6933286970133, -7.426331088352928 ], [ 109.69359819036579, -7.426331088352928 ], [ 109.69359819036579, -7.427948048467911 ], [ 109.693867683718281, -7.427948048467911 ], [ 109.693867683718281, -7.428756528525403 ], [ 109.694137177070786, -7.428756528525403 ], [ 109.694137177070786, -7.429295515230398 ], [ 109.694406670423277, -7.429295515230398 ], [ 109.694406670423277, -7.429565008582895 ], [ 109.694676163775782, -7.429565008582895 ], [ 109.694676163775782, -7.429834501935392 ], [ 109.694945657128272, -7.429834501935392 ], [ 109.694945657128272, -7.43010399528789 ], [ 109.695215150480777, -7.43010399528789 ], [ 109.695215150480777, -7.430373488640387 ], [ 109.695484643833268, -7.430373488640387 ], [ 109.695484643833268, -7.430642981992884 ], [ 109.696023630538264, -7.430642981992884 ], [ 109.696023630538264, -7.430912475345382 ], [ 109.696562617243259, -7.430912475345382 ], [ 109.696562617243259, -7.431451462050377 ], [ 109.696832110595764, -7.431451462050377 ], [ 109.696832110595764, -7.431720955402874 ], [ 109.697101603948255, -7.431720955402874 ], [ 109.697101603948255, -7.432259942107868 ], [ 109.69737109730076, -7.432259942107868 ], [ 109.69737109730076, -7.432798928812863 ], [ 109.697640590653251, -7.432798928812863 ], [ 109.697640590653251, -7.43306842216536 ], [ 109.697910084005741, -7.43306842216536 ], [ 109.697910084005741, -7.433337915517858 ], [ 109.698179577358246, -7.433337915517858 ], [ 109.698179577358246, -7.433607408870355 ], [ 109.698449070710737, -7.433607408870355 ], [ 109.698449070710737, -7.433876902222852 ], [ 109.698718564063242, -7.433876902222852 ], [ 109.698718564063242, -7.43414639557535 ], [ 109.699257550768237, -7.43414639557535 ], [ 109.699257550768237, -7.434415888927846 ], [ 109.699527044120728, -7.434415888927846 ], [ 109.699527044120728, -7.434685382280344 ], [ 109.700335524178229, -7.434685382280344 ], [ 109.700335524178229, -7.434954875632841 ], [ 109.700874510883224, -7.434954875632841 ], [ 109.700874510883224, -7.435224368985339 ], [ 109.701144004235715, -7.435224368985339 ], [ 109.701144004235715, -7.435493862337836 ], [ 109.701682990940711, -7.435493862337836 ], [ 109.701682990940711, -7.435763355690333 ], [ 109.701952484293201, -7.435763355690333 ], [ 109.701952484293201, -7.436032849042831 ], [ 109.702221977645706, -7.436032849042831 ], [ 109.702221977645706, -7.436302342395328 ], [ 109.702491470998197, -7.436302342395328 ], [ 109.702491470998197, -7.436571835747825 ], [ 109.703030457703193, -7.436571835747825 ], [ 109.703030457703193, -7.436841329100322 ], [ 109.703569444408188, -7.436841329100322 ], [ 109.703569444408188, -7.437110822452819 ], [ 109.703838937760693, -7.437110822452819 ], [ 109.703838937760693, -7.437380315805317 ], [ 109.70464741781818, -7.437380315805317 ], [ 109.70464741781818, -7.437649809157814 ], [ 109.705186404523175, -7.437649809157814 ], [ 109.705186404523175, -7.437919302510312 ], [ 109.706264377933167, -7.437919302510312 ], [ 109.706264377933167, -7.438188795862809 ], [ 109.707342351343158, -7.438188795862809 ], [ 109.707342351343158, -7.438458289215307 ], [ 109.70868981810564, -7.438458289215307 ], [ 109.70868981810564, -7.438727782567804 ], [ 109.709498298163126, -7.438727782567804 ], [ 109.709498298163126, -7.4389972759203 ], [ 109.710306778220627, -7.4389972759203 ], [ 109.710306778220627, -7.439266769272798 ], [ 109.711384751630618, -7.439266769272798 ], [ 109.711384751630618, -7.439536262625295 ], [ 109.712462725040595, -7.439536262625295 ], [ 109.712462725040595, -7.439805755977793 ], [ 109.7127322183931, -7.439805755977793 ], [ 109.7127322183931, -7.441422716092776 ], [ 109.713001711745591, -7.441422716092776 ], [ 109.713001711745591, -7.442770182855263 ], [ 109.713271205098096, -7.442770182855263 ], [ 109.713271205098096, -7.443848156265252 ], [ 109.713540698450586, -7.443848156265252 ], [ 109.713540698450586, -7.444656636322744 ], [ 109.713810191803091, -7.444656636322744 ], [ 109.713810191803091, -7.445195623027739 ], [ 109.714079685155582, -7.445195623027739 ], [ 109.714079685155582, -7.445734609732733 ], [ 109.714349178508087, -7.445734609732733 ], [ 109.714349178508087, -7.446273596437728 ], [ 109.714618671860578, -7.446273596437728 ], [ 109.714618671860578, -7.446543089790225 ], [ 109.714888165213083, -7.446543089790225 ], [ 109.714888165213083, -7.44708207649522 ], [ 109.715157658565573, -7.44708207649522 ], [ 109.715157658565573, -7.447351569847718 ], [ 109.715427151918078, -7.447351569847718 ], [ 109.715427151918078, -7.447621063200215 ], [ 109.715696645270569, -7.447621063200215 ], [ 109.715696645270569, -7.447890556552712 ], [ 109.716235631975565, -7.447890556552712 ], [ 109.716235631975565, -7.448160049905209 ], [ 109.716505125328055, -7.448160049905209 ], [ 109.716505125328055, -7.448429543257706 ], [ 109.718122085443042, -7.448429543257706 ], [ 109.718122085443042, -7.448699036610204 ], [ 109.720278032263025, -7.448699036610204 ], [ 109.720278032263025, -7.448968529962701 ], [ 109.72081701896802, -7.448968529962701 ], [ 109.72081701896802, -7.448699036610204 ], [ 109.722433979083007, -7.448699036610204 ], [ 109.722433979083007, -7.448429543257706 ], [ 109.72405093919798, -7.448429543257706 ], [ 109.72405093919798, -7.448160049905209 ], [ 109.72485941925548, -7.448160049905209 ], [ 109.72485941925548, -7.447890556552712 ], [ 109.725398405960476, -7.447890556552712 ], [ 109.725398405960476, -7.447621063200215 ], [ 109.725937392665472, -7.447621063200215 ], [ 109.725937392665472, -7.447351569847718 ], [ 109.726745872722958, -7.447351569847718 ], [ 109.726745872722958, -7.44708207649522 ], [ 109.727284859427954, -7.44708207649522 ], [ 109.727284859427954, -7.446812583142723 ], [ 109.72809333948544, -7.446812583142723 ], [ 109.72809333948544, -7.446543089790225 ], [ 109.728901819542941, -7.446543089790225 ], [ 109.728901819542941, -7.446273596437728 ], [ 109.730518779657928, -7.446273596437728 ], [ 109.730518779657928, -7.44600410308523 ], [ 109.73186624642041, -7.44600410308523 ], [ 109.73186624642041, -7.445734609732733 ], [ 109.733213713182892, -7.445734609732733 ], [ 109.733213713182892, -7.44600410308523 ], [ 109.733752699887887, -7.44600410308523 ], [ 109.733752699887887, -7.446273596437728 ], [ 109.734561179945388, -7.446273596437728 ], [ 109.734561179945388, -7.446543089790225 ], [ 109.735369660002874, -7.446543089790225 ], [ 109.735369660002874, -7.446812583142723 ], [ 109.73617814006036, -7.446812583142723 ], [ 109.73617814006036, -7.44708207649522 ], [ 109.736986620117861, -7.44708207649522 ], [ 109.736986620117861, -7.447621063200215 ], [ 109.737256113470352, -7.447621063200215 ], [ 109.737256113470352, -7.448429543257706 ], [ 109.737525606822857, -7.448429543257706 ], [ 109.737525606822857, -7.451393970135177 ], [ 109.737795100175347, -7.451393970135177 ], [ 109.737795100175347, -7.452202450192669 ], [ 109.737525606822857, -7.452202450192669 ], [ 109.737525606822857, -7.453819410307653 ], [ 109.737256113470352, -7.453819410307653 ], [ 109.737256113470352, -7.454897383717642 ], [ 109.736986620117861, -7.454897383717642 ], [ 109.736986620117861, -7.455705863775134 ], [ 109.736717126765356, -7.455705863775134 ], [ 109.736717126765356, -7.455975357127631 ], [ 109.736447633412865, -7.455975357127631 ], [ 109.736447633412865, -7.456244850480128 ], [ 109.73617814006036, -7.456244850480128 ], [ 109.73617814006036, -7.456514343832626 ], [ 109.73590864670787, -7.456514343832626 ], [ 109.73590864670787, -7.456783837185123 ], [ 109.741029020405321, -7.456783837185123 ], [ 109.741029020405321, -7.457053330537621 ], [ 109.742376487167803, -7.457053330537621 ], [ 109.742376487167803, -7.456783837185123 ], [ 109.745071420692781, -7.456783837185123 ], [ 109.745071420692781, -7.456514343832626 ], [ 109.748844327627737, -7.456514343832626 ], [ 109.748844327627737, -7.456244850480128 ], [ 109.749922301037728, -7.456244850480128 ], [ 109.749922301037728, -7.455975357127631 ], [ 109.750461287742723, -7.455975357127631 ], [ 109.750461287742723, -7.455436370422636 ], [ 109.750730781095214, -7.455436370422636 ], [ 109.750730781095214, -7.454897383717642 ], [ 109.751000274447719, -7.454897383717642 ], [ 109.751000274447719, -7.454358397012648 ], [ 109.75126976780021, -7.454358397012648 ], [ 109.75126976780021, -7.45408890366015 ], [ 109.751539261152715, -7.45408890366015 ], [ 109.751539261152715, -7.453549916955155 ], [ 109.751808754505205, -7.453549916955155 ], [ 109.751808754505205, -7.45301093025016 ], [ 109.75207824785771, -7.45301093025016 ], [ 109.75207824785771, -7.452471943545167 ], [ 109.752347741210201, -7.452471943545167 ], [ 109.752347741210201, -7.452202450192669 ], [ 109.752617234562706, -7.452202450192669 ], [ 109.752617234562706, -7.451393970135177 ], [ 109.752886727915197, -7.451393970135177 ], [ 109.752886727915197, -7.449777010020193 ], [ 109.752617234562706, -7.449777010020193 ], [ 109.752617234562706, -7.445195623027739 ], [ 109.752886727915197, -7.445195623027739 ], [ 109.752886727915197, -7.443039676207761 ], [ 109.753156221267702, -7.443039676207761 ], [ 109.753156221267702, -7.441153222740279 ], [ 109.753425714620192, -7.441153222740279 ], [ 109.753425714620192, -7.439536262625295 ], [ 109.75531216808767, -7.439536262625295 ], [ 109.75531216808767, -7.439805755977793 ], [ 109.756929128202657, -7.439805755977793 ], [ 109.756929128202657, -7.44007524933029 ], [ 109.758546088317644, -7.44007524933029 ], [ 109.758546088317644, -7.440344742682788 ], [ 109.759085075022639, -7.440344742682788 ], [ 109.759085075022639, -7.4389972759203 ], [ 109.75935456837513, -7.4389972759203 ], [ 109.75935456837513, -7.438188795862809 ], [ 109.759624061727635, -7.438188795862809 ], [ 109.759624061727635, -7.437380315805317 ], [ 109.759893555080126, -7.437380315805317 ], [ 109.759893555080126, -7.436571835747825 ], [ 109.760163048432631, -7.436571835747825 ], [ 109.760163048432631, -7.435763355690333 ], [ 109.760432541785121, -7.435763355690333 ], [ 109.760432541785121, -7.435493862337836 ], [ 109.760702035137626, -7.435493862337836 ], [ 109.760702035137626, -7.435224368985339 ], [ 109.765552915482573, -7.435224368985339 ], [ 109.765552915482573, -7.435493862337836 ], [ 109.766900382245055, -7.435493862337836 ], [ 109.766900382245055, -7.435763355690333 ], [ 109.767708862302555, -7.435763355690333 ], [ 109.767708862302555, -7.436032849042831 ], [ 109.767978355655046, -7.436032849042831 ], [ 109.767978355655046, -7.436302342395328 ], [ 109.768786835712532, -7.436302342395328 ], [ 109.768786835712532, -7.436571835747825 ], [ 109.769056329065037, -7.436571835747825 ], [ 109.769056329065037, -7.436841329100322 ], [ 109.769325822417528, -7.436841329100322 ], [ 109.769325822417528, -7.437110822452819 ], [ 109.769595315770033, -7.437110822452819 ], [ 109.769595315770033, -7.437380315805317 ], [ 109.769864809122524, -7.437380315805317 ], [ 109.769864809122524, -7.437649809157814 ], [ 109.770134302475029, -7.437649809157814 ], [ 109.770134302475029, -7.437919302510312 ], [ 109.770403795827519, -7.437919302510312 ], [ 109.770403795827519, -7.438188795862809 ], [ 109.770673289180024, -7.438188795862809 ], [ 109.770673289180024, -7.438458289215307 ], [ 109.770942782532515, -7.438458289215307 ], [ 109.770942782532515, -7.438727782567804 ], [ 109.77121227588502, -7.438727782567804 ], [ 109.77121227588502, -7.4389972759203 ], [ 109.771751262590016, -7.4389972759203 ], [ 109.771751262590016, -7.439266769272798 ], [ 109.772020755942506, -7.439266769272798 ], [ 109.772020755942506, -7.439536262625295 ], [ 109.772290249294997, -7.439536262625295 ], [ 109.772290249294997, -7.439805755977793 ], [ 109.772559742647502, -7.439805755977793 ], [ 109.772559742647502, -7.44007524933029 ], [ 109.772829236, -7.44007524933029 ], [ 109.772829236, -7.440344742682788 ], [ 109.773098729352498, -7.440344742682788 ], [ 109.773098729352498, -7.440614236035285 ], [ 109.773368222704988, -7.440614236035285 ], [ 109.773368222704988, -7.440883729387782 ], [ 109.773637716057493, -7.440883729387782 ], [ 109.773637716057493, -7.441422716092776 ], [ 109.773907209409984, -7.441422716092776 ], [ 109.773907209409984, -7.441692209445274 ], [ 109.774176702762489, -7.441692209445274 ], [ 109.774176702762489, -7.441961702797771 ], [ 109.77444619611498, -7.441961702797771 ], [ 109.77444619611498, -7.442231196150269 ], [ 109.774715689467484, -7.442231196150269 ], [ 109.774715689467484, -7.442500689502766 ], [ 109.774985182819975, -7.442500689502766 ], [ 109.774985182819975, -7.442770182855263 ], [ 109.775524169524971, -7.442770182855263 ], [ 109.775524169524971, -7.443039676207761 ], [ 109.775793662877476, -7.443039676207761 ], [ 109.775793662877476, -7.443309169560258 ], [ 109.776332649582457, -7.443309169560258 ], [ 109.776332649582457, -7.443578662912755 ], [ 109.776871636287453, -7.443578662912755 ], [ 109.776871636287453, -7.443848156265252 ], [ 109.777141129639958, -7.443848156265252 ], [ 109.777141129639958, -7.44411764961775 ], [ 109.777410622992448, -7.44411764961775 ], [ 109.777410622992448, -7.444387142970247 ], [ 109.777949609697444, -7.444387142970247 ], [ 109.777949609697444, -7.444656636322744 ], [ 109.778219103049949, -7.444656636322744 ], [ 109.778219103049949, -7.444926129675242 ], [ 109.778758089754945, -7.444926129675242 ], [ 109.778758089754945, -7.445195623027739 ], [ 109.779027583107435, -7.445195623027739 ], [ 109.779027583107435, -7.445465116380237 ], [ 109.779566569812431, -7.445465116380237 ], [ 109.779566569812431, -7.445734609732733 ], [ 109.780105556517427, -7.445734609732733 ], [ 109.780105556517427, -7.44600410308523 ], [ 109.780644543222422, -7.44600410308523 ], [ 109.780644543222422, -7.446273596437728 ], [ 109.781453023279909, -7.446273596437728 ], [ 109.781453023279909, -7.446543089790225 ], [ 109.782261503337409, -7.446543089790225 ], [ 109.782261503337409, -7.446812583142723 ], [ 109.783069983394896, -7.446812583142723 ], [ 109.783069983394896, -7.44708207649522 ], [ 109.784147956804887, -7.44708207649522 ], [ 109.784147956804887, -7.447351569847718 ], [ 109.785225930214878, -7.447351569847718 ], [ 109.785225930214878, -7.447621063200215 ], [ 109.787651370387351, -7.447621063200215 ], [ 109.787651370387351, -7.447890556552712 ], [ 109.790885290617311, -7.447890556552712 ], [ 109.790885290617311, -7.447621063200215 ], [ 109.793310730789798, -7.447621063200215 ], [ 109.793310730789798, -7.447351569847718 ], [ 109.795736170962272, -7.447351569847718 ], [ 109.795736170962272, -7.44708207649522 ], [ 109.802473504774696, -7.44708207649522 ], [ 109.802473504774696, -7.446812583142723 ], [ 109.803820971537192, -7.446812583142723 ], [ 109.803820971537192, -7.446543089790225 ], [ 109.804898944947183, -7.446543089790225 ], [ 109.804898944947183, -7.446273596437728 ], [ 109.80570742500467, -7.446273596437728 ], [ 109.80570742500467, -7.44600410308523 ], [ 109.806246411709665, -7.44600410308523 ], [ 109.806246411709665, -7.445734609732733 ], [ 109.806785398414661, -7.445734609732733 ], [ 109.806785398414661, -7.445465116380237 ], [ 109.807054891767152, -7.445465116380237 ], [ 109.807054891767152, -7.445195623027739 ], [ 109.807593878472147, -7.445195623027739 ], [ 109.807593878472147, -7.444926129675242 ], [ 109.807863371824652, -7.444926129675242 ], [ 109.807863371824652, -7.444656636322744 ], [ 109.808132865177143, -7.444656636322744 ], [ 109.808132865177143, -7.444387142970247 ], [ 109.808402358529648, -7.444387142970247 ], [ 109.808402358529648, -7.44411764961775 ], [ 109.808671851882139, -7.44411764961775 ], [ 109.808671851882139, -7.443848156265252 ], [ 109.808941345234643, -7.443848156265252 ], [ 109.808941345234643, -7.443309169560258 ], [ 109.809210838587134, -7.443309169560258 ], [ 109.809210838587134, -7.442770182855263 ], [ 109.809480331939639, -7.442770182855263 ], [ 109.809480331939639, -7.441961702797771 ], [ 109.810019318644621, -7.441961702797771 ], [ 109.810019318644621, -7.441422716092776 ], [ 109.810288811997125, -7.441422716092776 ], [ 109.810288811997125, -7.440614236035285 ], [ 109.810558305349616, -7.440614236035285 ], [ 109.810558305349616, -7.439805755977793 ], [ 109.810827798702121, -7.439805755977793 ], [ 109.810827798702121, -7.4389972759203 ], [ 109.810558305349616, -7.4389972759203 ], [ 109.810558305349616, -7.436571835747825 ], [ 109.810288811997125, -7.436571835747825 ], [ 109.810288811997125, -7.435493862337836 ], [ 109.810019318644621, -7.435493862337836 ], [ 109.810019318644621, -7.434954875632841 ], [ 109.809480331939639, -7.434954875632841 ], [ 109.809480331939639, -7.434685382280344 ], [ 109.809210838587134, -7.434685382280344 ], [ 109.809210838587134, -7.43414639557535 ], [ 109.808941345234643, -7.43414639557535 ], [ 109.808941345234643, -7.433876902222852 ], [ 109.808671851882139, -7.433876902222852 ], [ 109.808671851882139, -7.433607408870355 ], [ 109.808402358529648, -7.433607408870355 ], [ 109.808402358529648, -7.433337915517858 ], [ 109.808132865177143, -7.433337915517858 ], [ 109.808132865177143, -7.43306842216536 ], [ 109.807863371824652, -7.43306842216536 ], [ 109.807863371824652, -7.432798928812863 ], [ 109.807324385119657, -7.432798928812863 ], [ 109.807324385119657, -7.432529435460365 ], [ 109.807054891767152, -7.432529435460365 ], [ 109.807054891767152, -7.432259942107868 ], [ 109.806515905062156, -7.432259942107868 ], [ 109.806515905062156, -7.431990448755371 ], [ 109.80597691835716, -7.431990448755371 ], [ 109.80597691835716, -7.431720955402874 ], [ 109.805437931652179, -7.431720955402874 ], [ 109.805437931652179, -7.431451462050377 ], [ 109.805168438299674, -7.431451462050377 ], [ 109.805168438299674, -7.431181968697879 ], [ 109.804898944947183, -7.431181968697879 ], [ 109.804898944947183, -7.430912475345382 ], [ 109.804629451594678, -7.430912475345382 ], [ 109.804629451594678, -7.430642981992884 ], [ 109.804359958242188, -7.430642981992884 ], [ 109.804359958242188, -7.430373488640387 ], [ 109.804090464889683, -7.430373488640387 ], [ 109.804090464889683, -7.43010399528789 ], [ 109.803820971537192, -7.43010399528789 ], [ 109.803820971537192, -7.429834501935392 ], [ 109.803281984832196, -7.429834501935392 ], [ 109.803281984832196, -7.429565008582895 ], [ 109.803012491479691, -7.429565008582895 ], [ 109.803012491479691, -7.429295515230398 ], [ 109.802473504774696, -7.429295515230398 ], [ 109.802473504774696, -7.429026021877901 ], [ 109.802204011422205, -7.429026021877901 ], [ 109.802204011422205, -7.428756528525403 ], [ 109.801665024717209, -7.428756528525403 ], [ 109.801665024717209, -7.428487035172906 ], [ 109.801126038012214, -7.428487035172906 ], [ 109.801126038012214, -7.428217541820409 ], [ 109.800587051307218, -7.428217541820409 ], [ 109.800587051307218, -7.427948048467911 ], [ 109.800048064602223, -7.427948048467911 ], [ 109.800048064602223, -7.427678555115414 ], [ 109.799509077897227, -7.427678555115414 ], [ 109.799509077897227, -7.427409061762916 ], [ 109.799239584544736, -7.427409061762916 ], [ 109.799239584544736, -7.42713956841042 ], [ 109.798700597839741, -7.42713956841042 ], [ 109.798700597839741, -7.426870075057922 ], [ 109.798161611134745, -7.426870075057922 ], [ 109.798161611134745, -7.426600581705425 ], [ 109.797622624429749, -7.426600581705425 ], [ 109.797622624429749, -7.426331088352928 ], [ 109.795736170962272, -7.426331088352928 ], [ 109.795736170962272, -7.42606159500043 ], [ 109.791154783969816, -7.42606159500043 ], [ 109.791154783969816, -7.426331088352928 ], [ 109.789537823854829, -7.426331088352928 ], [ 109.789537823854829, -7.426600581705425 ], [ 109.788459850444838, -7.426600581705425 ], [ 109.788459850444838, -7.426870075057922 ], [ 109.787651370387351, -7.426870075057922 ], [ 109.787651370387351, -7.42713956841042 ], [ 109.786842890329865, -7.42713956841042 ], [ 109.786842890329865, -7.427409061762916 ], [ 109.786034410272364, -7.427409061762916 ], [ 109.786034410272364, -7.427678555115414 ], [ 109.785225930214878, -7.427678555115414 ], [ 109.785225930214878, -7.427948048467911 ], [ 109.784956436862373, -7.427948048467911 ], [ 109.784956436862373, -7.427678555115414 ], [ 109.7833394767474, -7.427678555115414 ], [ 109.7833394767474, -7.427409061762916 ], [ 109.781992009984904, -7.427409061762916 ], [ 109.781992009984904, -7.42713956841042 ], [ 109.780914036574913, -7.42713956841042 ], [ 109.780914036574913, -7.426870075057922 ], [ 109.780644543222422, -7.426870075057922 ], [ 109.780644543222422, -7.426600581705425 ], [ 109.780105556517427, -7.426600581705425 ], [ 109.780105556517427, -7.426331088352928 ], [ 109.779566569812431, -7.426331088352928 ], [ 109.779566569812431, -7.42606159500043 ], [ 109.779027583107435, -7.42606159500043 ], [ 109.779027583107435, -7.425792101647933 ], [ 109.77848859640244, -7.425792101647933 ], [ 109.77848859640244, -7.425522608295435 ], [ 109.777949609697444, -7.425522608295435 ], [ 109.777949609697444, -7.425253114942938 ], [ 109.777141129639958, -7.425253114942938 ], [ 109.777141129639958, -7.424983621590441 ], [ 109.776871636287453, -7.424983621590441 ], [ 109.776871636287453, -7.424714128237944 ], [ 109.776332649582457, -7.424714128237944 ], [ 109.776332649582457, -7.424444634885447 ], [ 109.776063156229966, -7.424444634885447 ], [ 109.776063156229966, -7.424175141532949 ], [ 109.775793662877476, -7.424175141532949 ], [ 109.775793662877476, -7.423905648180452 ], [ 109.775524169524971, -7.423905648180452 ], [ 109.775524169524971, -7.423366661475457 ], [ 109.77525467617248, -7.423366661475457 ], [ 109.77525467617248, -7.422827674770462 ], [ 109.774985182819975, -7.422827674770462 ], [ 109.774985182819975, -7.422558181417966 ], [ 109.774715689467484, -7.422558181417966 ], [ 109.774715689467484, -7.422019194712971 ], [ 109.77444619611498, -7.422019194712971 ], [ 109.77444619611498, -7.421749701360473 ], [ 109.774176702762489, -7.421749701360473 ], [ 109.774176702762489, -7.421480208007976 ], [ 109.773907209409984, -7.421480208007976 ], [ 109.773907209409984, -7.421210714655479 ], [ 109.773637716057493, -7.421210714655479 ], [ 109.773637716057493, -7.420941221302981 ], [ 109.773368222704988, -7.420941221302981 ], [ 109.773368222704988, -7.420671727950484 ], [ 109.773098729352498, -7.420671727950484 ], [ 109.773098729352498, -7.420402234597987 ], [ 109.772829236, -7.420402234597987 ], [ 109.772829236, -7.419863247892993 ], [ 109.772559742647502, -7.419863247892993 ], [ 109.772559742647502, -7.419324261187998 ], [ 109.772290249294997, -7.419324261187998 ], [ 109.772290249294997, -7.418515781130505 ], [ 109.772020755942506, -7.418515781130505 ], [ 109.772020755942506, -7.417976794425511 ], [ 109.771751262590016, -7.417976794425511 ], [ 109.771751262590016, -7.417437807720517 ], [ 109.771481769237511, -7.417437807720517 ], [ 109.771481769237511, -7.416898821015522 ], [ 109.77121227588502, -7.416898821015522 ], [ 109.77121227588502, -7.416359834310527 ], [ 109.770942782532515, -7.416359834310527 ], [ 109.770942782532515, -7.41609034095803 ], [ 109.770673289180024, -7.41609034095803 ], [ 109.770673289180024, -7.415820847605533 ], [ 109.770403795827519, -7.415820847605533 ], [ 109.770403795827519, -7.415281860900538 ], [ 109.770134302475029, -7.415281860900538 ], [ 109.770134302475029, -7.415012367548041 ], [ 109.769864809122524, -7.415012367548041 ], [ 109.769864809122524, -7.414742874195543 ], [ 109.769595315770033, -7.414742874195543 ], [ 109.769595315770033, -7.414203887490549 ], [ 109.769325822417528, -7.414203887490549 ], [ 109.769325822417528, -7.413934394138051 ], [ 109.769056329065037, -7.413934394138051 ], [ 109.769056329065037, -7.413664900785554 ], [ 109.768786835712532, -7.413664900785554 ], [ 109.768786835712532, -7.413395407433057 ], [ 109.768517342360042, -7.413395407433057 ], [ 109.768517342360042, -7.41312591408056 ], [ 109.768247849007551, -7.41312591408056 ], [ 109.768247849007551, -7.412856420728062 ], [ 109.767978355655046, -7.412856420728062 ], [ 109.767978355655046, -7.412586927375565 ], [ 109.767708862302555, -7.412586927375565 ], [ 109.767708862302555, -7.412317434023068 ], [ 109.76743936895005, -7.412317434023068 ], [ 109.76743936895005, -7.41204794067057 ], [ 109.76716987559756, -7.41204794067057 ], [ 109.76716987559756, -7.411778447318073 ], [ 109.766900382245055, -7.411778447318073 ], [ 109.766900382245055, -7.411508953965575 ], [ 109.766630888892564, -7.411508953965575 ], [ 109.766630888892564, -7.411239460613078 ], [ 109.766361395540059, -7.411239460613078 ], [ 109.766361395540059, -7.410969967260582 ], [ 109.766091902187569, -7.410969967260582 ], [ 109.766091902187569, -7.410430980555587 ], [ 109.765822408835064, -7.410430980555587 ], [ 109.765822408835064, -7.410161487203089 ], [ 109.765552915482573, -7.410161487203089 ], [ 109.765552915482573, -7.409891993850592 ], [ 109.765283422130068, -7.409891993850592 ], [ 109.765283422130068, -7.409622500498094 ], [ 109.765013928777577, -7.409622500498094 ], [ 109.765013928777577, -7.4090835137931 ], [ 109.764744435425072, -7.4090835137931 ], [ 109.764744435425072, -7.408814020440603 ], [ 109.764474942072582, -7.408814020440603 ], [ 109.764474942072582, -7.408275033735608 ], [ 109.764205448720091, -7.408275033735608 ], [ 109.764205448720091, -7.408005540383111 ], [ 109.763935955367586, -7.408005540383111 ], [ 109.763935955367586, -7.407736047030614 ], [ 109.763666462015095, -7.407736047030614 ], [ 109.763666462015095, -7.407197060325619 ], [ 109.76339696866259, -7.407197060325619 ], [ 109.76339696866259, -7.406658073620624 ], [ 109.7631274753101, -7.406658073620624 ], [ 109.7631274753101, -7.406388580268127 ], [ 109.762857981957595, -7.406388580268127 ], [ 109.762857981957595, -7.40611908691563 ], [ 109.762588488605104, -7.40611908691563 ], [ 109.762588488605104, -7.405580100210635 ], [ 109.762318995252599, -7.405580100210635 ], [ 109.762318995252599, -7.405310606858138 ], [ 109.762049501900108, -7.405310606858138 ], [ 109.762049501900108, -7.40504111350564 ], [ 109.761780008547603, -7.40504111350564 ], [ 109.761780008547603, -7.404771620153143 ], [ 109.761241021842608, -7.404771620153143 ], [ 109.761241021842608, -7.404502126800645 ], [ 109.760971528490117, -7.404502126800645 ], [ 109.760971528490117, -7.404232633448149 ], [ 109.760702035137626, -7.404232633448149 ], [ 109.760702035137626, -7.403963140095652 ], [ 109.760163048432631, -7.403963140095652 ], [ 109.760163048432631, -7.403693646743154 ], [ 109.759624061727635, -7.403693646743154 ], [ 109.759624061727635, -7.403424153390657 ], [ 109.759085075022639, -7.403424153390657 ], [ 109.759085075022639, -7.403154660038159 ], [ 109.758546088317644, -7.403154660038159 ], [ 109.758546088317644, -7.402885166685662 ], [ 109.758276594965139, -7.402885166685662 ], [ 109.758276594965139, -7.402615673333164 ], [ 109.757737608260143, -7.402615673333164 ], [ 109.757737608260143, -7.402346179980667 ], [ 109.757198621555162, -7.402346179980667 ], [ 109.757198621555162, -7.40207668662817 ], [ 109.756659634850166, -7.40207668662817 ], [ 109.756659634850166, -7.401807193275673 ], [ 109.755581661440175, -7.401807193275673 ], [ 109.755581661440175, -7.401537699923176 ], [ 109.754234194677679, -7.401537699923176 ], [ 109.754234194677679, -7.401268206570678 ], [ 109.753156221267702, -7.401268206570678 ], [ 109.753156221267702, -7.400998713218181 ], [ 109.749113820980241, -7.400998713218181 ], [ 109.749113820980241, -7.400729219865684 ], [ 109.748844327627737, -7.400729219865684 ] ] ] } },
{ "type": "Feature", "properties": { "fid": 6, "DN": 2, "Keterangan": "Sedang" }, "geometry": { "type": "Polygon", "coordinates": [ [ [ 109.521661431472509, -7.334703348503844 ], [ 109.521661431472509, -7.335511828561335 ], [ 109.521391938120018, -7.335511828561335 ], [ 109.521391938120018, -7.33605081526633 ], [ 109.521122444767514, -7.33605081526633 ], [ 109.521122444767514, -7.336859295323823 ], [ 109.520852951415023, -7.336859295323823 ], [ 109.520852951415023, -7.337667775381314 ], [ 109.520583458062518, -7.337667775381314 ], [ 109.520583458062518, -7.338206762086309 ], [ 109.520313964710027, -7.338206762086309 ], [ 109.520313964710027, -7.338745748791303 ], [ 109.520044471357522, -7.338745748791303 ], [ 109.520044471357522, -7.339554228848796 ], [ 109.519774978005032, -7.339554228848796 ], [ 109.519774978005032, -7.34009321555379 ], [ 109.519505484652527, -7.34009321555379 ], [ 109.519505484652527, -7.340901695611282 ], [ 109.519235991300036, -7.340901695611282 ], [ 109.519235991300036, -7.341440682316277 ], [ 109.518966497947531, -7.341440682316277 ], [ 109.518966497947531, -7.341979669021271 ], [ 109.51869700459504, -7.341979669021271 ], [ 109.51869700459504, -7.342788149078763 ], [ 109.518427511242535, -7.342788149078763 ], [ 109.518427511242535, -7.343596629136255 ], [ 109.51869700459504, -7.343596629136255 ], [ 109.51869700459504, -7.344405109193747 ], [ 109.518966497947531, -7.344405109193747 ], [ 109.518966497947531, -7.345483082603736 ], [ 109.519235991300036, -7.345483082603736 ], [ 109.519235991300036, -7.345752575956233 ], [ 109.519505484652527, -7.345752575956233 ], [ 109.519505484652527, -7.346022069308731 ], [ 109.520313964710027, -7.346022069308731 ], [ 109.520313964710027, -7.346291562661228 ], [ 109.521122444767514, -7.346291562661228 ], [ 109.521122444767514, -7.346561056013726 ], [ 109.521391938120018, -7.346561056013726 ], [ 109.521391938120018, -7.346830549366222 ], [ 109.521661431472509, -7.346830549366222 ], [ 109.521661431472509, -7.34710004271872 ], [ 109.521930924825, -7.34710004271872 ], [ 109.521930924825, -7.347369536071217 ], [ 109.522200418177505, -7.347369536071217 ], [ 109.522200418177505, -7.347639029423714 ], [ 109.522469911529996, -7.347639029423714 ], [ 109.522469911529996, -7.347908522776212 ], [ 109.5227394048825, -7.347908522776212 ], [ 109.5227394048825, -7.348447509481207 ], [ 109.523008898234991, -7.348447509481207 ], [ 109.523008898234991, -7.348717002833704 ], [ 109.523278391587496, -7.348717002833704 ], [ 109.523278391587496, -7.348986496186201 ], [ 109.523817378292492, -7.348986496186201 ], [ 109.523817378292492, -7.349255989538698 ], [ 109.524625858349978, -7.349255989538698 ], [ 109.524625858349978, -7.349525482891195 ], [ 109.524895351702483, -7.349525482891195 ], [ 109.524895351702483, -7.349794976243693 ], [ 109.525434338407479, -7.349794976243693 ], [ 109.525434338407479, -7.35006446959619 ], [ 109.525703831759969, -7.35006446959619 ], [ 109.525703831759969, -7.350333962948688 ], [ 109.52597332511246, -7.350333962948688 ], [ 109.52597332511246, -7.350603456301185 ], [ 109.526242818464965, -7.350603456301185 ], [ 109.526242818464965, -7.350872949653682 ], [ 109.526781805169961, -7.350872949653682 ], [ 109.526781805169961, -7.35114244300618 ], [ 109.527051298522451, -7.35114244300618 ], [ 109.527051298522451, -7.351411936358677 ], [ 109.527320791874956, -7.351411936358677 ], [ 109.527320791874956, -7.351681429711174 ], [ 109.527590285227447, -7.351681429711174 ], [ 109.527590285227447, -7.351950923063671 ], [ 109.527859778579952, -7.351950923063671 ], [ 109.527859778579952, -7.352220416416169 ], [ 109.528398765284948, -7.352220416416169 ], [ 109.528398765284948, -7.352489909768666 ], [ 109.528668258637438, -7.352489909768666 ], [ 109.528668258637438, -7.352759403121163 ], [ 109.528937751989943, -7.352759403121163 ], [ 109.528937751989943, -7.353028896473661 ], [ 109.529476738694925, -7.353028896473661 ], [ 109.529476738694925, -7.353298389826158 ], [ 109.52974623204743, -7.353298389826158 ], [ 109.52974623204743, -7.353567883178656 ], [ 109.53001572539992, -7.353567883178656 ], [ 109.53001572539992, -7.353837376531152 ], [ 109.530554712104916, -7.353837376531152 ], [ 109.530554712104916, -7.354106869883649 ], [ 109.530824205457421, -7.354106869883649 ], [ 109.530824205457421, -7.354376363236147 ], [ 109.531363192162416, -7.354376363236147 ], [ 109.531363192162416, -7.354645856588644 ], [ 109.531632685514907, -7.354645856588644 ], [ 109.531632685514907, -7.354915349941142 ], [ 109.532171672219903, -7.354915349941142 ], [ 109.532171672219903, -7.355184843293639 ], [ 109.532441165572408, -7.355184843293639 ], [ 109.532441165572408, -7.355454336646137 ], [ 109.532980152277403, -7.355454336646137 ], [ 109.532980152277403, -7.355723829998634 ], [ 109.533249645629894, -7.355723829998634 ], [ 109.533249645629894, -7.356262816703628 ], [ 109.533519138982385, -7.356262816703628 ], [ 109.533519138982385, -7.356532310056125 ], [ 109.53378863233489, -7.356532310056125 ], [ 109.53378863233489, -7.35707129676112 ], [ 109.53405812568738, -7.35707129676112 ], [ 109.53405812568738, -7.35814927017111 ], [ 109.534327619039885, -7.35814927017111 ], [ 109.534327619039885, -7.358688256876104 ], [ 109.53405812568738, -7.358688256876104 ], [ 109.53405812568738, -7.362730657163564 ], [ 109.534327619039885, -7.362730657163564 ], [ 109.534327619039885, -7.363269643868558 ], [ 109.53405812568738, -7.363269643868558 ], [ 109.53405812568738, -7.367581537508515 ], [ 109.534327619039885, -7.367581537508515 ], [ 109.534327619039885, -7.367851030861012 ], [ 109.53405812568738, -7.367851030861012 ], [ 109.53405812568738, -7.368120524213509 ], [ 109.534327619039885, -7.368120524213509 ], [ 109.534327619039885, -7.370545964385985 ], [ 109.534597112392376, -7.370545964385985 ], [ 109.534597112392376, -7.373240897910958 ], [ 109.534866605744881, -7.373240897910958 ], [ 109.534866605744881, -7.373510391263456 ], [ 109.535136099097372, -7.373510391263456 ], [ 109.535136099097372, -7.374857858025942 ], [ 109.535405592449877, -7.374857858025942 ], [ 109.535405592449877, -7.375666338083434 ], [ 109.535675085802367, -7.375666338083434 ], [ 109.535675085802367, -7.37701380484592 ], [ 109.535944579154872, -7.37701380484592 ], [ 109.535944579154872, -7.377552791550915 ], [ 109.536214072507363, -7.377552791550915 ], [ 109.536214072507363, -7.378630764960905 ], [ 109.536483565859868, -7.378630764960905 ], [ 109.536483565859868, -7.379169751665899 ], [ 109.536753059212359, -7.379169751665899 ], [ 109.536753059212359, -7.379439245018396 ], [ 109.537022552564849, -7.379439245018396 ], [ 109.537022552564849, -7.379978231723391 ], [ 109.537292045917354, -7.379978231723391 ], [ 109.537292045917354, -7.380247725075888 ], [ 109.537561539269845, -7.380247725075888 ], [ 109.537561539269845, -7.380786711780883 ], [ 109.53783103262235, -7.380786711780883 ], [ 109.53783103262235, -7.381056205133381 ], [ 109.538100525974841, -7.381056205133381 ], [ 109.538100525974841, -7.381325698485877 ], [ 109.538370019327346, -7.381325698485877 ], [ 109.538370019327346, -7.381864685190872 ], [ 109.538639512679836, -7.381864685190872 ], [ 109.538639512679836, -7.382403671895867 ], [ 109.538909006032341, -7.382403671895867 ], [ 109.538909006032341, -7.382942658600862 ], [ 109.539178499384832, -7.382942658600862 ], [ 109.539178499384832, -7.383481645305856 ], [ 109.539447992737337, -7.383481645305856 ], [ 109.539447992737337, -7.384290125363348 ], [ 109.539717486089828, -7.384290125363348 ], [ 109.539717486089828, -7.384829112068343 ], [ 109.539986979442332, -7.384829112068343 ], [ 109.539986979442332, -7.386176578830829 ], [ 109.540256472794823, -7.386176578830829 ], [ 109.540256472794823, -7.387524045593316 ], [ 109.540525966147328, -7.387524045593316 ], [ 109.540525966147328, -7.388332525650807 ], [ 109.540795459499819, -7.388332525650807 ], [ 109.540795459499819, -7.389141005708299 ], [ 109.541064952852309, -7.389141005708299 ], [ 109.541064952852309, -7.390218979118289 ], [ 109.541334446204814, -7.390218979118289 ], [ 109.541334446204814, -7.39102745917578 ], [ 109.541603939557305, -7.39102745917578 ], [ 109.541603939557305, -7.391296952528278 ], [ 109.54187343290981, -7.391296952528278 ], [ 109.54187343290981, -7.391566445880775 ], [ 109.542142926262301, -7.391566445880775 ], [ 109.542142926262301, -7.391835939233273 ], [ 109.542412419614806, -7.391835939233273 ], [ 109.542412419614806, -7.39210543258577 ], [ 109.542681912967296, -7.39210543258577 ], [ 109.542681912967296, -7.392374925938267 ], [ 109.543220899672292, -7.392374925938267 ], [ 109.543220899672292, -7.392644419290765 ], [ 109.543490393024797, -7.392644419290765 ], [ 109.543490393024797, -7.392913912643261 ], [ 109.543759886377288, -7.392913912643261 ], [ 109.543759886377288, -7.393183405995759 ], [ 109.544029379729793, -7.393183405995759 ], [ 109.544029379729793, -7.393452899348256 ], [ 109.544568366434774, -7.393452899348256 ], [ 109.544568366434774, -7.393722392700754 ], [ 109.544837859787279, -7.393722392700754 ], [ 109.544837859787279, -7.393991886053251 ], [ 109.54510735313977, -7.393991886053251 ], [ 109.54510735313977, -7.394261379405748 ], [ 109.545646339844765, -7.394261379405748 ], [ 109.545646339844765, -7.394530872758246 ], [ 109.54591583319727, -7.394530872758246 ], [ 109.54591583319727, -7.394800366110743 ], [ 109.546185326549761, -7.394800366110743 ], [ 109.546185326549761, -7.39506985946324 ], [ 109.546454819902266, -7.39506985946324 ], [ 109.546454819902266, -7.395339352815737 ], [ 109.546993806607261, -7.395339352815737 ], [ 109.546993806607261, -7.395608846168235 ], [ 109.547263299959752, -7.395608846168235 ], [ 109.547263299959752, -7.395878339520732 ], [ 109.547532793312257, -7.395878339520732 ], [ 109.547532793312257, -7.396147832873229 ], [ 109.547802286664748, -7.396147832873229 ], [ 109.547802286664748, -7.396417326225727 ], [ 109.548071780017239, -7.396417326225727 ], [ 109.548071780017239, -7.396686819578224 ], [ 109.548341273369743, -7.396686819578224 ], [ 109.548341273369743, -7.397225806283219 ], [ 109.548610766722234, -7.397225806283219 ], [ 109.548610766722234, -7.397495299635716 ], [ 109.548880260074739, -7.397495299635716 ], [ 109.548880260074739, -7.39803428634071 ], [ 109.54914975342723, -7.39803428634071 ], [ 109.54914975342723, -7.398573273045705 ], [ 109.548880260074739, -7.398573273045705 ], [ 109.548880260074739, -7.399651246455694 ], [ 109.54914975342723, -7.399651246455694 ], [ 109.54914975342723, -7.401268206570678 ], [ 109.548880260074739, -7.401268206570678 ], [ 109.548880260074739, -7.40207668662817 ], [ 109.548610766722234, -7.40207668662817 ], [ 109.548610766722234, -7.402346179980667 ], [ 109.548071780017239, -7.402346179980667 ], [ 109.548071780017239, -7.40207668662817 ], [ 109.546993806607261, -7.40207668662817 ], [ 109.546993806607261, -7.402346179980667 ], [ 109.546724313254757, -7.402346179980667 ], [ 109.546724313254757, -7.402885166685662 ], [ 109.546454819902266, -7.402885166685662 ], [ 109.546454819902266, -7.40504111350564 ], [ 109.54510735313977, -7.40504111350564 ], [ 109.54510735313977, -7.404502126800645 ], [ 109.544837859787279, -7.404502126800645 ], [ 109.544837859787279, -7.404232633448149 ], [ 109.544568366434774, -7.404232633448149 ], [ 109.544568366434774, -7.403693646743154 ], [ 109.544298873082283, -7.403693646743154 ], [ 109.544298873082283, -7.403424153390657 ], [ 109.544029379729793, -7.403424153390657 ], [ 109.544029379729793, -7.403154660038159 ], [ 109.542951406319801, -7.403154660038159 ], [ 109.542951406319801, -7.405310606858138 ], [ 109.542681912967296, -7.405310606858138 ], [ 109.542681912967296, -7.406658073620624 ], [ 109.542412419614806, -7.406658073620624 ], [ 109.542412419614806, -7.406927566973121 ], [ 109.541334446204814, -7.406927566973121 ], [ 109.541334446204814, -7.406658073620624 ], [ 109.539717486089828, -7.406658073620624 ], [ 109.539717486089828, -7.406388580268127 ], [ 109.538909006032341, -7.406388580268127 ], [ 109.538909006032341, -7.40611908691563 ], [ 109.538100525974841, -7.40611908691563 ], [ 109.538100525974841, -7.405849593563133 ], [ 109.536753059212359, -7.405849593563133 ], [ 109.536753059212359, -7.406658073620624 ], [ 109.537022552564849, -7.406658073620624 ], [ 109.537022552564849, -7.408005540383111 ], [ 109.536483565859868, -7.408005540383111 ], [ 109.536483565859868, -7.408275033735608 ], [ 109.535944579154872, -7.408275033735608 ], [ 109.535944579154872, -7.408005540383111 ], [ 109.535675085802367, -7.408005540383111 ], [ 109.535675085802367, -7.407736047030614 ], [ 109.535405592449877, -7.407736047030614 ], [ 109.535405592449877, -7.407197060325619 ], [ 109.535136099097372, -7.407197060325619 ], [ 109.535136099097372, -7.406927566973121 ], [ 109.534327619039885, -7.406927566973121 ], [ 109.534327619039885, -7.406658073620624 ], [ 109.53405812568738, -7.406658073620624 ], [ 109.53405812568738, -7.406927566973121 ], [ 109.533519138982385, -7.406927566973121 ], [ 109.533519138982385, -7.406658073620624 ], [ 109.532710658924898, -7.406658073620624 ], [ 109.532710658924898, -7.406927566973121 ], [ 109.532441165572408, -7.406927566973121 ], [ 109.532441165572408, -7.408275033735608 ], [ 109.532171672219903, -7.408275033735608 ], [ 109.532171672219903, -7.408544527088106 ], [ 109.531902178867412, -7.408544527088106 ], [ 109.531902178867412, -7.408814020440603 ], [ 109.531093698809912, -7.408814020440603 ], [ 109.531093698809912, -7.4090835137931 ], [ 109.530285218752425, -7.4090835137931 ], [ 109.530285218752425, -7.409353007145597 ], [ 109.529476738694925, -7.409353007145597 ], [ 109.529476738694925, -7.409622500498094 ], [ 109.52597332511246, -7.409622500498094 ], [ 109.52597332511246, -7.409891993850592 ], [ 109.525434338407479, -7.409891993850592 ], [ 109.525434338407479, -7.410161487203089 ], [ 109.524895351702483, -7.410161487203089 ], [ 109.524895351702483, -7.410430980555587 ], [ 109.524356364997487, -7.410430980555587 ], [ 109.524356364997487, -7.410700473908084 ], [ 109.5227394048825, -7.410700473908084 ], [ 109.5227394048825, -7.410969967260582 ], [ 109.522200418177505, -7.410969967260582 ], [ 109.522200418177505, -7.411239460613078 ], [ 109.520852951415023, -7.411239460613078 ], [ 109.520852951415023, -7.411508953965575 ], [ 109.520044471357522, -7.411508953965575 ], [ 109.520044471357522, -7.411778447318073 ], [ 109.519235991300036, -7.411778447318073 ], [ 109.519235991300036, -7.411508953965575 ], [ 109.518158017890045, -7.411508953965575 ], [ 109.518158017890045, -7.411778447318073 ], [ 109.517888524537554, -7.411778447318073 ], [ 109.517888524537554, -7.41204794067057 ], [ 109.517619031185049, -7.41204794067057 ], [ 109.517619031185049, -7.412317434023068 ], [ 109.517349537832558, -7.412317434023068 ], [ 109.517349537832558, -7.412586927375565 ], [ 109.516002071070062, -7.412586927375565 ], [ 109.516002071070062, -7.412317434023068 ], [ 109.515463084365066, -7.412317434023068 ], [ 109.515463084365066, -7.41204794067057 ], [ 109.515193591012576, -7.41204794067057 ], [ 109.515193591012576, -7.411508953965575 ], [ 109.514924097660071, -7.411508953965575 ], [ 109.514924097660071, -7.411239460613078 ], [ 109.51465460430758, -7.411239460613078 ], [ 109.51465460430758, -7.410969967260582 ], [ 109.513307137545098, -7.410969967260582 ], [ 109.513307137545098, -7.411508953965575 ], [ 109.513037644192593, -7.411508953965575 ], [ 109.513037644192593, -7.411778447318073 ], [ 109.512768150840103, -7.411778447318073 ], [ 109.512768150840103, -7.41204794067057 ], [ 109.511959670782602, -7.41204794067057 ], [ 109.511959670782602, -7.412317434023068 ], [ 109.511420684077606, -7.412317434023068 ], [ 109.511420684077606, -7.412586927375565 ], [ 109.51061220402012, -7.412586927375565 ], [ 109.51061220402012, -7.41204794067057 ], [ 109.510342710667629, -7.41204794067057 ], [ 109.510342710667629, -7.411508953965575 ], [ 109.510073217315124, -7.411508953965575 ], [ 109.510073217315124, -7.411239460613078 ], [ 109.509534230610129, -7.411239460613078 ], [ 109.509534230610129, -7.411508953965575 ], [ 109.509264737257638, -7.411508953965575 ], [ 109.509264737257638, -7.411778447318073 ], [ 109.508995243905133, -7.411778447318073 ], [ 109.508995243905133, -7.41204794067057 ], [ 109.508186763847647, -7.41204794067057 ], [ 109.508186763847647, -7.410969967260582 ], [ 109.507917270495142, -7.410969967260582 ], [ 109.507917270495142, -7.410430980555587 ], [ 109.507647777142651, -7.410430980555587 ], [ 109.507647777142651, -7.410161487203089 ], [ 109.507378283790146, -7.410161487203089 ], [ 109.507378283790146, -7.409891993850592 ], [ 109.504413856912677, -7.409891993850592 ], [ 109.504413856912677, -7.410161487203089 ], [ 109.504144363560187, -7.410161487203089 ], [ 109.504144363560187, -7.410430980555587 ], [ 109.503874870207682, -7.410430980555587 ], [ 109.503874870207682, -7.410700473908084 ], [ 109.503605376855191, -7.410700473908084 ], [ 109.503605376855191, -7.411239460613078 ], [ 109.503335883502686, -7.411239460613078 ], [ 109.503335883502686, -7.411778447318073 ], [ 109.503605376855191, -7.411778447318073 ], [ 109.503605376855191, -7.412317434023068 ], [ 109.503874870207682, -7.412317434023068 ], [ 109.503874870207682, -7.412856420728062 ], [ 109.504144363560187, -7.412856420728062 ], [ 109.504144363560187, -7.413395407433057 ], [ 109.504413856912677, -7.413395407433057 ], [ 109.504413856912677, -7.413664900785554 ], [ 109.504683350265182, -7.413664900785554 ], [ 109.504683350265182, -7.413934394138051 ], [ 109.504952843617673, -7.413934394138051 ], [ 109.504952843617673, -7.414203887490549 ], [ 109.505222336970178, -7.414203887490549 ], [ 109.505222336970178, -7.414473380843046 ], [ 109.505491830322669, -7.414473380843046 ], [ 109.505491830322669, -7.414742874195543 ], [ 109.505761323675173, -7.414742874195543 ], [ 109.505761323675173, -7.415012367548041 ], [ 109.506030817027664, -7.415012367548041 ], [ 109.506030817027664, -7.415281860900538 ], [ 109.506300310380169, -7.415281860900538 ], [ 109.506300310380169, -7.415551354253036 ], [ 109.50656980373266, -7.415551354253036 ], [ 109.50656980373266, -7.415820847605533 ], [ 109.506839297085165, -7.415820847605533 ], [ 109.506839297085165, -7.41609034095803 ], [ 109.507108790437655, -7.41609034095803 ], [ 109.507108790437655, -7.416359834310527 ], [ 109.507378283790146, -7.416359834310527 ], [ 109.507378283790146, -7.416898821015522 ], [ 109.507647777142651, -7.416898821015522 ], [ 109.507647777142651, -7.417168314368019 ], [ 109.507917270495142, -7.417168314368019 ], [ 109.507917270495142, -7.417707301073014 ], [ 109.508186763847647, -7.417707301073014 ], [ 109.508186763847647, -7.418515781130505 ], [ 109.508456257200137, -7.418515781130505 ], [ 109.508456257200137, -7.419863247892993 ], [ 109.508186763847647, -7.419863247892993 ], [ 109.508186763847647, -7.420402234597987 ], [ 109.507917270495142, -7.420402234597987 ], [ 109.507917270495142, -7.420671727950484 ], [ 109.507647777142651, -7.420671727950484 ], [ 109.507647777142651, -7.420941221302981 ], [ 109.507108790437655, -7.420941221302981 ], [ 109.507108790437655, -7.421210714655479 ], [ 109.506839297085165, -7.421210714655479 ], [ 109.506839297085165, -7.421480208007976 ], [ 109.50656980373266, -7.421480208007976 ], [ 109.50656980373266, -7.422019194712971 ], [ 109.506300310380169, -7.422019194712971 ], [ 109.506300310380169, -7.422288688065468 ], [ 109.506030817027664, -7.422288688065468 ], [ 109.506030817027664, -7.42309716812296 ], [ 109.505761323675173, -7.42309716812296 ], [ 109.505761323675173, -7.425792101647933 ], [ 109.506030817027664, -7.425792101647933 ], [ 109.506030817027664, -7.426331088352928 ], [ 109.506300310380169, -7.426331088352928 ], [ 109.506300310380169, -7.426600581705425 ], [ 109.50656980373266, -7.426600581705425 ], [ 109.50656980373266, -7.426870075057922 ], [ 109.506839297085165, -7.426870075057922 ], [ 109.506839297085165, -7.431720955402874 ], [ 109.50656980373266, -7.431720955402874 ], [ 109.50656980373266, -7.434415888927846 ], [ 109.506839297085165, -7.434415888927846 ], [ 109.506839297085165, -7.435493862337836 ], [ 109.507108790437655, -7.435493862337836 ], [ 109.507108790437655, -7.436032849042831 ], [ 109.507378283790146, -7.436032849042831 ], [ 109.507378283790146, -7.436841329100322 ], [ 109.507647777142651, -7.436841329100322 ], [ 109.507647777142651, -7.437649809157814 ], [ 109.507917270495142, -7.437649809157814 ], [ 109.507917270495142, -7.438458289215307 ], [ 109.508186763847647, -7.438458289215307 ], [ 109.508186763847647, -7.438727782567804 ], [ 109.508456257200137, -7.438727782567804 ], [ 109.508456257200137, -7.439805755977793 ], [ 109.508186763847647, -7.439805755977793 ], [ 109.508186763847647, -7.441422716092776 ], [ 109.507917270495142, -7.441422716092776 ], [ 109.507917270495142, -7.44708207649522 ], [ 109.507647777142651, -7.44708207649522 ], [ 109.507647777142651, -7.447890556552712 ], [ 109.507108790437655, -7.447890556552712 ], [ 109.507108790437655, -7.447621063200215 ], [ 109.506300310380169, -7.447621063200215 ], [ 109.506300310380169, -7.447890556552712 ], [ 109.506030817027664, -7.447890556552712 ], [ 109.506030817027664, -7.448699036610204 ], [ 109.506300310380169, -7.448699036610204 ], [ 109.506300310380169, -7.448968529962701 ], [ 109.506030817027664, -7.448968529962701 ], [ 109.506030817027664, -7.449507516667696 ], [ 109.505761323675173, -7.449507516667696 ], [ 109.505761323675173, -7.449777010020193 ], [ 109.505491830322669, -7.449777010020193 ], [ 109.505491830322669, -7.450046503372691 ], [ 109.504683350265182, -7.450046503372691 ], [ 109.504683350265182, -7.449777010020193 ], [ 109.504413856912677, -7.449777010020193 ], [ 109.504413856912677, -7.449238023315198 ], [ 109.504144363560187, -7.449238023315198 ], [ 109.504144363560187, -7.448968529962701 ], [ 109.503874870207682, -7.448968529962701 ], [ 109.503874870207682, -7.448699036610204 ], [ 109.503605376855191, -7.448699036610204 ], [ 109.503605376855191, -7.448429543257706 ], [ 109.503335883502686, -7.448429543257706 ], [ 109.503335883502686, -7.448160049905209 ], [ 109.501718923387713, -7.448160049905209 ], [ 109.501718923387713, -7.448429543257706 ], [ 109.500910443330213, -7.448429543257706 ], [ 109.500910443330213, -7.448699036610204 ], [ 109.500371456625217, -7.448699036610204 ], [ 109.500371456625217, -7.448968529962701 ], [ 109.500101963272726, -7.448968529962701 ], [ 109.500101963272726, -7.449238023315198 ], [ 109.499562976567731, -7.449238023315198 ], [ 109.499562976567731, -7.449507516667696 ], [ 109.499023989862735, -7.449507516667696 ], [ 109.499023989862735, -7.449238023315198 ], [ 109.498754496510244, -7.449238023315198 ], [ 109.498754496510244, -7.448699036610204 ], [ 109.498485003157739, -7.448699036610204 ], [ 109.498485003157739, -7.447890556552712 ], [ 109.498215509805249, -7.447890556552712 ], [ 109.498215509805249, -7.447621063200215 ], [ 109.497946016452744, -7.447621063200215 ], [ 109.497946016452744, -7.447351569847718 ], [ 109.497676523100253, -7.447351569847718 ], [ 109.497676523100253, -7.44708207649522 ], [ 109.497407029747748, -7.44708207649522 ], [ 109.497407029747748, -7.446812583142723 ], [ 109.496059562985266, -7.446812583142723 ], [ 109.496059562985266, -7.44708207649522 ], [ 109.495790069632761, -7.44708207649522 ], [ 109.495790069632761, -7.447621063200215 ], [ 109.495520576280271, -7.447621063200215 ], [ 109.495520576280271, -7.448160049905209 ], [ 109.49525108292778, -7.448160049905209 ], [ 109.49525108292778, -7.448429543257706 ], [ 109.494981589575275, -7.448429543257706 ], [ 109.494981589575275, -7.448699036610204 ], [ 109.494712096222784, -7.448699036610204 ], [ 109.494712096222784, -7.448968529962701 ], [ 109.494442602870279, -7.448968529962701 ], [ 109.494442602870279, -7.449238023315198 ], [ 109.494173109517789, -7.449238023315198 ], [ 109.494173109517789, -7.449507516667696 ], [ 109.493634122812793, -7.449507516667696 ], [ 109.493634122812793, -7.449238023315198 ], [ 109.493364629460288, -7.449238023315198 ], [ 109.493364629460288, -7.448968529962701 ], [ 109.493095136107797, -7.448968529962701 ], [ 109.493095136107797, -7.448699036610204 ], [ 109.492825642755292, -7.448699036610204 ], [ 109.492825642755292, -7.448429543257706 ], [ 109.492556149402802, -7.448429543257706 ], [ 109.492556149402802, -7.447890556552712 ], [ 109.492286656050297, -7.447890556552712 ], [ 109.492286656050297, -7.447621063200215 ], [ 109.492017162697806, -7.447621063200215 ], [ 109.492017162697806, -7.447351569847718 ], [ 109.491747669345315, -7.447351569847718 ], [ 109.491747669345315, -7.44708207649522 ], [ 109.49147817599281, -7.44708207649522 ], [ 109.49147817599281, -7.446812583142723 ], [ 109.49120868264032, -7.446812583142723 ], [ 109.49120868264032, -7.446273596437728 ], [ 109.490939189287815, -7.446273596437728 ], [ 109.490939189287815, -7.445734609732733 ], [ 109.490669695935324, -7.445734609732733 ], [ 109.490669695935324, -7.444926129675242 ], [ 109.490400202582819, -7.444926129675242 ], [ 109.490400202582819, -7.44411764961775 ], [ 109.490130709230328, -7.44411764961775 ], [ 109.490130709230328, -7.443309169560258 ], [ 109.489861215877823, -7.443309169560258 ], [ 109.489861215877823, -7.443039676207761 ], [ 109.489591722525333, -7.443039676207761 ], [ 109.489591722525333, -7.442770182855263 ], [ 109.489322229172828, -7.442770182855263 ], [ 109.489322229172828, -7.442500689502766 ], [ 109.489052735820337, -7.442500689502766 ], [ 109.489052735820337, -7.442231196150269 ], [ 109.48743577570535, -7.442231196150269 ], [ 109.48743577570535, -7.44411764961775 ], [ 109.48716628235286, -7.44411764961775 ], [ 109.48716628235286, -7.444387142970247 ], [ 109.486896789000355, -7.444387142970247 ], [ 109.486896789000355, -7.444656636322744 ], [ 109.486627295647864, -7.444656636322744 ], [ 109.486627295647864, -7.444926129675242 ], [ 109.486357802295359, -7.444926129675242 ], [ 109.486357802295359, -7.445195623027739 ], [ 109.485818815590363, -7.445195623027739 ], [ 109.485818815590363, -7.445465116380237 ], [ 109.485279828885368, -7.445465116380237 ], [ 109.485279828885368, -7.445195623027739 ], [ 109.485010335532877, -7.445195623027739 ], [ 109.485010335532877, -7.444926129675242 ], [ 109.484740842180372, -7.444926129675242 ], [ 109.484740842180372, -7.444656636322744 ], [ 109.484471348827881, -7.444656636322744 ], [ 109.484471348827881, -7.443848156265252 ], [ 109.484201855475391, -7.443848156265252 ], [ 109.484201855475391, -7.443309169560258 ], [ 109.483932362122886, -7.443309169560258 ], [ 109.483932362122886, -7.442770182855263 ], [ 109.483662868770395, -7.442770182855263 ], [ 109.483662868770395, -7.442231196150269 ], [ 109.48339337541789, -7.442231196150269 ], [ 109.48339337541789, -7.441961702797771 ], [ 109.483123882065399, -7.441961702797771 ], [ 109.483123882065399, -7.441692209445274 ], [ 109.482854388712894, -7.441692209445274 ], [ 109.482854388712894, -7.441422716092776 ], [ 109.482315402007899, -7.441422716092776 ], [ 109.482315402007899, -7.441153222740279 ], [ 109.480967935245417, -7.441153222740279 ], [ 109.480967935245417, -7.441422716092776 ], [ 109.480428948540421, -7.441422716092776 ], [ 109.480428948540421, -7.441961702797771 ], [ 109.48015945518793, -7.441961702797771 ], [ 109.48015945518793, -7.442500689502766 ], [ 109.480428948540421, -7.442500689502766 ], [ 109.480428948540421, -7.442770182855263 ], [ 109.480967935245417, -7.442770182855263 ], [ 109.480967935245417, -7.443039676207761 ], [ 109.481237428597908, -7.443039676207761 ], [ 109.481237428597908, -7.443309169560258 ], [ 109.481776415302903, -7.443309169560258 ], [ 109.481776415302903, -7.443578662912755 ], [ 109.482045908655408, -7.443578662912755 ], [ 109.482045908655408, -7.44411764961775 ], [ 109.481776415302903, -7.44411764961775 ], [ 109.481776415302903, -7.444387142970247 ], [ 109.481506921950412, -7.444387142970247 ], [ 109.481506921950412, -7.444656636322744 ], [ 109.481237428597908, -7.444656636322744 ], [ 109.481237428597908, -7.444926129675242 ], [ 109.480698441892926, -7.444926129675242 ], [ 109.480698441892926, -7.445195623027739 ], [ 109.480428948540421, -7.445195623027739 ], [ 109.480428948540421, -7.445465116380237 ], [ 109.479620468482935, -7.445465116380237 ], [ 109.479620468482935, -7.445734609732733 ], [ 109.477195028310447, -7.445734609732733 ], [ 109.477195028310447, -7.445465116380237 ], [ 109.476386548252961, -7.445465116380237 ], [ 109.476386548252961, -7.445195623027739 ], [ 109.47611705490047, -7.445195623027739 ], [ 109.47611705490047, -7.444926129675242 ], [ 109.475847561547965, -7.444926129675242 ], [ 109.475847561547965, -7.444656636322744 ], [ 109.475578068195475, -7.444656636322744 ], [ 109.475578068195475, -7.44411764961775 ], [ 109.47530857484297, -7.44411764961775 ], [ 109.47530857484297, -7.443039676207761 ], [ 109.475039081490479, -7.443039676207761 ], [ 109.475039081490479, -7.441961702797771 ], [ 109.474769588137974, -7.441961702797771 ], [ 109.474769588137974, -7.441692209445274 ], [ 109.472883134670496, -7.441692209445274 ], [ 109.472883134670496, -7.441961702797771 ], [ 109.472344147965501, -7.441961702797771 ], [ 109.472344147965501, -7.442231196150269 ], [ 109.47207465461301, -7.442231196150269 ], [ 109.47207465461301, -7.443039676207761 ], [ 109.471805161260505, -7.443039676207761 ], [ 109.471805161260505, -7.44411764961775 ], [ 109.47207465461301, -7.44411764961775 ], [ 109.47207465461301, -7.444926129675242 ], [ 109.472344147965501, -7.444926129675242 ], [ 109.472344147965501, -7.445465116380237 ], [ 109.472613641318006, -7.445465116380237 ], [ 109.472613641318006, -7.44600410308523 ], [ 109.472883134670496, -7.44600410308523 ], [ 109.472883134670496, -7.446543089790225 ], [ 109.473152628023001, -7.446543089790225 ], [ 109.473152628023001, -7.448160049905209 ], [ 109.472883134670496, -7.448160049905209 ], [ 109.472883134670496, -7.448429543257706 ], [ 109.472344147965501, -7.448429543257706 ], [ 109.472344147965501, -7.448699036610204 ], [ 109.471535667908014, -7.448699036610204 ], [ 109.471535667908014, -7.448968529962701 ], [ 109.469649214440523, -7.448968529962701 ], [ 109.469649214440523, -7.448699036610204 ], [ 109.469110227735541, -7.448699036610204 ], [ 109.469110227735541, -7.448429543257706 ], [ 109.468571241030546, -7.448429543257706 ], [ 109.468571241030546, -7.448160049905209 ], [ 109.46803225432555, -7.448160049905209 ], [ 109.46803225432555, -7.447890556552712 ], [ 109.467223774268049, -7.447890556552712 ], [ 109.467223774268049, -7.447621063200215 ], [ 109.466684787563054, -7.447621063200215 ], [ 109.466684787563054, -7.447351569847718 ], [ 109.466415294210563, -7.447351569847718 ], [ 109.466415294210563, -7.44708207649522 ], [ 109.466145800858058, -7.44708207649522 ], [ 109.466145800858058, -7.446812583142723 ], [ 109.465876307505567, -7.446812583142723 ], [ 109.465876307505567, -7.446543089790225 ], [ 109.465606814153077, -7.446543089790225 ], [ 109.465606814153077, -7.446273596437728 ], [ 109.465337320800572, -7.446273596437728 ], [ 109.465337320800572, -7.44600410308523 ], [ 109.464259347390581, -7.44600410308523 ], [ 109.464259347390581, -7.446273596437728 ], [ 109.463720360685585, -7.446273596437728 ], [ 109.463720360685585, -7.446543089790225 ], [ 109.462911880628099, -7.446543089790225 ], [ 109.462911880628099, -7.446812583142723 ], [ 109.462372893923103, -7.446812583142723 ], [ 109.462372893923103, -7.44708207649522 ], [ 109.462103400570612, -7.44708207649522 ], [ 109.462103400570612, -7.447351569847718 ], [ 109.461564413865617, -7.447351569847718 ], [ 109.461564413865617, -7.449777010020193 ], [ 109.461294920513112, -7.449777010020193 ], [ 109.461294920513112, -7.450854983430182 ], [ 109.461025427160621, -7.450854983430182 ], [ 109.461025427160621, -7.451393970135177 ], [ 109.460755933808116, -7.451393970135177 ], [ 109.460755933808116, -7.451663463487674 ], [ 109.460486440455625, -7.451663463487674 ], [ 109.460486440455625, -7.451932956840172 ], [ 109.46021694710312, -7.451932956840172 ], [ 109.46021694710312, -7.452202450192669 ], [ 109.45994745375063, -7.452202450192669 ], [ 109.45994745375063, -7.452471943545167 ], [ 109.459138973693129, -7.452471943545167 ], [ 109.459138973693129, -7.452741436897663 ], [ 109.455905053463169, -7.452741436897663 ], [ 109.455905053463169, -7.452471943545167 ], [ 109.455096573405669, -7.452471943545167 ], [ 109.455096573405669, -7.452202450192669 ], [ 109.454557586700687, -7.452202450192669 ], [ 109.454557586700687, -7.451932956840172 ], [ 109.454288093348183, -7.451932956840172 ], [ 109.454288093348183, -7.451663463487674 ], [ 109.454018599995692, -7.451663463487674 ], [ 109.454018599995692, -7.451393970135177 ], [ 109.453749106643187, -7.451393970135177 ], [ 109.453749106643187, -7.451124476782679 ], [ 109.453479613290696, -7.451124476782679 ], [ 109.453479613290696, -7.449238023315198 ], [ 109.453210119938191, -7.449238023315198 ], [ 109.453210119938191, -7.447890556552712 ], [ 109.452940626585701, -7.447890556552712 ], [ 109.452940626585701, -7.44708207649522 ], [ 109.452671133233196, -7.44708207649522 ], [ 109.452671133233196, -7.446812583142723 ], [ 109.451862653175709, -7.446812583142723 ], [ 109.451862653175709, -7.446543089790225 ], [ 109.449706706355727, -7.446543089790225 ], [ 109.449706706355727, -7.446812583142723 ], [ 109.449437213003236, -7.446812583142723 ], [ 109.449437213003236, -7.44708207649522 ], [ 109.449167719650731, -7.44708207649522 ], [ 109.449167719650731, -7.447351569847718 ], [ 109.44889822629824, -7.447351569847718 ], [ 109.44889822629824, -7.447621063200215 ], [ 109.448628732945735, -7.447621063200215 ], [ 109.448628732945735, -7.448160049905209 ], [ 109.448359239593245, -7.448160049905209 ], [ 109.448359239593245, -7.448429543257706 ], [ 109.44808974624074, -7.448429543257706 ], [ 109.44808974624074, -7.448699036610204 ], [ 109.447820252888249, -7.448699036610204 ], [ 109.447820252888249, -7.448968529962701 ], [ 109.447281266183253, -7.448968529962701 ], [ 109.447281266183253, -7.449507516667696 ], [ 109.447011772830763, -7.449507516667696 ], [ 109.447011772830763, -7.449777010020193 ], [ 109.446742279478258, -7.449777010020193 ], [ 109.446742279478258, -7.451393970135177 ], [ 109.447011772830763, -7.451393970135177 ], [ 109.447011772830763, -7.451663463487674 ], [ 109.447281266183253, -7.451663463487674 ], [ 109.447281266183253, -7.451932956840172 ], [ 109.447550759535744, -7.451932956840172 ], [ 109.447550759535744, -7.452202450192669 ], [ 109.447820252888249, -7.452202450192669 ], [ 109.447820252888249, -7.452471943545167 ], [ 109.44808974624074, -7.452471943545167 ], [ 109.44808974624074, -7.452741436897663 ], [ 109.448359239593245, -7.452741436897663 ], [ 109.448359239593245, -7.45301093025016 ], [ 109.448628732945735, -7.45301093025016 ], [ 109.448628732945735, -7.45408890366015 ], [ 109.448359239593245, -7.45408890366015 ], [ 109.448359239593245, -7.454358397012648 ], [ 109.44808974624074, -7.454358397012648 ], [ 109.44808974624074, -7.454627890365145 ], [ 109.447820252888249, -7.454627890365145 ], [ 109.447820252888249, -7.455166877070139 ], [ 109.447550759535744, -7.455166877070139 ], [ 109.447550759535744, -7.455436370422636 ], [ 109.447281266183253, -7.455436370422636 ], [ 109.447281266183253, -7.455705863775134 ], [ 109.445933799420771, -7.455705863775134 ], [ 109.445933799420771, -7.455436370422636 ], [ 109.445394812715776, -7.455436370422636 ], [ 109.445394812715776, -7.455166877070139 ], [ 109.44485582601078, -7.455166877070139 ], [ 109.44485582601078, -7.454897383717642 ], [ 109.444316839305785, -7.454897383717642 ], [ 109.444316839305785, -7.454627890365145 ], [ 109.44404734595328, -7.454627890365145 ], [ 109.44404734595328, -7.454358397012648 ], [ 109.443508359248284, -7.454358397012648 ], [ 109.443508359248284, -7.45408890366015 ], [ 109.44081342572332, -7.45408890366015 ], [ 109.44081342572332, -7.453819410307653 ], [ 109.440543932370815, -7.453819410307653 ], [ 109.440543932370815, -7.453280423602658 ], [ 109.440274439018324, -7.453280423602658 ], [ 109.440274439018324, -7.448429543257706 ], [ 109.439196465608333, -7.448429543257706 ], [ 109.439196465608333, -7.448699036610204 ], [ 109.438657478903338, -7.448699036610204 ], [ 109.438657478903338, -7.448968529962701 ], [ 109.438118492198342, -7.448968529962701 ], [ 109.438118492198342, -7.449238023315198 ], [ 109.437579505493346, -7.449238023315198 ], [ 109.437579505493346, -7.449507516667696 ], [ 109.437310012140856, -7.449507516667696 ], [ 109.437310012140856, -7.449777010020193 ], [ 109.43677102543586, -7.449777010020193 ], [ 109.43677102543586, -7.450046503372691 ], [ 109.436501532083355, -7.450046503372691 ], [ 109.436501532083355, -7.450315996725188 ], [ 109.436232038730864, -7.450315996725188 ], [ 109.436232038730864, -7.450854983430182 ], [ 109.435962545378374, -7.450854983430182 ], [ 109.435962545378374, -7.451663463487674 ], [ 109.436232038730864, -7.451663463487674 ], [ 109.436232038730864, -7.451932956840172 ], [ 109.43677102543586, -7.451932956840172 ], [ 109.43677102543586, -7.452202450192669 ], [ 109.437310012140856, -7.452202450192669 ], [ 109.437310012140856, -7.452471943545167 ], [ 109.437579505493346, -7.452471943545167 ], [ 109.437579505493346, -7.452741436897663 ], [ 109.437848998845851, -7.452741436897663 ], [ 109.437848998845851, -7.453549916955155 ], [ 109.437579505493346, -7.453549916955155 ], [ 109.437579505493346, -7.45408890366015 ], [ 109.437310012140856, -7.45408890366015 ], [ 109.437310012140856, -7.454627890365145 ], [ 109.437040518788351, -7.454627890365145 ], [ 109.437040518788351, -7.455166877070139 ], [ 109.43677102543586, -7.455166877070139 ], [ 109.43677102543586, -7.455436370422636 ], [ 109.436501532083355, -7.455436370422636 ], [ 109.436501532083355, -7.455705863775134 ], [ 109.436232038730864, -7.455705863775134 ], [ 109.436232038730864, -7.455975357127631 ], [ 109.435962545378374, -7.455975357127631 ], [ 109.435962545378374, -7.456244850480128 ], [ 109.435693052025869, -7.456244850480128 ], [ 109.435693052025869, -7.456514343832626 ], [ 109.435423558673378, -7.456514343832626 ], [ 109.435423558673378, -7.456783837185123 ], [ 109.434884571968382, -7.456783837185123 ], [ 109.434884571968382, -7.457053330537621 ], [ 109.434615078615877, -7.457053330537621 ], [ 109.434615078615877, -7.457322823890117 ], [ 109.434076091910882, -7.457322823890117 ], [ 109.434076091910882, -7.457592317242615 ], [ 109.433537105205886, -7.457592317242615 ], [ 109.433537105205886, -7.457861810595112 ], [ 109.4327286251484, -7.457861810595112 ], [ 109.4327286251484, -7.458131303947609 ], [ 109.432459131795895, -7.458131303947609 ], [ 109.432459131795895, -7.458400797300107 ], [ 109.431920145090913, -7.458400797300107 ], [ 109.431920145090913, -7.458670290652604 ], [ 109.431650651738408, -7.458670290652604 ], [ 109.431650651738408, -7.458939784005102 ], [ 109.431111665033413, -7.458939784005102 ], [ 109.431111665033413, -7.459209277357599 ], [ 109.430842171680922, -7.459209277357599 ], [ 109.430842171680922, -7.459478770710096 ], [ 109.430033691623422, -7.459478770710096 ], [ 109.430033691623422, -7.459209277357599 ], [ 109.429764198270931, -7.459209277357599 ], [ 109.429764198270931, -7.458939784005102 ], [ 109.429494704918426, -7.458939784005102 ], [ 109.429494704918426, -7.458670290652604 ], [ 109.429225211565935, -7.458670290652604 ], [ 109.429225211565935, -7.457861810595112 ], [ 109.42895571821343, -7.457861810595112 ], [ 109.42895571821343, -7.457322823890117 ], [ 109.42868622486094, -7.457322823890117 ], [ 109.42868622486094, -7.456244850480128 ], [ 109.428416731508449, -7.456244850480128 ], [ 109.428416731508449, -7.455166877070139 ], [ 109.428147238155944, -7.455166877070139 ], [ 109.428147238155944, -7.454897383717642 ], [ 109.427338758098458, -7.454897383717642 ], [ 109.427338758098458, -7.454627890365145 ], [ 109.427069264745953, -7.454627890365145 ], [ 109.427069264745953, -7.454897383717642 ], [ 109.426530278040957, -7.454897383717642 ], [ 109.426530278040957, -7.455166877070139 ], [ 109.425991291335961, -7.455166877070139 ], [ 109.425991291335961, -7.455436370422636 ], [ 109.425721797983471, -7.455436370422636 ], [ 109.425721797983471, -7.456514343832626 ], [ 109.425991291335961, -7.456514343832626 ], [ 109.425991291335961, -7.456783837185123 ], [ 109.426260784688466, -7.456783837185123 ], [ 109.426260784688466, -7.457053330537621 ], [ 109.426799771393462, -7.457053330537621 ], [ 109.426799771393462, -7.457322823890117 ], [ 109.427069264745953, -7.457322823890117 ], [ 109.427069264745953, -7.457592317242615 ], [ 109.427608251450948, -7.457592317242615 ], [ 109.427608251450948, -7.458670290652604 ], [ 109.427338758098458, -7.458670290652604 ], [ 109.427338758098458, -7.458939784005102 ], [ 109.427069264745953, -7.458939784005102 ], [ 109.427069264745953, -7.459209277357599 ], [ 109.425182811278475, -7.459209277357599 ], [ 109.425182811278475, -7.458939784005102 ], [ 109.424104837868484, -7.458939784005102 ], [ 109.424104837868484, -7.458670290652604 ], [ 109.423565851163488, -7.458670290652604 ], [ 109.423565851163488, -7.458939784005102 ], [ 109.423026864458492, -7.458939784005102 ], [ 109.423026864458492, -7.459209277357599 ], [ 109.422757371106002, -7.459209277357599 ], [ 109.422757371106002, -7.459748264062593 ], [ 109.423026864458492, -7.459748264062593 ], [ 109.423026864458492, -7.46001775741509 ], [ 109.423296357810997, -7.46001775741509 ], [ 109.423296357810997, -7.460287250767588 ], [ 109.423565851163488, -7.460287250767588 ], [ 109.423565851163488, -7.460556744120085 ], [ 109.423835344515993, -7.460556744120085 ], [ 109.423835344515993, -7.463521170997556 ], [ 109.424104837868484, -7.463521170997556 ], [ 109.424104837868484, -7.46406015770255 ], [ 109.424374331220989, -7.46406015770255 ], [ 109.424374331220989, -7.465677117817534 ], [ 109.424643824573479, -7.465677117817534 ], [ 109.424643824573479, -7.467833064637513 ], [ 109.424374331220989, -7.467833064637513 ], [ 109.424374331220989, -7.46810255799001 ], [ 109.424104837868484, -7.46810255799001 ], [ 109.424104837868484, -7.468372051342507 ], [ 109.423835344515993, -7.468372051342507 ], [ 109.423835344515993, -7.468911038047501 ], [ 109.423296357810997, -7.468911038047501 ], [ 109.423296357810997, -7.469180531399999 ], [ 109.423026864458492, -7.469180531399999 ], [ 109.423026864458492, -7.469450024752496 ], [ 109.422487877753497, -7.469450024752496 ], [ 109.422487877753497, -7.469719518104994 ], [ 109.421948891048501, -7.469719518104994 ], [ 109.421948891048501, -7.469989011457491 ], [ 109.421409904343506, -7.469989011457491 ], [ 109.421409904343506, -7.470258504809988 ], [ 109.420870917638524, -7.470258504809988 ], [ 109.420870917638524, -7.470527998162486 ], [ 109.420062437581024, -7.470527998162486 ], [ 109.420062437581024, -7.470797491514983 ], [ 109.419523450876028, -7.470797491514983 ], [ 109.419523450876028, -7.47106698486748 ], [ 109.418984464171032, -7.47106698486748 ], [ 109.418984464171032, -7.471336478219977 ], [ 109.418714970818542, -7.471336478219977 ], [ 109.418714970818542, -7.471605971572474 ], [ 109.418445477466037, -7.471605971572474 ], [ 109.418445477466037, -7.472144958277469 ], [ 109.418175984113546, -7.472144958277469 ], [ 109.418175984113546, -7.472953438334962 ], [ 109.418445477466037, -7.472953438334962 ], [ 109.418445477466037, -7.473222931687459 ], [ 109.418714970818542, -7.473222931687459 ], [ 109.418714970818542, -7.473492425039955 ], [ 109.418984464171032, -7.473492425039955 ], [ 109.418984464171032, -7.473761918392453 ], [ 109.419253957523537, -7.473761918392453 ], [ 109.419253957523537, -7.47403141174495 ], [ 109.419523450876028, -7.47403141174495 ], [ 109.419523450876028, -7.474570398449945 ], [ 109.419792944228533, -7.474570398449945 ], [ 109.419792944228533, -7.474839891802443 ], [ 109.420062437581024, -7.474839891802443 ], [ 109.420062437581024, -7.476187358564929 ], [ 109.419792944228533, -7.476187358564929 ], [ 109.419792944228533, -7.477534825327416 ], [ 109.419523450876028, -7.477534825327416 ], [ 109.419523450876028, -7.47807381203241 ], [ 109.419253957523537, -7.47807381203241 ], [ 109.419253957523537, -7.478612798737405 ], [ 109.418984464171032, -7.478612798737405 ], [ 109.418984464171032, -7.478882292089902 ], [ 109.418445477466037, -7.478882292089902 ], [ 109.418445477466037, -7.479151785442399 ], [ 109.417367504056045, -7.479151785442399 ], [ 109.417367504056045, -7.478882292089902 ], [ 109.414403077178576, -7.478882292089902 ], [ 109.414403077178576, -7.478612798737405 ], [ 109.41359459712109, -7.478612798737405 ], [ 109.41359459712109, -7.478343305384907 ], [ 109.412786117063604, -7.478343305384907 ], [ 109.412786117063604, -7.47807381203241 ], [ 109.412247130358608, -7.47807381203241 ], [ 109.412247130358608, -7.477804318679913 ], [ 109.411708143653613, -7.477804318679913 ], [ 109.411708143653613, -7.477265331974918 ], [ 109.411438650301108, -7.477265331974918 ], [ 109.411438650301108, -7.476456851917426 ], [ 109.411708143653613, -7.476456851917426 ], [ 109.411708143653613, -7.475917865212431 ], [ 109.411977637006103, -7.475917865212431 ], [ 109.411977637006103, -7.47510938515494 ], [ 109.412247130358608, -7.47510938515494 ], [ 109.412247130358608, -7.474300905097448 ], [ 109.412516623711099, -7.474300905097448 ], [ 109.412516623711099, -7.473492425039955 ], [ 109.412786117063604, -7.473492425039955 ], [ 109.412786117063604, -7.472683944982464 ], [ 109.413055610416095, -7.472683944982464 ], [ 109.413055610416095, -7.471875464924972 ], [ 109.413325103768599, -7.471875464924972 ], [ 109.413325103768599, -7.47106698486748 ], [ 109.413055610416095, -7.47106698486748 ], [ 109.413055610416095, -7.470797491514983 ], [ 109.412786117063604, -7.470797491514983 ], [ 109.412786117063604, -7.470527998162486 ], [ 109.411169156948617, -7.470527998162486 ], [ 109.411169156948617, -7.470797491514983 ], [ 109.410630170243621, -7.470797491514983 ], [ 109.410630170243621, -7.47106698486748 ], [ 109.410091183538626, -7.47106698486748 ], [ 109.410091183538626, -7.471336478219977 ], [ 109.40955219683363, -7.471336478219977 ], [ 109.40955219683363, -7.471605971572474 ], [ 109.409013210128634, -7.471605971572474 ], [ 109.409013210128634, -7.471336478219977 ], [ 109.407935236718643, -7.471336478219977 ], [ 109.407935236718643, -7.47106698486748 ], [ 109.407665743366152, -7.47106698486748 ], [ 109.407665743366152, -7.470797491514983 ], [ 109.407126756661157, -7.470797491514983 ], [ 109.407126756661157, -7.470527998162486 ], [ 109.406857263308652, -7.470527998162486 ], [ 109.406857263308652, -7.470258504809988 ], [ 109.406587769956161, -7.470258504809988 ], [ 109.406587769956161, -7.469989011457491 ], [ 109.406318276603656, -7.469989011457491 ], [ 109.406318276603656, -7.469719518104994 ], [ 109.405779289898675, -7.469719518104994 ], [ 109.405779289898675, -7.469450024752496 ], [ 109.40550979654617, -7.469450024752496 ], [ 109.40550979654617, -7.469180531399999 ], [ 109.405240303193679, -7.469180531399999 ], [ 109.405240303193679, -7.468911038047501 ], [ 109.404970809841174, -7.468911038047501 ], [ 109.404970809841174, -7.468641544695005 ], [ 109.404701316488683, -7.468641544695005 ], [ 109.404701316488683, -7.468372051342507 ], [ 109.404162329783688, -7.468372051342507 ], [ 109.404162329783688, -7.46810255799001 ], [ 109.403892836431183, -7.46810255799001 ], [ 109.403892836431183, -7.467833064637513 ], [ 109.403623343078692, -7.467833064637513 ], [ 109.403623343078692, -7.467563571285015 ], [ 109.403353849726187, -7.467563571285015 ], [ 109.403353849726187, -7.467294077932518 ], [ 109.400928409553714, -7.467294077932518 ], [ 109.400928409553714, -7.467563571285015 ], [ 109.400658916201223, -7.467563571285015 ], [ 109.400658916201223, -7.468372051342507 ], [ 109.400928409553714, -7.468372051342507 ], [ 109.400928409553714, -7.468911038047501 ], [ 109.401197902906219, -7.468911038047501 ], [ 109.401197902906219, -7.469180531399999 ], [ 109.40146739625871, -7.469180531399999 ], [ 109.40146739625871, -7.469450024752496 ], [ 109.401736889611215, -7.469450024752496 ], [ 109.401736889611215, -7.469719518104994 ], [ 109.402006382963705, -7.469719518104994 ], [ 109.402006382963705, -7.470258504809988 ], [ 109.40227587631621, -7.470258504809988 ], [ 109.40227587631621, -7.470527998162486 ], [ 109.402545369668701, -7.470527998162486 ], [ 109.402545369668701, -7.470797491514983 ], [ 109.402814863021192, -7.470797491514983 ], [ 109.402814863021192, -7.471336478219977 ], [ 109.403084356373697, -7.471336478219977 ], [ 109.403084356373697, -7.471875464924972 ], [ 109.403353849726187, -7.471875464924972 ], [ 109.403353849726187, -7.472683944982464 ], [ 109.403623343078692, -7.472683944982464 ], [ 109.403623343078692, -7.473761918392453 ], [ 109.403892836431183, -7.473761918392453 ], [ 109.403892836431183, -7.474300905097448 ], [ 109.403623343078692, -7.474300905097448 ], [ 109.403623343078692, -7.47510938515494 ], [ 109.403353849726187, -7.47510938515494 ], [ 109.403353849726187, -7.475378878507437 ], [ 109.403084356373697, -7.475378878507437 ], [ 109.403084356373697, -7.475648371859934 ], [ 109.402814863021192, -7.475648371859934 ], [ 109.402814863021192, -7.475917865212431 ], [ 109.40146739625871, -7.475917865212431 ], [ 109.40146739625871, -7.475648371859934 ], [ 109.400658916201223, -7.475648371859934 ], [ 109.400658916201223, -7.475378878507437 ], [ 109.399850436143723, -7.475378878507437 ], [ 109.399850436143723, -7.47510938515494 ], [ 109.399311449438727, -7.47510938515494 ], [ 109.399311449438727, -7.474839891802443 ], [ 109.398772462733731, -7.474839891802443 ], [ 109.398772462733731, -7.474570398449945 ], [ 109.397694489323754, -7.474570398449945 ], [ 109.397694489323754, -7.474300905097448 ], [ 109.39419107574129, -7.474300905097448 ], [ 109.39419107574129, -7.474570398449945 ], [ 109.393652089036294, -7.474570398449945 ], [ 109.393652089036294, -7.474839891802443 ], [ 109.393382595683789, -7.474839891802443 ], [ 109.393382595683789, -7.47510938515494 ], [ 109.393113102331299, -7.47510938515494 ], [ 109.393113102331299, -7.475378878507437 ], [ 109.392843608978794, -7.475378878507437 ], [ 109.392843608978794, -7.475648371859934 ], [ 109.392304622273798, -7.475648371859934 ], [ 109.392304622273798, -7.475917865212431 ], [ 109.391765635568802, -7.475917865212431 ], [ 109.391765635568802, -7.476187358564929 ], [ 109.390687662158825, -7.476187358564929 ], [ 109.390687662158825, -7.476456851917426 ], [ 109.389879182101325, -7.476456851917426 ], [ 109.389879182101325, -7.476726345269924 ], [ 109.388801208691333, -7.476726345269924 ], [ 109.388801208691333, -7.476995838622421 ], [ 109.387723235281342, -7.476995838622421 ], [ 109.387723235281342, -7.477265331974918 ], [ 109.386914755223856, -7.477265331974918 ], [ 109.386914755223856, -7.477534825327416 ], [ 109.38610627516637, -7.477534825327416 ], [ 109.38610627516637, -7.477804318679913 ], [ 109.385836781813865, -7.477804318679913 ], [ 109.385836781813865, -7.47807381203241 ], [ 109.385567288461374, -7.47807381203241 ], [ 109.385567288461374, -7.478343305384907 ], [ 109.385297795108869, -7.478343305384907 ], [ 109.385297795108869, -7.478612798737405 ], [ 109.385028301756378, -7.478612798737405 ], [ 109.385028301756378, -7.478882292089902 ], [ 109.384489315051383, -7.478882292089902 ], [ 109.384489315051383, -7.479151785442399 ], [ 109.383950328346387, -7.479151785442399 ], [ 109.383950328346387, -7.479421278794897 ], [ 109.383411341641391, -7.479421278794897 ], [ 109.383411341641391, -7.479690772147394 ], [ 109.382872354936396, -7.479690772147394 ], [ 109.382872354936396, -7.479960265499892 ], [ 109.382602861583905, -7.479960265499892 ], [ 109.382602861583905, -7.480229758852388 ], [ 109.3823333682314, -7.480229758852388 ], [ 109.3823333682314, -7.480499252204885 ], [ 109.382063874878909, -7.480499252204885 ], [ 109.382063874878909, -7.480768745557383 ], [ 109.381794381526404, -7.480768745557383 ], [ 109.381794381526404, -7.48103823890988 ], [ 109.381524888173914, -7.48103823890988 ], [ 109.381524888173914, -7.48211621231987 ], [ 109.381255394821409, -7.48211621231987 ], [ 109.381255394821409, -7.482655199024864 ], [ 109.380985901468918, -7.482655199024864 ], [ 109.380985901468918, -7.482924692377361 ], [ 109.380716408116413, -7.482924692377361 ], [ 109.380716408116413, -7.482655199024864 ], [ 109.380177421411418, -7.482655199024864 ], [ 109.380177421411418, -7.482385705672367 ], [ 109.379638434706436, -7.482385705672367 ], [ 109.379638434706436, -7.48211621231987 ], [ 109.37909944800144, -7.48211621231987 ], [ 109.37909944800144, -7.481846718967373 ], [ 109.378829954648936, -7.481846718967373 ], [ 109.378829954648936, -7.481577225614875 ], [ 109.37829096794394, -7.481577225614875 ], [ 109.37829096794394, -7.481307732262378 ], [ 109.378021474591449, -7.481307732262378 ], [ 109.378021474591449, -7.48103823890988 ], [ 109.377751981238944, -7.48103823890988 ], [ 109.377751981238944, -7.480768745557383 ], [ 109.377482487886454, -7.480768745557383 ], [ 109.377482487886454, -7.480499252204885 ], [ 109.377212994533949, -7.480499252204885 ], [ 109.377212994533949, -7.480229758852388 ], [ 109.376943501181458, -7.480229758852388 ], [ 109.376943501181458, -7.479960265499892 ], [ 109.376674007828953, -7.479960265499892 ], [ 109.376674007828953, -7.479421278794897 ], [ 109.376404514476462, -7.479421278794897 ], [ 109.376404514476462, -7.478882292089902 ], [ 109.375865527771467, -7.478882292089902 ], [ 109.375865527771467, -7.478612798737405 ], [ 109.375596034418976, -7.478612798737405 ], [ 109.375596034418976, -7.478343305384907 ], [ 109.37505704771398, -7.478343305384907 ], [ 109.37505704771398, -7.47807381203241 ], [ 109.374787554361475, -7.47807381203241 ], [ 109.374787554361475, -7.477804318679913 ], [ 109.373170594246488, -7.477804318679913 ], [ 109.373170594246488, -7.47807381203241 ], [ 109.372901100893998, -7.47807381203241 ], [ 109.372901100893998, -7.478612798737405 ], [ 109.372631607541493, -7.478612798737405 ], [ 109.372631607541493, -7.479960265499892 ], [ 109.372901100893998, -7.479960265499892 ], [ 109.372901100893998, -7.481846718967373 ], [ 109.373170594246488, -7.481846718967373 ], [ 109.373170594246488, -7.48211621231987 ], [ 109.372901100893998, -7.48211621231987 ], [ 109.372901100893998, -7.483194185729859 ], [ 109.372631607541493, -7.483194185729859 ], [ 109.372631607541493, -7.483733172434853 ], [ 109.372362114189002, -7.483733172434853 ], [ 109.372362114189002, -7.484272159139848 ], [ 109.372092620836511, -7.484272159139848 ], [ 109.372092620836511, -7.484541652492346 ], [ 109.371823127484006, -7.484541652492346 ], [ 109.371823127484006, -7.484811145844843 ], [ 109.371553634131516, -7.484811145844843 ], [ 109.371553634131516, -7.48508063919734 ], [ 109.37101464742652, -7.48508063919734 ], [ 109.37101464742652, -7.485350132549837 ], [ 109.37020616736902, -7.485350132549837 ], [ 109.37020616736902, -7.485619625902334 ], [ 109.368858700606538, -7.485619625902334 ], [ 109.368858700606538, -7.485889119254832 ], [ 109.36697224713906, -7.485889119254832 ], [ 109.36697224713906, -7.486158612607329 ], [ 109.366433260434064, -7.486158612607329 ], [ 109.366433260434064, -7.486428105959827 ], [ 109.365894273729069, -7.486428105959827 ], [ 109.365894273729069, -7.486697599312324 ], [ 109.365355287024073, -7.486697599312324 ], [ 109.365355287024073, -7.486967092664822 ], [ 109.364816300319077, -7.486967092664822 ], [ 109.364816300319077, -7.487236586017318 ], [ 109.363738326909086, -7.487236586017318 ], [ 109.363738326909086, -7.486967092664822 ], [ 109.363468833556595, -7.486967092664822 ], [ 109.363468833556595, -7.486697599312324 ], [ 109.363199340204091, -7.486697599312324 ], [ 109.363199340204091, -7.486428105959827 ], [ 109.3629298468516, -7.486428105959827 ], [ 109.3629298468516, -7.486158612607329 ], [ 109.362660353499095, -7.486158612607329 ], [ 109.362660353499095, -7.485889119254832 ], [ 109.362390860146604, -7.485889119254832 ], [ 109.362390860146604, -7.485619625902334 ], [ 109.361851873441609, -7.485619625902334 ], [ 109.361851873441609, -7.485350132549837 ], [ 109.361582380089104, -7.485350132549837 ], [ 109.361582380089104, -7.485889119254832 ], [ 109.361312886736613, -7.485889119254832 ], [ 109.361312886736613, -7.486697599312324 ], [ 109.361582380089104, -7.486697599312324 ], [ 109.361582380089104, -7.487775572722313 ], [ 109.361851873441609, -7.487775572722313 ], [ 109.361851873441609, -7.488853546132303 ], [ 109.362121366794099, -7.488853546132303 ], [ 109.362121366794099, -7.488584052779805 ], [ 109.363199340204091, -7.488584052779805 ], [ 109.363199340204091, -7.489662026189794 ], [ 109.363468833556595, -7.489662026189794 ], [ 109.363468833556595, -7.489931519542291 ], [ 109.363738326909086, -7.489931519542291 ], [ 109.363738326909086, -7.490470506247286 ], [ 109.363468833556595, -7.490470506247286 ], [ 109.363468833556595, -7.491009492952281 ], [ 109.363738326909086, -7.491009492952281 ], [ 109.363738326909086, -7.491278986304778 ], [ 109.364007820261591, -7.491278986304778 ], [ 109.364007820261591, -7.493434933124757 ], [ 109.363738326909086, -7.493434933124757 ], [ 109.363738326909086, -7.493704426477254 ], [ 109.363468833556595, -7.493704426477254 ], [ 109.363468833556595, -7.493973919829751 ], [ 109.363199340204091, -7.493973919829751 ], [ 109.363199340204091, -7.494512906534745 ], [ 109.3629298468516, -7.494512906534745 ], [ 109.3629298468516, -7.494782399887243 ], [ 109.363199340204091, -7.494782399887243 ], [ 109.363199340204091, -7.49505189323974 ], [ 109.363468833556595, -7.49505189323974 ], [ 109.363468833556595, -7.494782399887243 ], [ 109.364816300319077, -7.494782399887243 ], [ 109.364816300319077, -7.495590879944735 ], [ 109.364546806966587, -7.495590879944735 ], [ 109.364546806966587, -7.49612986664973 ], [ 109.365085793671568, -7.49612986664973 ], [ 109.365085793671568, -7.496399360002227 ], [ 109.365355287024073, -7.496399360002227 ], [ 109.365355287024073, -7.496668853354724 ], [ 109.365894273729069, -7.496668853354724 ], [ 109.365894273729069, -7.497477333412216 ], [ 109.365624780376564, -7.497477333412216 ], [ 109.365624780376564, -7.497746826764713 ], [ 109.365355287024073, -7.497746826764713 ], [ 109.365355287024073, -7.498016320117211 ], [ 109.365085793671568, -7.498016320117211 ], [ 109.365085793671568, -7.498285813469708 ], [ 109.365355287024073, -7.498285813469708 ], [ 109.365355287024073, -7.4990942935272 ], [ 109.364816300319077, -7.4990942935272 ], [ 109.364816300319077, -7.499363786879697 ], [ 109.3629298468516, -7.499363786879697 ], [ 109.3629298468516, -7.499902773584692 ], [ 109.362660353499095, -7.499902773584692 ], [ 109.362660353499095, -7.500172266937189 ], [ 109.3629298468516, -7.500172266937189 ], [ 109.3629298468516, -7.500441760289687 ], [ 109.363468833556595, -7.500441760289687 ], [ 109.363468833556595, -7.500711253642184 ], [ 109.364277313614082, -7.500711253642184 ], [ 109.364277313614082, -7.500980746994681 ], [ 109.364816300319077, -7.500980746994681 ], [ 109.364816300319077, -7.501519733699675 ], [ 109.365085793671568, -7.501519733699675 ], [ 109.365085793671568, -7.502328213757168 ], [ 109.364816300319077, -7.502328213757168 ], [ 109.364816300319077, -7.50313669381466 ], [ 109.365085793671568, -7.50313669381466 ], [ 109.365085793671568, -7.503406187167156 ], [ 109.365355287024073, -7.503406187167156 ], [ 109.365355287024073, -7.503675680519654 ], [ 109.365085793671568, -7.503675680519654 ], [ 109.365085793671568, -7.503945173872151 ], [ 109.364816300319077, -7.503945173872151 ], [ 109.364816300319077, -7.504484160577146 ], [ 109.365085793671568, -7.504484160577146 ], [ 109.365085793671568, -7.504753653929643 ], [ 109.364816300319077, -7.504753653929643 ], [ 109.364816300319077, -7.505292640634638 ], [ 109.364546806966587, -7.505292640634638 ], [ 109.364546806966587, -7.505831627339632 ], [ 109.364277313614082, -7.505831627339632 ], [ 109.364277313614082, -7.50610112069213 ], [ 109.364007820261591, -7.50610112069213 ], [ 109.364007820261591, -7.506640107397124 ], [ 109.364277313614082, -7.506640107397124 ], [ 109.364277313614082, -7.507179094102119 ], [ 109.365085793671568, -7.507179094102119 ], [ 109.365085793671568, -7.508257067512108 ], [ 109.364816300319077, -7.508257067512108 ], [ 109.364816300319077, -7.509335040922098 ], [ 109.364546806966587, -7.509335040922098 ], [ 109.364546806966587, -7.510143520979589 ], [ 109.364277313614082, -7.510143520979589 ], [ 109.364277313614082, -7.510682507684584 ], [ 109.363468833556595, -7.510682507684584 ], [ 109.363468833556595, -7.511760481094573 ], [ 109.363199340204091, -7.511760481094573 ], [ 109.363199340204091, -7.512299467799568 ], [ 109.3629298468516, -7.512299467799568 ], [ 109.3629298468516, -7.512838454504562 ], [ 109.362660353499095, -7.512838454504562 ], [ 109.362660353499095, -7.51310794785706 ], [ 109.362390860146604, -7.51310794785706 ], [ 109.362390860146604, -7.513377441209557 ], [ 109.362121366794099, -7.513377441209557 ], [ 109.362121366794099, -7.514455414619547 ], [ 109.362390860146604, -7.514455414619547 ], [ 109.362390860146604, -7.515263894677038 ], [ 109.362660353499095, -7.515263894677038 ], [ 109.362660353499095, -7.515533388029535 ], [ 109.3629298468516, -7.515533388029535 ], [ 109.3629298468516, -7.51607237473453 ], [ 109.363199340204091, -7.51607237473453 ], [ 109.363199340204091, -7.516341868087028 ], [ 109.363468833556595, -7.516341868087028 ], [ 109.363468833556595, -7.516611361439525 ], [ 109.363738326909086, -7.516611361439525 ], [ 109.363738326909086, -7.516880854792022 ], [ 109.364007820261591, -7.516880854792022 ], [ 109.364007820261591, -7.517150348144519 ], [ 109.364277313614082, -7.517150348144519 ], [ 109.364277313614082, -7.517419841497016 ], [ 109.364816300319077, -7.517419841497016 ], [ 109.364816300319077, -7.517689334849514 ], [ 109.366702753786555, -7.517689334849514 ], [ 109.366702753786555, -7.517419841497016 ], [ 109.36697224713906, -7.517419841497016 ], [ 109.36697224713906, -7.516880854792022 ], [ 109.367241740491551, -7.516880854792022 ], [ 109.367241740491551, -7.516611361439525 ], [ 109.367511233844056, -7.516611361439525 ], [ 109.367511233844056, -7.516341868087028 ], [ 109.368319713901542, -7.516341868087028 ], [ 109.368319713901542, -7.516611361439525 ], [ 109.368589207254047, -7.516611361439525 ], [ 109.368589207254047, -7.516880854792022 ], [ 109.369397687311533, -7.516880854792022 ], [ 109.369397687311533, -7.517150348144519 ], [ 109.369667180664024, -7.517150348144519 ], [ 109.369667180664024, -7.517419841497016 ], [ 109.369936674016529, -7.517419841497016 ], [ 109.369936674016529, -7.517689334849514 ], [ 109.37020616736902, -7.517689334849514 ], [ 109.37020616736902, -7.517958828202011 ], [ 109.370475660721524, -7.517958828202011 ], [ 109.370475660721524, -7.518228321554509 ], [ 109.370745154074015, -7.518228321554509 ], [ 109.370745154074015, -7.518497814907006 ], [ 109.37101464742652, -7.518497814907006 ], [ 109.37101464742652, -7.518767308259503 ], [ 109.371284140779011, -7.518767308259503 ], [ 109.371284140779011, -7.519575788316995 ], [ 109.371553634131516, -7.519575788316995 ], [ 109.371553634131516, -7.519845281669492 ], [ 109.371823127484006, -7.519845281669492 ], [ 109.371823127484006, -7.520114775021989 ], [ 109.372092620836511, -7.520114775021989 ], [ 109.372092620836511, -7.520653761726984 ], [ 109.372362114189002, -7.520653761726984 ], [ 109.372362114189002, -7.520923255079482 ], [ 109.372901100893998, -7.520923255079482 ], [ 109.372901100893998, -7.521192748431979 ], [ 109.373170594246488, -7.521192748431979 ], [ 109.373170594246488, -7.521462241784477 ], [ 109.373440087598993, -7.521462241784477 ], [ 109.373440087598993, -7.521731735136973 ], [ 109.373709580951484, -7.521731735136973 ], [ 109.373709580951484, -7.52200122848947 ], [ 109.37424856765648, -7.52200122848947 ], [ 109.37424856765648, -7.522270721841968 ], [ 109.375865527771467, -7.522270721841968 ], [ 109.375865527771467, -7.522540215194465 ], [ 109.376135021123972, -7.522540215194465 ], [ 109.376135021123972, -7.522270721841968 ], [ 109.377212994533949, -7.522270721841968 ], [ 109.377212994533949, -7.52200122848947 ], [ 109.377751981238944, -7.52200122848947 ], [ 109.377751981238944, -7.521731735136973 ], [ 109.378021474591449, -7.521731735136973 ], [ 109.378021474591449, -7.521462241784477 ], [ 109.378560461296445, -7.521462241784477 ], [ 109.378560461296445, -7.521192748431979 ], [ 109.378829954648936, -7.521192748431979 ], [ 109.378829954648936, -7.520923255079482 ], [ 109.379368941353931, -7.520923255079482 ], [ 109.379368941353931, -7.520653761726984 ], [ 109.379638434706436, -7.520653761726984 ], [ 109.379638434706436, -7.519306294964498 ], [ 109.379907928058927, -7.519306294964498 ], [ 109.379907928058927, -7.516341868087028 ], [ 109.380446914763922, -7.516341868087028 ], [ 109.380446914763922, -7.51607237473453 ], [ 109.380985901468918, -7.51607237473453 ], [ 109.380985901468918, -7.515802881382033 ], [ 109.382063874878909, -7.515802881382033 ], [ 109.382063874878909, -7.515533388029535 ], [ 109.382872354936396, -7.515533388029535 ], [ 109.382872354936396, -7.515263894677038 ], [ 109.383411341641391, -7.515263894677038 ], [ 109.383411341641391, -7.514994401324541 ], [ 109.384219821698878, -7.514994401324541 ], [ 109.384219821698878, -7.514724907972044 ], [ 109.384489315051383, -7.514724907972044 ], [ 109.384489315051383, -7.514455414619547 ], [ 109.385028301756378, -7.514455414619547 ], [ 109.385028301756378, -7.514185921267049 ], [ 109.385567288461374, -7.514185921267049 ], [ 109.385567288461374, -7.513916427914552 ], [ 109.385836781813865, -7.513916427914552 ], [ 109.385836781813865, -7.513646934562054 ], [ 109.38610627516637, -7.513646934562054 ], [ 109.38610627516637, -7.513377441209557 ], [ 109.386645261871365, -7.513377441209557 ], [ 109.386645261871365, -7.51310794785706 ], [ 109.386914755223856, -7.51310794785706 ], [ 109.386914755223856, -7.512838454504562 ], [ 109.387184248576361, -7.512838454504562 ], [ 109.387184248576361, -7.512568961152065 ], [ 109.387723235281342, -7.512568961152065 ], [ 109.387723235281342, -7.512299467799568 ], [ 109.388801208691333, -7.512299467799568 ], [ 109.388801208691333, -7.512029974447071 ], [ 109.390687662158825, -7.512029974447071 ], [ 109.390687662158825, -7.511760481094573 ], [ 109.392304622273798, -7.511760481094573 ], [ 109.392304622273798, -7.511490987742076 ], [ 109.393652089036294, -7.511490987742076 ], [ 109.393652089036294, -7.511221494389579 ], [ 109.394460569093781, -7.511221494389579 ], [ 109.394460569093781, -7.510952001037081 ], [ 109.395269049151267, -7.510952001037081 ], [ 109.395269049151267, -7.510682507684584 ], [ 109.395808035856263, -7.510682507684584 ], [ 109.395808035856263, -7.510413014332086 ], [ 109.396347022561258, -7.510413014332086 ], [ 109.396347022561258, -7.510143520979589 ], [ 109.396616515913763, -7.510143520979589 ], [ 109.396616515913763, -7.509874027627092 ], [ 109.397155502618759, -7.509874027627092 ], [ 109.397155502618759, -7.509604534274595 ], [ 109.397424995971249, -7.509604534274595 ], [ 109.397424995971249, -7.509874027627092 ], [ 109.398502969381241, -7.509874027627092 ], [ 109.398502969381241, -7.510143520979589 ], [ 109.399580942791232, -7.510143520979589 ], [ 109.399580942791232, -7.510413014332086 ], [ 109.400389422848718, -7.510413014332086 ], [ 109.400389422848718, -7.510682507684584 ], [ 109.401197902906219, -7.510682507684584 ], [ 109.401197902906219, -7.510952001037081 ], [ 109.40146739625871, -7.510952001037081 ], [ 109.40146739625871, -7.511221494389579 ], [ 109.402006382963705, -7.511221494389579 ], [ 109.402006382963705, -7.511490987742076 ], [ 109.40227587631621, -7.511490987742076 ], [ 109.40227587631621, -7.511760481094573 ], [ 109.402814863021192, -7.511760481094573 ], [ 109.402814863021192, -7.512029974447071 ], [ 109.403353849726187, -7.512029974447071 ], [ 109.403353849726187, -7.512299467799568 ], [ 109.403623343078692, -7.512299467799568 ], [ 109.403623343078692, -7.512568961152065 ], [ 109.403892836431183, -7.512568961152065 ], [ 109.403892836431183, -7.512838454504562 ], [ 109.404162329783688, -7.512838454504562 ], [ 109.404162329783688, -7.513377441209557 ], [ 109.404431823136179, -7.513377441209557 ], [ 109.404431823136179, -7.513916427914552 ], [ 109.404701316488683, -7.513916427914552 ], [ 109.404701316488683, -7.514455414619547 ], [ 109.404970809841174, -7.514455414619547 ], [ 109.404970809841174, -7.514994401324541 ], [ 109.405240303193679, -7.514994401324541 ], [ 109.405240303193679, -7.515802881382033 ], [ 109.40550979654617, -7.515802881382033 ], [ 109.40550979654617, -7.516341868087028 ], [ 109.405779289898675, -7.516341868087028 ], [ 109.405779289898675, -7.516611361439525 ], [ 109.40550979654617, -7.516611361439525 ], [ 109.40550979654617, -7.517689334849514 ], [ 109.405240303193679, -7.517689334849514 ], [ 109.405240303193679, -7.519306294964498 ], [ 109.404970809841174, -7.519306294964498 ], [ 109.404970809841174, -7.525235148719439 ], [ 109.405240303193679, -7.525235148719439 ], [ 109.405240303193679, -7.526043628776931 ], [ 109.40550979654617, -7.526043628776931 ], [ 109.40550979654617, -7.526582615481925 ], [ 109.405779289898675, -7.526582615481925 ], [ 109.405779289898675, -7.527121602186919 ], [ 109.406048783251165, -7.527121602186919 ], [ 109.406048783251165, -7.527660588891914 ], [ 109.406318276603656, -7.527660588891914 ], [ 109.406318276603656, -7.528199575596909 ], [ 109.406587769956161, -7.528199575596909 ], [ 109.406587769956161, -7.528469068949406 ], [ 109.406857263308652, -7.528469068949406 ], [ 109.406857263308652, -7.528738562301903 ], [ 109.407126756661157, -7.528738562301903 ], [ 109.407126756661157, -7.5290080556544 ], [ 109.407665743366152, -7.5290080556544 ], [ 109.407665743366152, -7.529277549006898 ], [ 109.408204730071148, -7.529277549006898 ], [ 109.408204730071148, -7.529547042359395 ], [ 109.408474223423639, -7.529547042359395 ], [ 109.408474223423639, -7.529816535711893 ], [ 109.409013210128634, -7.529816535711893 ], [ 109.409013210128634, -7.53008602906439 ], [ 109.410091183538626, -7.53008602906439 ], [ 109.410091183538626, -7.530355522416888 ], [ 109.412516623711099, -7.530355522416888 ], [ 109.412516623711099, -7.530625015769385 ], [ 109.413864090473581, -7.530625015769385 ], [ 109.413864090473581, -7.530355522416888 ], [ 109.414942063883572, -7.530355522416888 ], [ 109.414942063883572, -7.53008602906439 ], [ 109.415750543941073, -7.53008602906439 ], [ 109.415750543941073, -7.529816535711893 ], [ 109.416289530646068, -7.529816535711893 ], [ 109.416289530646068, -7.529547042359395 ], [ 109.417098010703555, -7.529547042359395 ], [ 109.417098010703555, -7.529277549006898 ], [ 109.418175984113546, -7.529277549006898 ], [ 109.418175984113546, -7.5290080556544 ], [ 109.421140410991015, -7.5290080556544 ], [ 109.421140410991015, -7.528738562301903 ], [ 109.421948891048501, -7.528738562301903 ], [ 109.421948891048501, -7.528469068949406 ], [ 109.422757371106002, -7.528469068949406 ], [ 109.422757371106002, -7.528199575596909 ], [ 109.423835344515993, -7.528199575596909 ], [ 109.423835344515993, -7.527930082244412 ], [ 109.42491331792597, -7.527930082244412 ], [ 109.42491331792597, -7.527660588891914 ], [ 109.426799771393462, -7.527660588891914 ], [ 109.426799771393462, -7.527391095539417 ], [ 109.431650651738408, -7.527391095539417 ], [ 109.431650651738408, -7.527660588891914 ], [ 109.433537105205886, -7.527660588891914 ], [ 109.433537105205886, -7.527930082244412 ], [ 109.433806598558391, -7.527930082244412 ], [ 109.433806598558391, -7.528199575596909 ], [ 109.434076091910882, -7.528199575596909 ], [ 109.434076091910882, -7.528469068949406 ], [ 109.434345585263387, -7.528469068949406 ], [ 109.434345585263387, -7.529277549006898 ], [ 109.434615078615877, -7.529277549006898 ], [ 109.434615078615877, -7.529547042359395 ], [ 109.434884571968382, -7.529547042359395 ], [ 109.434884571968382, -7.529277549006898 ], [ 109.435154065320873, -7.529277549006898 ], [ 109.435154065320873, -7.5290080556544 ], [ 109.435423558673378, -7.5290080556544 ], [ 109.435423558673378, -7.528738562301903 ], [ 109.436232038730864, -7.528738562301903 ], [ 109.436232038730864, -7.528199575596909 ], [ 109.436501532083355, -7.528199575596909 ], [ 109.436501532083355, -7.527930082244412 ], [ 109.43677102543586, -7.527930082244412 ], [ 109.43677102543586, -7.527660588891914 ], [ 109.437040518788351, -7.527660588891914 ], [ 109.437040518788351, -7.527391095539417 ], [ 109.437848998845851, -7.527391095539417 ], [ 109.437848998845851, -7.527121602186919 ], [ 109.438387985550847, -7.527121602186919 ], [ 109.438387985550847, -7.526852108834422 ], [ 109.439196465608333, -7.526852108834422 ], [ 109.439196465608333, -7.526582615481925 ], [ 109.44081342572332, -7.526582615481925 ], [ 109.44081342572332, -7.526313122129427 ], [ 109.441621905780806, -7.526313122129427 ], [ 109.441621905780806, -7.526043628776931 ], [ 109.442430385838307, -7.526043628776931 ], [ 109.442430385838307, -7.525774135424433 ], [ 109.442969372543303, -7.525774135424433 ], [ 109.442969372543303, -7.525504642071936 ], [ 109.443777852600789, -7.525504642071936 ], [ 109.443777852600789, -7.525235148719439 ], [ 109.444586332658275, -7.525235148719439 ], [ 109.444586332658275, -7.524965655366941 ], [ 109.445125319363271, -7.524965655366941 ], [ 109.445125319363271, -7.524696162014444 ], [ 109.445664306068267, -7.524696162014444 ], [ 109.445664306068267, -7.524965655366941 ], [ 109.447011772830763, -7.524965655366941 ], [ 109.447011772830763, -7.524696162014444 ], [ 109.449167719650731, -7.524696162014444 ], [ 109.449167719650731, -7.524426668661946 ], [ 109.450245693060722, -7.524426668661946 ], [ 109.450245693060722, -7.524157175309449 ], [ 109.451323666470714, -7.524157175309449 ], [ 109.451323666470714, -7.523887681956952 ], [ 109.452940626585701, -7.523887681956952 ], [ 109.452940626585701, -7.523618188604455 ], [ 109.454018599995692, -7.523618188604455 ], [ 109.454018599995692, -7.523348695251958 ], [ 109.455905053463169, -7.523348695251958 ], [ 109.455905053463169, -7.52307920189946 ], [ 109.456444040168165, -7.52307920189946 ], [ 109.456444040168165, -7.522809708546963 ], [ 109.456713533520656, -7.522809708546963 ], [ 109.456713533520656, -7.522540215194465 ], [ 109.457252520225651, -7.522540215194465 ], [ 109.457252520225651, -7.522270721841968 ], [ 109.457522013578156, -7.522270721841968 ], [ 109.457522013578156, -7.52200122848947 ], [ 109.457791506930647, -7.52200122848947 ], [ 109.457791506930647, -7.521731735136973 ], [ 109.458061000283152, -7.521731735136973 ], [ 109.458061000283152, -7.521462241784477 ], [ 109.458330493635643, -7.521462241784477 ], [ 109.458330493635643, -7.521192748431979 ], [ 109.458599986988133, -7.521192748431979 ], [ 109.458599986988133, -7.520923255079482 ], [ 109.458869480340638, -7.520923255079482 ], [ 109.458869480340638, -7.520653761726984 ], [ 109.459408467045634, -7.520653761726984 ], [ 109.459408467045634, -7.520384268374487 ], [ 109.45994745375063, -7.520384268374487 ], [ 109.45994745375063, -7.520114775021989 ], [ 109.460486440455625, -7.520114775021989 ], [ 109.460486440455625, -7.519845281669492 ], [ 109.461294920513112, -7.519845281669492 ], [ 109.461294920513112, -7.519575788316995 ], [ 109.462103400570612, -7.519575788316995 ], [ 109.462103400570612, -7.519306294964498 ], [ 109.464259347390581, -7.519306294964498 ], [ 109.464259347390581, -7.519575788316995 ], [ 109.464798334095576, -7.519575788316995 ], [ 109.464798334095576, -7.519845281669492 ], [ 109.465337320800572, -7.519845281669492 ], [ 109.465337320800572, -7.520114775021989 ], [ 109.465606814153077, -7.520114775021989 ], [ 109.465606814153077, -7.520384268374487 ], [ 109.465876307505567, -7.520384268374487 ], [ 109.465876307505567, -7.520653761726984 ], [ 109.466145800858058, -7.520653761726984 ], [ 109.466145800858058, -7.521192748431979 ], [ 109.466415294210563, -7.521192748431979 ], [ 109.466415294210563, -7.521462241784477 ], [ 109.466684787563054, -7.521462241784477 ], [ 109.466684787563054, -7.52200122848947 ], [ 109.466954280915559, -7.52200122848947 ], [ 109.466954280915559, -7.522270721841968 ], [ 109.467493267620554, -7.522270721841968 ], [ 109.467493267620554, -7.522540215194465 ], [ 109.468840734383036, -7.522540215194465 ], [ 109.468840734383036, -7.522270721841968 ], [ 109.469379721088032, -7.522270721841968 ], [ 109.469379721088032, -7.52200122848947 ], [ 109.470188201145518, -7.52200122848947 ], [ 109.470188201145518, -7.521731735136973 ], [ 109.470727187850514, -7.521731735136973 ], [ 109.470727187850514, -7.521462241784477 ], [ 109.47126617455551, -7.521462241784477 ], [ 109.47126617455551, -7.521192748431979 ], [ 109.47207465461301, -7.521192748431979 ], [ 109.47207465461301, -7.520923255079482 ], [ 109.472344147965501, -7.520923255079482 ], [ 109.472344147965501, -7.520653761726984 ], [ 109.472883134670496, -7.520653761726984 ], [ 109.472883134670496, -7.520384268374487 ], [ 109.473152628023001, -7.520384268374487 ], [ 109.473152628023001, -7.520114775021989 ], [ 109.474230601432978, -7.520114775021989 ], [ 109.474230601432978, -7.519845281669492 ], [ 109.474769588137974, -7.519845281669492 ], [ 109.474769588137974, -7.519575788316995 ], [ 109.475578068195475, -7.519575788316995 ], [ 109.475578068195475, -7.519306294964498 ], [ 109.476386548252961, -7.519306294964498 ], [ 109.476386548252961, -7.519036801612001 ], [ 109.477195028310447, -7.519036801612001 ], [ 109.477195028310447, -7.518767308259503 ], [ 109.478003508367948, -7.518767308259503 ], [ 109.478003508367948, -7.518497814907006 ], [ 109.479081481777939, -7.518497814907006 ], [ 109.479081481777939, -7.518228321554509 ], [ 109.480967935245417, -7.518228321554509 ], [ 109.480967935245417, -7.517958828202011 ], [ 109.482045908655408, -7.517958828202011 ], [ 109.482045908655408, -7.517689334849514 ], [ 109.482584895360404, -7.517689334849514 ], [ 109.482584895360404, -7.517419841497016 ], [ 109.483123882065399, -7.517419841497016 ], [ 109.483123882065399, -7.516341868087028 ], [ 109.482854388712894, -7.516341868087028 ], [ 109.482854388712894, -7.515263894677038 ], [ 109.482584895360404, -7.515263894677038 ], [ 109.482584895360404, -7.514724907972044 ], [ 109.482854388712894, -7.514724907972044 ], [ 109.482854388712894, -7.513916427914552 ], [ 109.483123882065399, -7.513916427914552 ], [ 109.483123882065399, -7.513377441209557 ], [ 109.48339337541789, -7.513377441209557 ], [ 109.48339337541789, -7.512838454504562 ], [ 109.483662868770395, -7.512838454504562 ], [ 109.483662868770395, -7.512299467799568 ], [ 109.483932362122886, -7.512299467799568 ], [ 109.483932362122886, -7.512029974447071 ], [ 109.484201855475391, -7.512029974447071 ], [ 109.484201855475391, -7.511760481094573 ], [ 109.484471348827881, -7.511760481094573 ], [ 109.484471348827881, -7.511490987742076 ], [ 109.484740842180372, -7.511490987742076 ], [ 109.484740842180372, -7.511221494389579 ], [ 109.485279828885368, -7.511221494389579 ], [ 109.485279828885368, -7.510952001037081 ], [ 109.486088308942868, -7.510952001037081 ], [ 109.486088308942868, -7.510682507684584 ], [ 109.48716628235286, -7.510682507684584 ], [ 109.48716628235286, -7.510952001037081 ], [ 109.488244255762851, -7.510952001037081 ], [ 109.488244255762851, -7.510682507684584 ], [ 109.489322229172828, -7.510682507684584 ], [ 109.489322229172828, -7.510413014332086 ], [ 109.489861215877823, -7.510413014332086 ], [ 109.489861215877823, -7.510143520979589 ], [ 109.49120868264032, -7.510143520979589 ], [ 109.49120868264032, -7.509874027627092 ], [ 109.49147817599281, -7.509874027627092 ], [ 109.49147817599281, -7.509604534274595 ], [ 109.491747669345315, -7.509604534274595 ], [ 109.491747669345315, -7.509335040922098 ], [ 109.492017162697806, -7.509335040922098 ], [ 109.492017162697806, -7.5090655475696 ], [ 109.492286656050297, -7.5090655475696 ], [ 109.492286656050297, -7.508526560864605 ], [ 109.492556149402802, -7.508526560864605 ], [ 109.492556149402802, -7.50798757415961 ], [ 109.493095136107797, -7.50798757415961 ], [ 109.493095136107797, -7.507718080807114 ], [ 109.494712096222784, -7.507718080807114 ], [ 109.494712096222784, -7.507448587454617 ], [ 109.494981589575275, -7.507448587454617 ], [ 109.494981589575275, -7.507179094102119 ], [ 109.49525108292778, -7.507179094102119 ], [ 109.49525108292778, -7.506909600749622 ], [ 109.495520576280271, -7.506909600749622 ], [ 109.495520576280271, -7.506640107397124 ], [ 109.495790069632761, -7.506640107397124 ], [ 109.495790069632761, -7.506370614044627 ], [ 109.496059562985266, -7.506370614044627 ], [ 109.496059562985266, -7.505831627339632 ], [ 109.496329056337757, -7.505831627339632 ], [ 109.496329056337757, -7.505292640634638 ], [ 109.496598549690262, -7.505292640634638 ], [ 109.496598549690262, -7.504753653929643 ], [ 109.496868043042753, -7.504753653929643 ], [ 109.496868043042753, -7.504214667224649 ], [ 109.497137536395257, -7.504214667224649 ], [ 109.497137536395257, -7.503945173872151 ], [ 109.497407029747748, -7.503945173872151 ], [ 109.497407029747748, -7.503406187167156 ], [ 109.498215509805249, -7.503406187167156 ], [ 109.498215509805249, -7.505562133987135 ], [ 109.498485003157739, -7.505562133987135 ], [ 109.498485003157739, -7.508257067512108 ], [ 109.498754496510244, -7.508257067512108 ], [ 109.498754496510244, -7.5090655475696 ], [ 109.499023989862735, -7.5090655475696 ], [ 109.499023989862735, -7.509604534274595 ], [ 109.49929348321524, -7.509604534274595 ], [ 109.49929348321524, -7.509874027627092 ], [ 109.499562976567731, -7.509874027627092 ], [ 109.499562976567731, -7.510413014332086 ], [ 109.500910443330213, -7.510413014332086 ], [ 109.500910443330213, -7.510143520979589 ], [ 109.501449430035208, -7.510143520979589 ], [ 109.501449430035208, -7.509874027627092 ], [ 109.501988416740204, -7.509874027627092 ], [ 109.501988416740204, -7.509604534274595 ], [ 109.502796896797705, -7.509604534274595 ], [ 109.502796896797705, -7.509335040922098 ], [ 109.505491830322669, -7.509335040922098 ], [ 109.505491830322669, -7.5090655475696 ], [ 109.50656980373266, -7.5090655475696 ], [ 109.50656980373266, -7.508796054217103 ], [ 109.508725750552642, -7.508796054217103 ], [ 109.508725750552642, -7.5090655475696 ], [ 109.509534230610129, -7.5090655475696 ], [ 109.509534230610129, -7.509335040922098 ], [ 109.51061220402012, -7.509335040922098 ], [ 109.51061220402012, -7.509604534274595 ], [ 109.513307137545098, -7.509604534274595 ], [ 109.513307137545098, -7.509874027627092 ], [ 109.514385110955089, -7.509874027627092 ], [ 109.514385110955089, -7.510143520979589 ], [ 109.515732577717571, -7.510143520979589 ], [ 109.515732577717571, -7.510413014332086 ], [ 109.517080044480053, -7.510413014332086 ], [ 109.517080044480053, -7.510682507684584 ], [ 109.517888524537554, -7.510682507684584 ], [ 109.517888524537554, -7.510952001037081 ], [ 109.51869700459504, -7.510952001037081 ], [ 109.51869700459504, -7.511221494389579 ], [ 109.519505484652527, -7.511221494389579 ], [ 109.519505484652527, -7.511490987742076 ], [ 109.519774978005032, -7.511490987742076 ], [ 109.519774978005032, -7.511760481094573 ], [ 109.520313964710027, -7.511760481094573 ], [ 109.520313964710027, -7.512029974447071 ], [ 109.520852951415023, -7.512029974447071 ], [ 109.520852951415023, -7.512299467799568 ], [ 109.521391938120018, -7.512299467799568 ], [ 109.521391938120018, -7.512568961152065 ], [ 109.521661431472509, -7.512568961152065 ], [ 109.521661431472509, -7.512838454504562 ], [ 109.522200418177505, -7.512838454504562 ], [ 109.522200418177505, -7.51310794785706 ], [ 109.522469911529996, -7.51310794785706 ], [ 109.522469911529996, -7.513377441209557 ], [ 109.523008898234991, -7.513377441209557 ], [ 109.523008898234991, -7.513646934562054 ], [ 109.523278391587496, -7.513646934562054 ], [ 109.523278391587496, -7.513916427914552 ], [ 109.523547884939987, -7.513916427914552 ], [ 109.523547884939987, -7.514185921267049 ], [ 109.523817378292492, -7.514185921267049 ], [ 109.523817378292492, -7.514455414619547 ], [ 109.524086871644982, -7.514455414619547 ], [ 109.524086871644982, -7.514724907972044 ], [ 109.524356364997487, -7.514724907972044 ], [ 109.524356364997487, -7.514994401324541 ], [ 109.524625858349978, -7.514994401324541 ], [ 109.524625858349978, -7.515263894677038 ], [ 109.525164845054974, -7.515263894677038 ], [ 109.525164845054974, -7.515533388029535 ], [ 109.525703831759969, -7.515533388029535 ], [ 109.525703831759969, -7.515802881382033 ], [ 109.533519138982385, -7.515802881382033 ], [ 109.533519138982385, -7.515533388029535 ], [ 109.537022552564849, -7.515533388029535 ], [ 109.537022552564849, -7.515802881382033 ], [ 109.538100525974841, -7.515802881382033 ], [ 109.538100525974841, -7.51607237473453 ], [ 109.538370019327346, -7.51607237473453 ], [ 109.538370019327346, -7.516341868087028 ], [ 109.538639512679836, -7.516341868087028 ], [ 109.538639512679836, -7.516611361439525 ], [ 109.538909006032341, -7.516611361439525 ], [ 109.538909006032341, -7.517150348144519 ], [ 109.539178499384832, -7.517150348144519 ], [ 109.539178499384832, -7.517689334849514 ], [ 109.539447992737337, -7.517689334849514 ], [ 109.539447992737337, -7.518497814907006 ], [ 109.539717486089828, -7.518497814907006 ], [ 109.539717486089828, -7.519036801612001 ], [ 109.539986979442332, -7.519036801612001 ], [ 109.539986979442332, -7.519306294964498 ], [ 109.540256472794823, -7.519306294964498 ], [ 109.540256472794823, -7.519575788316995 ], [ 109.540795459499819, -7.519575788316995 ], [ 109.540795459499819, -7.519845281669492 ], [ 109.541064952852309, -7.519845281669492 ], [ 109.541064952852309, -7.520114775021989 ], [ 109.541334446204814, -7.520114775021989 ], [ 109.541334446204814, -7.520384268374487 ], [ 109.541603939557305, -7.520384268374487 ], [ 109.541603939557305, -7.520653761726984 ], [ 109.542142926262301, -7.520653761726984 ], [ 109.542142926262301, -7.520923255079482 ], [ 109.542681912967296, -7.520923255079482 ], [ 109.542681912967296, -7.521192748431979 ], [ 109.543220899672292, -7.521192748431979 ], [ 109.543220899672292, -7.521462241784477 ], [ 109.543490393024797, -7.521462241784477 ], [ 109.543490393024797, -7.521731735136973 ], [ 109.543759886377288, -7.521731735136973 ], [ 109.543759886377288, -7.52200122848947 ], [ 109.544029379729793, -7.52200122848947 ], [ 109.544029379729793, -7.522270721841968 ], [ 109.544298873082283, -7.522270721841968 ], [ 109.544298873082283, -7.522540215194465 ], [ 109.544837859787279, -7.522540215194465 ], [ 109.544837859787279, -7.522809708546963 ], [ 109.545646339844765, -7.522809708546963 ], [ 109.545646339844765, -7.522540215194465 ], [ 109.54591583319727, -7.522540215194465 ], [ 109.54591583319727, -7.52200122848947 ], [ 109.546185326549761, -7.52200122848947 ], [ 109.546185326549761, -7.521462241784477 ], [ 109.546454819902266, -7.521462241784477 ], [ 109.546454819902266, -7.521192748431979 ], [ 109.546724313254757, -7.521192748431979 ], [ 109.546724313254757, -7.520653761726984 ], [ 109.546993806607261, -7.520653761726984 ], [ 109.546993806607261, -7.520384268374487 ], [ 109.547263299959752, -7.520384268374487 ], [ 109.547263299959752, -7.519845281669492 ], [ 109.547532793312257, -7.519845281669492 ], [ 109.547532793312257, -7.519575788316995 ], [ 109.547802286664748, -7.519575788316995 ], [ 109.547802286664748, -7.518767308259503 ], [ 109.548071780017239, -7.518767308259503 ], [ 109.548071780017239, -7.517419841497016 ], [ 109.548341273369743, -7.517419841497016 ], [ 109.548341273369743, -7.515802881382033 ], [ 109.548610766722234, -7.515802881382033 ], [ 109.548610766722234, -7.514994401324541 ], [ 109.548880260074739, -7.514994401324541 ], [ 109.548880260074739, -7.514455414619547 ], [ 109.54914975342723, -7.514455414619547 ], [ 109.54914975342723, -7.514185921267049 ], [ 109.549419246779735, -7.514185921267049 ], [ 109.549419246779735, -7.513646934562054 ], [ 109.549688740132225, -7.513646934562054 ], [ 109.549688740132225, -7.513377441209557 ], [ 109.54995823348473, -7.513377441209557 ], [ 109.54995823348473, -7.51310794785706 ], [ 109.550227726837221, -7.51310794785706 ], [ 109.550227726837221, -7.512838454504562 ], [ 109.550497220189726, -7.512838454504562 ], [ 109.550497220189726, -7.512568961152065 ], [ 109.551036206894722, -7.512568961152065 ], [ 109.551036206894722, -7.512299467799568 ], [ 109.551305700247212, -7.512299467799568 ], [ 109.551305700247212, -7.512029974447071 ], [ 109.551575193599717, -7.512029974447071 ], [ 109.551575193599717, -7.511490987742076 ], [ 109.552114180304699, -7.511490987742076 ], [ 109.552114180304699, -7.511221494389579 ], [ 109.552922660362199, -7.511221494389579 ], [ 109.552922660362199, -7.510952001037081 ], [ 109.553731140419686, -7.510952001037081 ], [ 109.553731140419686, -7.511221494389579 ], [ 109.554270127124681, -7.511221494389579 ], [ 109.554270127124681, -7.511490987742076 ], [ 109.555078607182182, -7.511490987742076 ], [ 109.555078607182182, -7.511760481094573 ], [ 109.555887087239668, -7.511760481094573 ], [ 109.555887087239668, -7.511490987742076 ], [ 109.556426073944664, -7.511490987742076 ], [ 109.556426073944664, -7.511221494389579 ], [ 109.556695567297155, -7.511221494389579 ], [ 109.556695567297155, -7.510952001037081 ], [ 109.556965060649659, -7.510952001037081 ], [ 109.556965060649659, -7.510682507684584 ], [ 109.55723455400215, -7.510682507684584 ], [ 109.55723455400215, -7.510413014332086 ], [ 109.557773540707146, -7.510413014332086 ], [ 109.557773540707146, -7.510143520979589 ], [ 109.558312527412141, -7.510143520979589 ], [ 109.558312527412141, -7.509874027627092 ], [ 109.559929487527128, -7.509874027627092 ], [ 109.559929487527128, -7.509604534274595 ], [ 109.562354927699602, -7.509604534274595 ], [ 109.562354927699602, -7.509335040922098 ], [ 109.564241381167079, -7.509335040922098 ], [ 109.564241381167079, -7.509604534274595 ], [ 109.56504986122458, -7.509604534274595 ], [ 109.56504986122458, -7.509874027627092 ], [ 109.566397327987062, -7.509874027627092 ], [ 109.566397327987062, -7.509604534274595 ], [ 109.566666821339567, -7.509604534274595 ], [ 109.566666821339567, -7.509874027627092 ], [ 109.56909226151204, -7.509874027627092 ], [ 109.56909226151204, -7.510143520979589 ], [ 109.569631248217036, -7.510143520979589 ], [ 109.569631248217036, -7.510413014332086 ], [ 109.569900741569526, -7.510413014332086 ], [ 109.569900741569526, -7.510682507684584 ], [ 109.570170234922031, -7.510682507684584 ], [ 109.570170234922031, -7.510952001037081 ], [ 109.570439728274522, -7.510952001037081 ], [ 109.570439728274522, -7.511221494389579 ], [ 109.570709221627013, -7.511221494389579 ], [ 109.570709221627013, -7.511490987742076 ], [ 109.570978714979518, -7.511490987742076 ], [ 109.570978714979518, -7.512029974447071 ], [ 109.571248208332008, -7.512029974447071 ], [ 109.571248208332008, -7.512568961152065 ], [ 109.571517701684513, -7.512568961152065 ], [ 109.571517701684513, -7.512838454504562 ], [ 109.571787195037004, -7.512838454504562 ], [ 109.571787195037004, -7.51310794785706 ], [ 109.572056688389509, -7.51310794785706 ], [ 109.572056688389509, -7.513377441209557 ], [ 109.579602502259434, -7.513377441209557 ], [ 109.579602502259434, -7.513646934562054 ], [ 109.580949969021916, -7.513646934562054 ], [ 109.580949969021916, -7.513377441209557 ], [ 109.583105915841898, -7.513377441209557 ], [ 109.583105915841898, -7.513646934562054 ], [ 109.585261862661881, -7.513646934562054 ], [ 109.585261862661881, -7.513916427914552 ], [ 109.585800849366862, -7.513916427914552 ], [ 109.585800849366862, -7.514185921267049 ], [ 109.586339836071858, -7.514185921267049 ], [ 109.586339836071858, -7.514455414619547 ], [ 109.586609329424363, -7.514455414619547 ], [ 109.586609329424363, -7.514994401324541 ], [ 109.586878822776853, -7.514994401324541 ], [ 109.586878822776853, -7.515263894677038 ], [ 109.587148316129358, -7.515263894677038 ], [ 109.587148316129358, -7.515533388029535 ], [ 109.587687302834354, -7.515533388029535 ], [ 109.587687302834354, -7.515263894677038 ], [ 109.587956796186845, -7.515263894677038 ], [ 109.587956796186845, -7.514994401324541 ], [ 109.58822628953935, -7.514994401324541 ], [ 109.58822628953935, -7.514455414619547 ], [ 109.58849578289184, -7.514455414619547 ], [ 109.58849578289184, -7.513916427914552 ], [ 109.588765276244345, -7.513916427914552 ], [ 109.588765276244345, -7.513646934562054 ], [ 109.592807676531805, -7.513646934562054 ], [ 109.592807676531805, -7.513377441209557 ], [ 109.593616156589292, -7.513377441209557 ], [ 109.593616156589292, -7.51310794785706 ], [ 109.594155143294287, -7.51310794785706 ], [ 109.594155143294287, -7.512838454504562 ], [ 109.594424636646778, -7.512838454504562 ], [ 109.594424636646778, -7.512568961152065 ], [ 109.594694129999283, -7.512568961152065 ], [ 109.594694129999283, -7.511490987742076 ], [ 109.594963623351774, -7.511490987742076 ], [ 109.594963623351774, -7.511221494389579 ], [ 109.595772103409274, -7.511221494389579 ], [ 109.595772103409274, -7.510952001037081 ], [ 109.596580583466761, -7.510952001037081 ], [ 109.596580583466761, -7.510682507684584 ], [ 109.597119570171756, -7.510682507684584 ], [ 109.597119570171756, -7.510413014332086 ], [ 109.597928050229243, -7.510413014332086 ], [ 109.597928050229243, -7.510143520979589 ], [ 109.598197543581747, -7.510143520979589 ], [ 109.598197543581747, -7.509604534274595 ], [ 109.598467036934238, -7.509604534274595 ], [ 109.598467036934238, -7.509335040922098 ], [ 109.598736530286743, -7.509335040922098 ], [ 109.598736530286743, -7.5090655475696 ], [ 109.599006023639234, -7.5090655475696 ], [ 109.599006023639234, -7.508796054217103 ], [ 109.599814503696734, -7.508796054217103 ], [ 109.599814503696734, -7.508526560864605 ], [ 109.600353490401716, -7.508526560864605 ], [ 109.600353490401716, -7.508257067512108 ], [ 109.600622983754221, -7.508257067512108 ], [ 109.600622983754221, -7.50798757415961 ], [ 109.600892477106711, -7.50798757415961 ], [ 109.600892477106711, -7.507718080807114 ], [ 109.601161970459216, -7.507718080807114 ], [ 109.601161970459216, -7.507448587454617 ], [ 109.601431463811707, -7.507448587454617 ], [ 109.601431463811707, -7.506909600749622 ], [ 109.601700957164212, -7.506909600749622 ], [ 109.601700957164212, -7.506640107397124 ], [ 109.601970450516703, -7.506640107397124 ], [ 109.601970450516703, -7.50610112069213 ], [ 109.602778930574203, -7.50610112069213 ], [ 109.602778930574203, -7.505831627339632 ], [ 109.604665384041681, -7.505831627339632 ], [ 109.604665384041681, -7.505562133987135 ], [ 109.605743357451672, -7.505562133987135 ], [ 109.605743357451672, -7.505292640634638 ], [ 109.606282344156668, -7.505292640634638 ], [ 109.606282344156668, -7.505023147282141 ], [ 109.606821330861663, -7.505023147282141 ], [ 109.606821330861663, -7.504753653929643 ], [ 109.610594237796619, -7.504753653929643 ], [ 109.610594237796619, -7.504484160577146 ], [ 109.611402717854119, -7.504484160577146 ], [ 109.611402717854119, -7.504753653929643 ], [ 109.612480691264096, -7.504753653929643 ], [ 109.612480691264096, -7.504484160577146 ], [ 109.613019677969092, -7.504484160577146 ], [ 109.613019677969092, -7.504214667224649 ], [ 109.613289171321597, -7.504214667224649 ], [ 109.613289171321597, -7.503675680519654 ], [ 109.612750184616601, -7.503675680519654 ], [ 109.612750184616601, -7.502328213757168 ], [ 109.613019677969092, -7.502328213757168 ], [ 109.613019677969092, -7.50205872040467 ], [ 109.613558664674088, -7.50205872040467 ], [ 109.613558664674088, -7.501789227052173 ], [ 109.614097651379083, -7.501789227052173 ], [ 109.614097651379083, -7.501519733699675 ], [ 109.614906131436584, -7.501519733699675 ], [ 109.614906131436584, -7.500980746994681 ], [ 109.615175624789075, -7.500980746994681 ], [ 109.615175624789075, -7.499902773584692 ], [ 109.614906131436584, -7.499902773584692 ], [ 109.614906131436584, -7.497207840059719 ], [ 109.615175624789075, -7.497207840059719 ], [ 109.615175624789075, -7.496399360002227 ], [ 109.615445118141565, -7.496399360002227 ], [ 109.615445118141565, -7.49612986664973 ], [ 109.61571461149407, -7.49612986664973 ], [ 109.61571461149407, -7.495860373297232 ], [ 109.615984104846561, -7.495860373297232 ], [ 109.615984104846561, -7.495590879944735 ], [ 109.616523091551556, -7.495590879944735 ], [ 109.616523091551556, -7.495321386592238 ], [ 109.616792584904061, -7.495321386592238 ], [ 109.616792584904061, -7.49505189323974 ], [ 109.617062078256552, -7.49505189323974 ], [ 109.617062078256552, -7.494782399887243 ], [ 109.617331571609057, -7.494782399887243 ], [ 109.617331571609057, -7.494243413182248 ], [ 109.617601064961548, -7.494243413182248 ], [ 109.617601064961548, -7.493973919829751 ], [ 109.617870558314053, -7.493973919829751 ], [ 109.617870558314053, -7.493704426477254 ], [ 109.618140051666543, -7.493704426477254 ], [ 109.618140051666543, -7.493165439772259 ], [ 109.618409545019048, -7.493165439772259 ], [ 109.618409545019048, -7.492626453067264 ], [ 109.618679038371539, -7.492626453067264 ], [ 109.618679038371539, -7.49208746636227 ], [ 109.618948531724044, -7.49208746636227 ], [ 109.618948531724044, -7.491548479657276 ], [ 109.61975701178153, -7.491548479657276 ], [ 109.61975701178153, -7.491278986304778 ], [ 109.620565491839017, -7.491278986304778 ], [ 109.620565491839017, -7.491009492952281 ], [ 109.621373971896517, -7.491009492952281 ], [ 109.621373971896517, -7.490739999599784 ], [ 109.621643465249008, -7.490739999599784 ], [ 109.621643465249008, -7.490470506247286 ], [ 109.621912958601513, -7.490470506247286 ], [ 109.621912958601513, -7.490201012894789 ], [ 109.622451945306508, -7.490201012894789 ], [ 109.622451945306508, -7.489931519542291 ], [ 109.622721438658999, -7.489931519542291 ], [ 109.622721438658999, -7.489392532837297 ], [ 109.62299093201149, -7.489392532837297 ], [ 109.62299093201149, -7.4891230394848 ], [ 109.623260425363995, -7.4891230394848 ], [ 109.623260425363995, -7.488853546132303 ], [ 109.623529918716486, -7.488853546132303 ], [ 109.623529918716486, -7.488584052779805 ], [ 109.624068905421481, -7.488584052779805 ], [ 109.624068905421481, -7.488314559427308 ], [ 109.624877385478982, -7.488314559427308 ], [ 109.624877385478982, -7.48804506607481 ], [ 109.625146878831472, -7.48804506607481 ], [ 109.625146878831472, -7.487775572722313 ], [ 109.625416372183977, -7.487775572722313 ], [ 109.625416372183977, -7.487236586017318 ], [ 109.625685865536468, -7.487236586017318 ], [ 109.625685865536468, -7.486967092664822 ], [ 109.626494345593954, -7.486967092664822 ], [ 109.626494345593954, -7.486697599312324 ], [ 109.62703333229895, -7.486697599312324 ], [ 109.62703333229895, -7.486428105959827 ], [ 109.627302825651455, -7.486428105959827 ], [ 109.627302825651455, -7.485889119254832 ], [ 109.627841812356451, -7.485889119254832 ], [ 109.627841812356451, -7.485619625902334 ], [ 109.628111305708941, -7.485619625902334 ], [ 109.628111305708941, -7.485350132549837 ], [ 109.628650292413937, -7.485350132549837 ], [ 109.628650292413937, -7.48508063919734 ], [ 109.628919785766442, -7.48508063919734 ], [ 109.628919785766442, -7.484811145844843 ], [ 109.629458772471438, -7.484811145844843 ], [ 109.629458772471438, -7.484541652492346 ], [ 109.629728265823928, -7.484541652492346 ], [ 109.629728265823928, -7.484272159139848 ], [ 109.629997759176433, -7.484272159139848 ], [ 109.629997759176433, -7.484002665787351 ], [ 109.630267252528924, -7.484002665787351 ], [ 109.630267252528924, -7.483733172434853 ], [ 109.630536745881415, -7.483733172434853 ], [ 109.630536745881415, -7.483194185729859 ], [ 109.63080623923392, -7.483194185729859 ], [ 109.63080623923392, -7.482924692377361 ], [ 109.63107573258641, -7.482924692377361 ], [ 109.63107573258641, -7.482655199024864 ], [ 109.631345225938915, -7.482655199024864 ], [ 109.631345225938915, -7.482385705672367 ], [ 109.631884212643911, -7.482385705672367 ], [ 109.631884212643911, -7.48211621231987 ], [ 109.632423199348906, -7.48211621231987 ], [ 109.632423199348906, -7.481846718967373 ], [ 109.632692692701397, -7.481846718967373 ], [ 109.632692692701397, -7.481577225614875 ], [ 109.633501172758898, -7.481577225614875 ], [ 109.633501172758898, -7.481846718967373 ], [ 109.634579146168875, -7.481846718967373 ], [ 109.634579146168875, -7.481577225614875 ], [ 109.636196106283862, -7.481577225614875 ], [ 109.636196106283862, -7.481307732262378 ], [ 109.638352053103844, -7.481307732262378 ], [ 109.638352053103844, -7.481577225614875 ], [ 109.63889103980884, -7.481577225614875 ], [ 109.63889103980884, -7.481846718967373 ], [ 109.639160533161331, -7.481846718967373 ], [ 109.639160533161331, -7.48211621231987 ], [ 109.639430026513836, -7.48211621231987 ], [ 109.639430026513836, -7.482385705672367 ], [ 109.639699519866326, -7.482385705672367 ], [ 109.639699519866326, -7.482655199024864 ], [ 109.639969013218831, -7.482655199024864 ], [ 109.639969013218831, -7.482924692377361 ], [ 109.640507999923827, -7.482924692377361 ], [ 109.640507999923827, -7.483194185729859 ], [ 109.640777493276318, -7.483194185729859 ], [ 109.640777493276318, -7.483463679082356 ], [ 109.641046986628822, -7.483463679082356 ], [ 109.641046986628822, -7.483733172434853 ], [ 109.641316479981313, -7.483733172434853 ], [ 109.641316479981313, -7.484002665787351 ], [ 109.641585973333804, -7.484002665787351 ], [ 109.641585973333804, -7.484272159139848 ], [ 109.641855466686309, -7.484272159139848 ], [ 109.641855466686309, -7.484541652492346 ], [ 109.642124960038799, -7.484541652492346 ], [ 109.642124960038799, -7.484811145844843 ], [ 109.642394453391304, -7.484811145844843 ], [ 109.642394453391304, -7.48508063919734 ], [ 109.642663946743795, -7.48508063919734 ], [ 109.642663946743795, -7.485619625902334 ], [ 109.6429334400963, -7.485619625902334 ], [ 109.6429334400963, -7.485889119254832 ], [ 109.643202933448791, -7.485889119254832 ], [ 109.643202933448791, -7.486428105959827 ], [ 109.643472426801296, -7.486428105959827 ], [ 109.643472426801296, -7.486697599312324 ], [ 109.643741920153786, -7.486697599312324 ], [ 109.643741920153786, -7.487236586017318 ], [ 109.644011413506291, -7.487236586017318 ], [ 109.644011413506291, -7.487775572722313 ], [ 109.644280906858782, -7.487775572722313 ], [ 109.644280906858782, -7.488314559427308 ], [ 109.644550400211287, -7.488314559427308 ], [ 109.644550400211287, -7.4891230394848 ], [ 109.644819893563778, -7.4891230394848 ], [ 109.644819893563778, -7.489662026189794 ], [ 109.645089386916283, -7.489662026189794 ], [ 109.645089386916283, -7.490201012894789 ], [ 109.645358880268773, -7.490201012894789 ], [ 109.645358880268773, -7.491009492952281 ], [ 109.645628373621264, -7.491009492952281 ], [ 109.645628373621264, -7.491817973009772 ], [ 109.645897866973769, -7.491817973009772 ], [ 109.645897866973769, -7.492626453067264 ], [ 109.64616736032626, -7.492626453067264 ], [ 109.64616736032626, -7.493165439772259 ], [ 109.646436853678765, -7.493165439772259 ], [ 109.646436853678765, -7.493704426477254 ], [ 109.646706347031255, -7.493704426477254 ], [ 109.646706347031255, -7.494243413182248 ], [ 109.64697584038376, -7.494243413182248 ], [ 109.64697584038376, -7.494512906534745 ], [ 109.647245333736251, -7.494512906534745 ], [ 109.647245333736251, -7.494782399887243 ], [ 109.647514827088756, -7.494782399887243 ], [ 109.647514827088756, -7.49505189323974 ], [ 109.647784320441247, -7.49505189323974 ], [ 109.647784320441247, -7.495321386592238 ], [ 109.648323307146242, -7.495321386592238 ], [ 109.648323307146242, -7.495590879944735 ], [ 109.649401280556233, -7.495590879944735 ], [ 109.649401280556233, -7.495860373297232 ], [ 109.651826720728707, -7.495860373297232 ], [ 109.651826720728707, -7.49612986664973 ], [ 109.654521654253685, -7.49612986664973 ], [ 109.654521654253685, -7.495860373297232 ], [ 109.655599627663676, -7.495860373297232 ], [ 109.655599627663676, -7.495590879944735 ], [ 109.656138614368672, -7.495590879944735 ], [ 109.656138614368672, -7.495321386592238 ], [ 109.656677601073653, -7.495321386592238 ], [ 109.656677601073653, -7.49505189323974 ], [ 109.657216587778649, -7.49505189323974 ], [ 109.657216587778649, -7.494782399887243 ], [ 109.657755574483645, -7.494782399887243 ], [ 109.657755574483645, -7.494512906534745 ], [ 109.65829456118864, -7.494512906534745 ], [ 109.65829456118864, -7.494243413182248 ], [ 109.658833547893636, -7.494243413182248 ], [ 109.658833547893636, -7.493973919829751 ], [ 109.659372534598631, -7.493973919829751 ], [ 109.659372534598631, -7.493704426477254 ], [ 109.660181014656118, -7.493704426477254 ], [ 109.660181014656118, -7.493434933124757 ], [ 109.661258988066109, -7.493434933124757 ], [ 109.661258988066109, -7.493165439772259 ], [ 109.6623369614761, -7.493165439772259 ], [ 109.6623369614761, -7.492895946419762 ], [ 109.665301388353569, -7.492895946419762 ], [ 109.665301388353569, -7.493165439772259 ], [ 109.665570881706074, -7.493165439772259 ], [ 109.665570881706074, -7.493434933124757 ], [ 109.665840375058565, -7.493434933124757 ], [ 109.665840375058565, -7.493704426477254 ], [ 109.66610986841107, -7.493704426477254 ], [ 109.66610986841107, -7.493973919829751 ], [ 109.66637936176356, -7.493973919829751 ], [ 109.66637936176356, -7.494243413182248 ], [ 109.666648855116065, -7.494243413182248 ], [ 109.666648855116065, -7.494782399887243 ], [ 109.666918348468556, -7.494782399887243 ], [ 109.666918348468556, -7.49505189323974 ], [ 109.667187841821061, -7.49505189323974 ], [ 109.667187841821061, -7.495321386592238 ], [ 109.667457335173552, -7.495321386592238 ], [ 109.667457335173552, -7.495860373297232 ], [ 109.667726828526042, -7.495860373297232 ], [ 109.667726828526042, -7.49612986664973 ], [ 109.667996321878547, -7.49612986664973 ], [ 109.667996321878547, -7.496399360002227 ], [ 109.668265815231038, -7.496399360002227 ], [ 109.668265815231038, -7.496938346707221 ], [ 109.668535308583543, -7.496938346707221 ], [ 109.668535308583543, -7.497207840059719 ], [ 109.668804801936034, -7.497207840059719 ], [ 109.668804801936034, -7.497746826764713 ], [ 109.669074295288539, -7.497746826764713 ], [ 109.669074295288539, -7.498016320117211 ], [ 109.669343788641029, -7.498016320117211 ], [ 109.669343788641029, -7.498555306822206 ], [ 109.669613281993534, -7.498555306822206 ], [ 109.669613281993534, -7.498824800174702 ], [ 109.669882775346025, -7.498824800174702 ], [ 109.669882775346025, -7.499363786879697 ], [ 109.67015226869853, -7.499363786879697 ], [ 109.67015226869853, -7.499633280232194 ], [ 109.670421762051021, -7.499633280232194 ], [ 109.670421762051021, -7.499902773584692 ], [ 109.670691255403526, -7.499902773584692 ], [ 109.670691255403526, -7.500172266937189 ], [ 109.671499735461012, -7.500172266937189 ], [ 109.671499735461012, -7.500441760289687 ], [ 109.671769228813503, -7.500441760289687 ], [ 109.671769228813503, -7.500711253642184 ], [ 109.672308215518498, -7.500711253642184 ], [ 109.672308215518498, -7.501519733699675 ], [ 109.672038722166008, -7.501519733699675 ], [ 109.672038722166008, -7.502597707109665 ], [ 109.672308215518498, -7.502597707109665 ], [ 109.672308215518498, -7.502867200462163 ], [ 109.673655682280994, -7.502867200462163 ], [ 109.673655682280994, -7.502597707109665 ], [ 109.675003149043476, -7.502597707109665 ], [ 109.675003149043476, -7.502867200462163 ], [ 109.675542135748472, -7.502867200462163 ], [ 109.675542135748472, -7.502597707109665 ], [ 109.676081122453468, -7.502597707109665 ], [ 109.676081122453468, -7.502867200462163 ], [ 109.676620109158463, -7.502867200462163 ], [ 109.676620109158463, -7.50313669381466 ], [ 109.677698082568455, -7.50313669381466 ], [ 109.677698082568455, -7.502597707109665 ], [ 109.677967575920945, -7.502597707109665 ], [ 109.677967575920945, -7.502328213757168 ], [ 109.67823706927345, -7.502328213757168 ], [ 109.67823706927345, -7.501789227052173 ], [ 109.679315042683427, -7.501789227052173 ], [ 109.679315042683427, -7.50205872040467 ], [ 109.682009976208406, -7.50205872040467 ], [ 109.682009976208406, -7.502328213757168 ], [ 109.682548962913401, -7.502328213757168 ], [ 109.682548962913401, -7.502597707109665 ], [ 109.682818456265892, -7.502597707109665 ], [ 109.682818456265892, -7.502867200462163 ], [ 109.683087949618397, -7.502867200462163 ], [ 109.683087949618397, -7.50313669381466 ], [ 109.683626936323392, -7.50313669381466 ], [ 109.683626936323392, -7.503406187167156 ], [ 109.684974403085874, -7.503406187167156 ], [ 109.684974403085874, -7.50313669381466 ], [ 109.685243896438379, -7.50313669381466 ], [ 109.685243896438379, -7.502867200462163 ], [ 109.685782883143375, -7.502867200462163 ], [ 109.685782883143375, -7.502597707109665 ], [ 109.686321869848356, -7.502597707109665 ], [ 109.686321869848356, -7.502328213757168 ], [ 109.687399843258348, -7.502328213757168 ], [ 109.687399843258348, -7.50205872040467 ], [ 109.687938829963343, -7.50205872040467 ], [ 109.687938829963343, -7.500980746994681 ], [ 109.688208323315848, -7.500980746994681 ], [ 109.688208323315848, -7.500172266937189 ], [ 109.688477816668339, -7.500172266937189 ], [ 109.688477816668339, -7.498824800174702 ], [ 109.688208323315848, -7.498824800174702 ], [ 109.688208323315848, -7.498016320117211 ], [ 109.688747310020844, -7.498016320117211 ], [ 109.688747310020844, -7.496938346707221 ], [ 109.68928629672584, -7.496938346707221 ], [ 109.68928629672584, -7.496668853354724 ], [ 109.694137177070786, -7.496668853354724 ], [ 109.694137177070786, -7.496399360002227 ], [ 109.696562617243259, -7.496399360002227 ], [ 109.696562617243259, -7.49612986664973 ], [ 109.697910084005741, -7.49612986664973 ], [ 109.697910084005741, -7.495860373297232 ], [ 109.698718564063242, -7.495860373297232 ], [ 109.698718564063242, -7.495590879944735 ], [ 109.699257550768237, -7.495590879944735 ], [ 109.699257550768237, -7.495321386592238 ], [ 109.699527044120728, -7.495321386592238 ], [ 109.699527044120728, -7.49505189323974 ], [ 109.699796537473233, -7.49505189323974 ], [ 109.699796537473233, -7.494782399887243 ], [ 109.700066030825724, -7.494782399887243 ], [ 109.700066030825724, -7.494512906534745 ], [ 109.700335524178229, -7.494512906534745 ], [ 109.700335524178229, -7.494243413182248 ], [ 109.700605017530719, -7.494243413182248 ], [ 109.700605017530719, -7.493973919829751 ], [ 109.701144004235715, -7.493973919829751 ], [ 109.701144004235715, -7.493704426477254 ], [ 109.701413497588206, -7.493704426477254 ], [ 109.701413497588206, -7.493434933124757 ], [ 109.701682990940711, -7.493434933124757 ], [ 109.701682990940711, -7.493165439772259 ], [ 109.701952484293201, -7.493165439772259 ], [ 109.701952484293201, -7.492895946419762 ], [ 109.702491470998197, -7.492895946419762 ], [ 109.702491470998197, -7.492626453067264 ], [ 109.702760964350702, -7.492626453067264 ], [ 109.702760964350702, -7.492356959714767 ], [ 109.703030457703193, -7.492356959714767 ], [ 109.703030457703193, -7.49208746636227 ], [ 109.703569444408188, -7.49208746636227 ], [ 109.703569444408188, -7.491817973009772 ], [ 109.703838937760693, -7.491817973009772 ], [ 109.703838937760693, -7.491548479657276 ], [ 109.704108431113184, -7.491548479657276 ], [ 109.704108431113184, -7.491278986304778 ], [ 109.704377924465689, -7.491278986304778 ], [ 109.704377924465689, -7.491009492952281 ], [ 109.70464741781818, -7.491009492952281 ], [ 109.70464741781818, -7.490739999599784 ], [ 109.704916911170685, -7.490739999599784 ], [ 109.704916911170685, -7.490201012894789 ], [ 109.705186404523175, -7.490201012894789 ], [ 109.705186404523175, -7.489662026189794 ], [ 109.705725391228171, -7.489662026189794 ], [ 109.705725391228171, -7.489392532837297 ], [ 109.706264377933167, -7.489392532837297 ], [ 109.706264377933167, -7.4891230394848 ], [ 109.706533871285657, -7.4891230394848 ], [ 109.706533871285657, -7.488853546132303 ], [ 109.706803364638162, -7.488853546132303 ], [ 109.706803364638162, -7.48804506607481 ], [ 109.707072857990653, -7.48804506607481 ], [ 109.707072857990653, -7.487506079369815 ], [ 109.707342351343158, -7.487506079369815 ], [ 109.707342351343158, -7.486967092664822 ], [ 109.707611844695649, -7.486967092664822 ], [ 109.707611844695649, -7.486158612607329 ], [ 109.707881338048153, -7.486158612607329 ], [ 109.707881338048153, -7.485889119254832 ], [ 109.708150831400644, -7.485889119254832 ], [ 109.708150831400644, -7.485619625902334 ], [ 109.70868981810564, -7.485619625902334 ], [ 109.70868981810564, -7.485350132549837 ], [ 109.708959311458131, -7.485350132549837 ], [ 109.708959311458131, -7.48508063919734 ], [ 109.709498298163126, -7.48508063919734 ], [ 109.709498298163126, -7.484811145844843 ], [ 109.709767791515631, -7.484811145844843 ], [ 109.709767791515631, -7.484541652492346 ], [ 109.710037284868122, -7.484541652492346 ], [ 109.710037284868122, -7.484272159139848 ], [ 109.710576271573117, -7.484272159139848 ], [ 109.710576271573117, -7.483733172434853 ], [ 109.710845764925622, -7.483733172434853 ], [ 109.710845764925622, -7.483194185729859 ], [ 109.711115258278113, -7.483194185729859 ], [ 109.711115258278113, -7.482924692377361 ], [ 109.711384751630618, -7.482924692377361 ], [ 109.711384751630618, -7.482655199024864 ], [ 109.712462725040595, -7.482655199024864 ], [ 109.712462725040595, -7.482385705672367 ], [ 109.713271205098096, -7.482385705672367 ], [ 109.713271205098096, -7.482655199024864 ], [ 109.714349178508087, -7.482655199024864 ], [ 109.714349178508087, -7.482385705672367 ], [ 109.714888165213083, -7.482385705672367 ], [ 109.714888165213083, -7.48211621231987 ], [ 109.715427151918078, -7.48211621231987 ], [ 109.715427151918078, -7.481846718967373 ], [ 109.715696645270569, -7.481846718967373 ], [ 109.715696645270569, -7.481307732262378 ], [ 109.715966138623074, -7.481307732262378 ], [ 109.715966138623074, -7.48103823890988 ], [ 109.716235631975565, -7.48103823890988 ], [ 109.716235631975565, -7.480768745557383 ], [ 109.716505125328055, -7.480768745557383 ], [ 109.716505125328055, -7.480229758852388 ], [ 109.71677461868056, -7.480229758852388 ], [ 109.71677461868056, -7.479960265499892 ], [ 109.717044112033051, -7.479960265499892 ], [ 109.717044112033051, -7.479690772147394 ], [ 109.717583098738046, -7.479690772147394 ], [ 109.717583098738046, -7.479421278794897 ], [ 109.717852592090551, -7.479421278794897 ], [ 109.717852592090551, -7.479151785442399 ], [ 109.718122085443042, -7.479151785442399 ], [ 109.718122085443042, -7.478882292089902 ], [ 109.718661072148038, -7.478882292089902 ], [ 109.718661072148038, -7.478612798737405 ], [ 109.719200058853033, -7.478612798737405 ], [ 109.719200058853033, -7.478343305384907 ], [ 109.719469552205538, -7.478343305384907 ], [ 109.719469552205538, -7.47807381203241 ], [ 109.721356005673016, -7.47807381203241 ], [ 109.721356005673016, -7.477804318679913 ], [ 109.721625499025507, -7.477804318679913 ], [ 109.721625499025507, -7.477534825327416 ], [ 109.722164485730502, -7.477534825327416 ], [ 109.722164485730502, -7.477265331974918 ], [ 109.722703472435498, -7.477265331974918 ], [ 109.722703472435498, -7.476995838622421 ], [ 109.722972965788003, -7.476995838622421 ], [ 109.722972965788003, -7.476726345269924 ], [ 109.723781445845489, -7.476726345269924 ], [ 109.723781445845489, -7.476456851917426 ], [ 109.72405093919798, -7.476456851917426 ], [ 109.72405093919798, -7.476187358564929 ], [ 109.727284859427954, -7.476187358564929 ], [ 109.727284859427954, -7.476456851917426 ], [ 109.72809333948544, -7.476456851917426 ], [ 109.72809333948544, -7.476726345269924 ], [ 109.728901819542941, -7.476726345269924 ], [ 109.728901819542941, -7.476995838622421 ], [ 109.729440806247936, -7.476995838622421 ], [ 109.729440806247936, -7.477265331974918 ], [ 109.729979792952932, -7.477265331974918 ], [ 109.729979792952932, -7.477534825327416 ], [ 109.730518779657928, -7.477534825327416 ], [ 109.730518779657928, -7.477804318679913 ], [ 109.731327259715414, -7.477804318679913 ], [ 109.731327259715414, -7.47807381203241 ], [ 109.73186624642041, -7.47807381203241 ], [ 109.73186624642041, -7.478343305384907 ], [ 109.733213713182892, -7.478343305384907 ], [ 109.733213713182892, -7.47807381203241 ], [ 109.733483206535396, -7.47807381203241 ], [ 109.733483206535396, -7.476726345269924 ], [ 109.733752699887887, -7.476726345269924 ], [ 109.733752699887887, -7.476456851917426 ], [ 109.734291686592883, -7.476456851917426 ], [ 109.734291686592883, -7.476187358564929 ], [ 109.734830673297878, -7.476187358564929 ], [ 109.734830673297878, -7.475917865212431 ], [ 109.735100166650369, -7.475917865212431 ], [ 109.735100166650369, -7.475648371859934 ], [ 109.735369660002874, -7.475648371859934 ], [ 109.735369660002874, -7.475378878507437 ], [ 109.735639153355365, -7.475378878507437 ], [ 109.735639153355365, -7.47510938515494 ], [ 109.73617814006036, -7.47510938515494 ], [ 109.73617814006036, -7.474570398449945 ], [ 109.734561179945388, -7.474570398449945 ], [ 109.734561179945388, -7.473222931687459 ], [ 109.734291686592883, -7.473222931687459 ], [ 109.734291686592883, -7.472683944982464 ], [ 109.734022193240392, -7.472683944982464 ], [ 109.734022193240392, -7.472414451629967 ], [ 109.733752699887887, -7.472414451629967 ], [ 109.733752699887887, -7.472144958277469 ], [ 109.733213713182892, -7.472144958277469 ], [ 109.733213713182892, -7.471875464924972 ], [ 109.732944219830401, -7.471875464924972 ], [ 109.732944219830401, -7.471605971572474 ], [ 109.732674726477896, -7.471605971572474 ], [ 109.732674726477896, -7.471336478219977 ], [ 109.732405233125405, -7.471336478219977 ], [ 109.732405233125405, -7.469989011457491 ], [ 109.732674726477896, -7.469989011457491 ], [ 109.732674726477896, -7.469719518104994 ], [ 109.732944219830401, -7.469719518104994 ], [ 109.732944219830401, -7.469450024752496 ], [ 109.733213713182892, -7.469450024752496 ], [ 109.733213713182892, -7.468641544695005 ], [ 109.733483206535396, -7.468641544695005 ], [ 109.733483206535396, -7.467563571285015 ], [ 109.733213713182892, -7.467563571285015 ], [ 109.733213713182892, -7.467294077932518 ], [ 109.732944219830401, -7.467294077932518 ], [ 109.732944219830401, -7.46702458458002 ], [ 109.732674726477896, -7.46702458458002 ], [ 109.732674726477896, -7.466216104522529 ], [ 109.732405233125405, -7.466216104522529 ], [ 109.732405233125405, -7.465677117817534 ], [ 109.7321357397729, -7.465677117817534 ], [ 109.7321357397729, -7.465407624465037 ], [ 109.73186624642041, -7.465407624465037 ], [ 109.73186624642041, -7.465138131112539 ], [ 109.7321357397729, -7.465138131112539 ], [ 109.7321357397729, -7.463521170997556 ], [ 109.732405233125405, -7.463521170997556 ], [ 109.732405233125405, -7.462443197587566 ], [ 109.7321357397729, -7.462443197587566 ], [ 109.7321357397729, -7.462173704235069 ], [ 109.73186624642041, -7.462173704235069 ], [ 109.73186624642041, -7.461904210882571 ], [ 109.731596753067905, -7.461904210882571 ], [ 109.731596753067905, -7.46109573082508 ], [ 109.73186624642041, -7.46109573082508 ], [ 109.73186624642041, -7.460826237472583 ], [ 109.7321357397729, -7.460826237472583 ], [ 109.7321357397729, -7.460287250767588 ], [ 109.732405233125405, -7.460287250767588 ], [ 109.732405233125405, -7.458939784005102 ], [ 109.7321357397729, -7.458939784005102 ], [ 109.7321357397729, -7.457861810595112 ], [ 109.732405233125405, -7.457861810595112 ], [ 109.732405233125405, -7.457592317242615 ], [ 109.732674726477896, -7.457592317242615 ], [ 109.732674726477896, -7.457322823890117 ], [ 109.733213713182892, -7.457322823890117 ], [ 109.733213713182892, -7.457053330537621 ], [ 109.734291686592883, -7.457053330537621 ], [ 109.734291686592883, -7.456783837185123 ], [ 109.73590864670787, -7.456783837185123 ], [ 109.73590864670787, -7.456514343832626 ], [ 109.73617814006036, -7.456514343832626 ], [ 109.73617814006036, -7.456244850480128 ], [ 109.736447633412865, -7.456244850480128 ], [ 109.736447633412865, -7.455975357127631 ], [ 109.736717126765356, -7.455975357127631 ], [ 109.736717126765356, -7.455705863775134 ], [ 109.736986620117861, -7.455705863775134 ], [ 109.736986620117861, -7.454897383717642 ], [ 109.737256113470352, -7.454897383717642 ], [ 109.737256113470352, -7.453819410307653 ], [ 109.737525606822857, -7.453819410307653 ], [ 109.737525606822857, -7.452202450192669 ], [ 109.737795100175347, -7.452202450192669 ], [ 109.737795100175347, -7.451393970135177 ], [ 109.737525606822857, -7.451393970135177 ], [ 109.737525606822857, -7.448429543257706 ], [ 109.737256113470352, -7.448429543257706 ], [ 109.737256113470352, -7.447621063200215 ], [ 109.736986620117861, -7.447621063200215 ], [ 109.736986620117861, -7.44708207649522 ], [ 109.73617814006036, -7.44708207649522 ], [ 109.73617814006036, -7.446812583142723 ], [ 109.735369660002874, -7.446812583142723 ], [ 109.735369660002874, -7.446543089790225 ], [ 109.734561179945388, -7.446543089790225 ], [ 109.734561179945388, -7.446273596437728 ], [ 109.733752699887887, -7.446273596437728 ], [ 109.733752699887887, -7.44600410308523 ], [ 109.733213713182892, -7.44600410308523 ], [ 109.733213713182892, -7.445734609732733 ], [ 109.73186624642041, -7.445734609732733 ], [ 109.73186624642041, -7.44600410308523 ], [ 109.730518779657928, -7.44600410308523 ], [ 109.730518779657928, -7.446273596437728 ], [ 109.728901819542941, -7.446273596437728 ], [ 109.728901819542941, -7.446543089790225 ], [ 109.72809333948544, -7.446543089790225 ], [ 109.72809333948544, -7.446812583142723 ], [ 109.727284859427954, -7.446812583142723 ], [ 109.727284859427954, -7.44708207649522 ], [ 109.726745872722958, -7.44708207649522 ], [ 109.726745872722958, -7.447351569847718 ], [ 109.725937392665472, -7.447351569847718 ], [ 109.725937392665472, -7.447621063200215 ], [ 109.725398405960476, -7.447621063200215 ], [ 109.725398405960476, -7.447890556552712 ], [ 109.72485941925548, -7.447890556552712 ], [ 109.72485941925548, -7.448160049905209 ], [ 109.72405093919798, -7.448160049905209 ], [ 109.72405093919798, -7.448429543257706 ], [ 109.722433979083007, -7.448429543257706 ], [ 109.722433979083007, -7.448699036610204 ], [ 109.72081701896802, -7.448699036610204 ], [ 109.72081701896802, -7.448968529962701 ], [ 109.720278032263025, -7.448968529962701 ], [ 109.720278032263025, -7.448699036610204 ], [ 109.718122085443042, -7.448699036610204 ], [ 109.718122085443042, -7.448429543257706 ], [ 109.716505125328055, -7.448429543257706 ], [ 109.716505125328055, -7.448160049905209 ], [ 109.716235631975565, -7.448160049905209 ], [ 109.716235631975565, -7.447890556552712 ], [ 109.715696645270569, -7.447890556552712 ], [ 109.715696645270569, -7.447621063200215 ], [ 109.715427151918078, -7.447621063200215 ], [ 109.715427151918078, -7.447351569847718 ], [ 109.715157658565573, -7.447351569847718 ], [ 109.715157658565573, -7.44708207649522 ], [ 109.714888165213083, -7.44708207649522 ], [ 109.714888165213083, -7.446543089790225 ], [ 109.714618671860578, -7.446543089790225 ], [ 109.714618671860578, -7.446273596437728 ], [ 109.714349178508087, -7.446273596437728 ], [ 109.714349178508087, -7.445734609732733 ], [ 109.714079685155582, -7.445734609732733 ], [ 109.714079685155582, -7.445195623027739 ], [ 109.713810191803091, -7.445195623027739 ], [ 109.713810191803091, -7.444656636322744 ], [ 109.713540698450586, -7.444656636322744 ], [ 109.713540698450586, -7.443848156265252 ], [ 109.713271205098096, -7.443848156265252 ], [ 109.713271205098096, -7.442770182855263 ], [ 109.713001711745591, -7.442770182855263 ], [ 109.713001711745591, -7.441422716092776 ], [ 109.7127322183931, -7.441422716092776 ], [ 109.7127322183931, -7.439805755977793 ], [ 109.712462725040595, -7.439805755977793 ], [ 109.712462725040595, -7.439536262625295 ], [ 109.711384751630618, -7.439536262625295 ], [ 109.711384751630618, -7.439266769272798 ], [ 109.710306778220627, -7.439266769272798 ], [ 109.710306778220627, -7.4389972759203 ], [ 109.709498298163126, -7.4389972759203 ], [ 109.709498298163126, -7.438727782567804 ], [ 109.70868981810564, -7.438727782567804 ], [ 109.70868981810564, -7.438458289215307 ], [ 109.707342351343158, -7.438458289215307 ], [ 109.707342351343158, -7.438188795862809 ], [ 109.706264377933167, -7.438188795862809 ], [ 109.706264377933167, -7.437919302510312 ], [ 109.705186404523175, -7.437919302510312 ], [ 109.705186404523175, -7.437649809157814 ], [ 109.70464741781818, -7.437649809157814 ], [ 109.70464741781818, -7.437380315805317 ], [ 109.703838937760693, -7.437380315805317 ], [ 109.703838937760693, -7.437110822452819 ], [ 109.703569444408188, -7.437110822452819 ], [ 109.703569444408188, -7.436841329100322 ], [ 109.703030457703193, -7.436841329100322 ], [ 109.703030457703193, -7.436571835747825 ], [ 109.702491470998197, -7.436571835747825 ], [ 109.702491470998197, -7.436302342395328 ], [ 109.702221977645706, -7.436302342395328 ], [ 109.702221977645706, -7.436032849042831 ], [ 109.701952484293201, -7.436032849042831 ], [ 109.701952484293201, -7.435763355690333 ], [ 109.701682990940711, -7.435763355690333 ], [ 109.701682990940711, -7.435493862337836 ], [ 109.701144004235715, -7.435493862337836 ], [ 109.701144004235715, -7.435224368985339 ], [ 109.700874510883224, -7.435224368985339 ], [ 109.700874510883224, -7.434954875632841 ], [ 109.700335524178229, -7.434954875632841 ], [ 109.700335524178229, -7.434685382280344 ], [ 109.699527044120728, -7.434685382280344 ], [ 109.699527044120728, -7.434415888927846 ], [ 109.699257550768237, -7.434415888927846 ], [ 109.699257550768237, -7.43414639557535 ], [ 109.698718564063242, -7.43414639557535 ], [ 109.698718564063242, -7.433876902222852 ], [ 109.698449070710737, -7.433876902222852 ], [ 109.698449070710737, -7.433607408870355 ], [ 109.698179577358246, -7.433607408870355 ], [ 109.698179577358246, -7.433337915517858 ], [ 109.697910084005741, -7.433337915517858 ], [ 109.697910084005741, -7.43306842216536 ], [ 109.697640590653251, -7.43306842216536 ], [ 109.697640590653251, -7.432798928812863 ], [ 109.69737109730076, -7.432798928812863 ], [ 109.69737109730076, -7.432259942107868 ], [ 109.697101603948255, -7.432259942107868 ], [ 109.697101603948255, -7.431720955402874 ], [ 109.696832110595764, -7.431720955402874 ], [ 109.696832110595764, -7.431451462050377 ], [ 109.696562617243259, -7.431451462050377 ], [ 109.696562617243259, -7.430912475345382 ], [ 109.696023630538264, -7.430912475345382 ], [ 109.696023630538264, -7.430642981992884 ], [ 109.695484643833268, -7.430642981992884 ], [ 109.695484643833268, -7.430373488640387 ], [ 109.695215150480777, -7.430373488640387 ], [ 109.695215150480777, -7.43010399528789 ], [ 109.694945657128272, -7.43010399528789 ], [ 109.694945657128272, -7.429834501935392 ], [ 109.694676163775782, -7.429834501935392 ], [ 109.694676163775782, -7.429565008582895 ], [ 109.694406670423277, -7.429565008582895 ], [ 109.694406670423277, -7.429295515230398 ], [ 109.694137177070786, -7.429295515230398 ], [ 109.694137177070786, -7.428756528525403 ], [ 109.693867683718281, -7.428756528525403 ], [ 109.693867683718281, -7.427948048467911 ], [ 109.69359819036579, -7.427948048467911 ], [ 109.69359819036579, -7.426331088352928 ], [ 109.6933286970133, -7.426331088352928 ], [ 109.6933286970133, -7.422558181417966 ], [ 109.69359819036579, -7.422558181417966 ], [ 109.69359819036579, -7.420941221302981 ], [ 109.693867683718281, -7.420941221302981 ], [ 109.693867683718281, -7.419593754540495 ], [ 109.694137177070786, -7.419593754540495 ], [ 109.694137177070786, -7.4190547678355 ], [ 109.694406670423277, -7.4190547678355 ], [ 109.694406670423277, -7.418515781130505 ], [ 109.694676163775782, -7.418515781130505 ], [ 109.694676163775782, -7.418246287778008 ], [ 109.694945657128272, -7.418246287778008 ], [ 109.694945657128272, -7.417976794425511 ], [ 109.695215150480777, -7.417976794425511 ], [ 109.695215150480777, -7.417707301073014 ], [ 109.695484643833268, -7.417707301073014 ], [ 109.695484643833268, -7.417437807720517 ], [ 109.695754137185773, -7.417437807720517 ], [ 109.695754137185773, -7.417168314368019 ], [ 109.696023630538264, -7.417168314368019 ], [ 109.696023630538264, -7.416898821015522 ], [ 109.696293123890769, -7.416898821015522 ], [ 109.696293123890769, -7.416629327663024 ], [ 109.696832110595764, -7.416629327663024 ], [ 109.696832110595764, -7.416359834310527 ], [ 109.697101603948255, -7.416359834310527 ], [ 109.697101603948255, -7.41609034095803 ], [ 109.697640590653251, -7.41609034095803 ], [ 109.697640590653251, -7.415820847605533 ], [ 109.698449070710737, -7.415820847605533 ], [ 109.698449070710737, -7.415551354253036 ], [ 109.699257550768237, -7.415551354253036 ], [ 109.699257550768237, -7.415281860900538 ], [ 109.700335524178229, -7.415281860900538 ], [ 109.700335524178229, -7.415012367548041 ], [ 109.703299951055698, -7.415012367548041 ], [ 109.703299951055698, -7.414742874195543 ], [ 109.711654244983109, -7.414742874195543 ], [ 109.711654244983109, -7.414473380843046 ], [ 109.714888165213083, -7.414473380843046 ], [ 109.714888165213083, -7.414203887490549 ], [ 109.717583098738046, -7.414203887490549 ], [ 109.717583098738046, -7.414473380843046 ], [ 109.719739045558029, -7.414473380843046 ], [ 109.719739045558029, -7.414742874195543 ], [ 109.721356005673016, -7.414742874195543 ], [ 109.721356005673016, -7.415012367548041 ], [ 109.722703472435498, -7.415012367548041 ], [ 109.722703472435498, -7.415281860900538 ], [ 109.723781445845489, -7.415281860900538 ], [ 109.723781445845489, -7.415551354253036 ], [ 109.725667899312967, -7.415551354253036 ], [ 109.725667899312967, -7.415820847605533 ], [ 109.72809333948544, -7.415820847605533 ], [ 109.72809333948544, -7.41609034095803 ], [ 109.729171312895431, -7.41609034095803 ], [ 109.729171312895431, -7.415820847605533 ], [ 109.73186624642041, -7.415820847605533 ], [ 109.73186624642041, -7.415551354253036 ], [ 109.733752699887887, -7.415551354253036 ], [ 109.733752699887887, -7.415281860900538 ], [ 109.734561179945388, -7.415281860900538 ], [ 109.734561179945388, -7.415012367548041 ], [ 109.735369660002874, -7.415012367548041 ], [ 109.735369660002874, -7.414742874195543 ], [ 109.73617814006036, -7.414742874195543 ], [ 109.73617814006036, -7.414473380843046 ], [ 109.736717126765356, -7.414473380843046 ], [ 109.736717126765356, -7.414203887490549 ], [ 109.736986620117861, -7.414203887490549 ], [ 109.736986620117861, -7.413664900785554 ], [ 109.737256113470352, -7.413664900785554 ], [ 109.737256113470352, -7.41312591408056 ], [ 109.737525606822857, -7.41312591408056 ], [ 109.737525606822857, -7.412317434023068 ], [ 109.737795100175347, -7.412317434023068 ], [ 109.737795100175347, -7.411778447318073 ], [ 109.738064593527852, -7.411778447318073 ], [ 109.738064593527852, -7.410969967260582 ], [ 109.738334086880343, -7.410969967260582 ], [ 109.738334086880343, -7.410161487203089 ], [ 109.738603580232834, -7.410161487203089 ], [ 109.738603580232834, -7.409622500498094 ], [ 109.738873073585339, -7.409622500498094 ], [ 109.738873073585339, -7.408814020440603 ], [ 109.739142566937829, -7.408814020440603 ], [ 109.739142566937829, -7.408005540383111 ], [ 109.739412060290334, -7.408005540383111 ], [ 109.739412060290334, -7.407197060325619 ], [ 109.739681553642825, -7.407197060325619 ], [ 109.739681553642825, -7.406658073620624 ], [ 109.73995104699533, -7.406658073620624 ], [ 109.73995104699533, -7.406388580268127 ], [ 109.740220540347821, -7.406388580268127 ], [ 109.740220540347821, -7.405849593563133 ], [ 109.740490033700326, -7.405849593563133 ], [ 109.740490033700326, -7.405580100210635 ], [ 109.740759527052816, -7.405580100210635 ], [ 109.740759527052816, -7.405310606858138 ], [ 109.741029020405321, -7.405310606858138 ], [ 109.741029020405321, -7.40504111350564 ], [ 109.741298513757812, -7.40504111350564 ], [ 109.741298513757812, -7.404771620153143 ], [ 109.741568007110317, -7.404771620153143 ], [ 109.741568007110317, -7.404502126800645 ], [ 109.741837500462807, -7.404502126800645 ], [ 109.741837500462807, -7.404232633448149 ], [ 109.742376487167803, -7.404232633448149 ], [ 109.742376487167803, -7.403963140095652 ], [ 109.742645980520294, -7.403963140095652 ], [ 109.742645980520294, -7.403693646743154 ], [ 109.743184967225289, -7.403693646743154 ], [ 109.743184967225289, -7.403424153390657 ], [ 109.743723953930285, -7.403424153390657 ], [ 109.743723953930285, -7.403154660038159 ], [ 109.74399344728279, -7.403154660038159 ], [ 109.74399344728279, -7.402885166685662 ], [ 109.744262940635281, -7.402885166685662 ], [ 109.744262940635281, -7.402615673333164 ], [ 109.744532433987786, -7.402615673333164 ], [ 109.744532433987786, -7.402346179980667 ], [ 109.745071420692781, -7.402346179980667 ], [ 109.745071420692781, -7.40207668662817 ], [ 109.745610407397777, -7.40207668662817 ], [ 109.745610407397777, -7.401807193275673 ], [ 109.746149394102758, -7.401807193275673 ], [ 109.746149394102758, -7.401537699923176 ], [ 109.746957874160259, -7.401537699923176 ], [ 109.746957874160259, -7.401268206570678 ], [ 109.747766354217745, -7.401268206570678 ], [ 109.747766354217745, -7.400998713218181 ], [ 109.748844327627737, -7.400998713218181 ], [ 109.748844327627737, -7.400729219865684 ], [ 109.749113820980241, -7.400729219865684 ], [ 109.749113820980241, -7.400998713218181 ], [ 109.753156221267702, -7.400998713218181 ], [ 109.753156221267702, -7.401268206570678 ], [ 109.754234194677679, -7.401268206570678 ], [ 109.754234194677679, -7.401537699923176 ], [ 109.755581661440175, -7.401537699923176 ], [ 109.755581661440175, -7.401807193275673 ], [ 109.756659634850166, -7.401807193275673 ], [ 109.756659634850166, -7.40207668662817 ], [ 109.757198621555162, -7.40207668662817 ], [ 109.757198621555162, -7.402346179980667 ], [ 109.757737608260143, -7.402346179980667 ], [ 109.757737608260143, -7.402615673333164 ], [ 109.758276594965139, -7.402615673333164 ], [ 109.758276594965139, -7.402885166685662 ], [ 109.758546088317644, -7.402885166685662 ], [ 109.758546088317644, -7.403154660038159 ], [ 109.759085075022639, -7.403154660038159 ], [ 109.759085075022639, -7.403424153390657 ], [ 109.759624061727635, -7.403424153390657 ], [ 109.759624061727635, -7.403693646743154 ], [ 109.760163048432631, -7.403693646743154 ], [ 109.760163048432631, -7.403963140095652 ], [ 109.760702035137626, -7.403963140095652 ], [ 109.760702035137626, -7.404232633448149 ], [ 109.760971528490117, -7.404232633448149 ], [ 109.760971528490117, -7.404502126800645 ], [ 109.761241021842608, -7.404502126800645 ], [ 109.761241021842608, -7.404771620153143 ], [ 109.761780008547603, -7.404771620153143 ], [ 109.761780008547603, -7.40504111350564 ], [ 109.762049501900108, -7.40504111350564 ], [ 109.762049501900108, -7.405310606858138 ], [ 109.762318995252599, -7.405310606858138 ], [ 109.762318995252599, -7.405580100210635 ], [ 109.762588488605104, -7.405580100210635 ], [ 109.762588488605104, -7.40611908691563 ], [ 109.762857981957595, -7.40611908691563 ], [ 109.762857981957595, -7.406388580268127 ], [ 109.7631274753101, -7.406388580268127 ], [ 109.7631274753101, -7.406658073620624 ], [ 109.76339696866259, -7.406658073620624 ], [ 109.76339696866259, -7.407197060325619 ], [ 109.763666462015095, -7.407197060325619 ], [ 109.763666462015095, -7.407736047030614 ], [ 109.763935955367586, -7.407736047030614 ], [ 109.763935955367586, -7.408005540383111 ], [ 109.764205448720091, -7.408005540383111 ], [ 109.764205448720091, -7.408275033735608 ], [ 109.764474942072582, -7.408275033735608 ], [ 109.764474942072582, -7.408814020440603 ], [ 109.764744435425072, -7.408814020440603 ], [ 109.764744435425072, -7.4090835137931 ], [ 109.765013928777577, -7.4090835137931 ], [ 109.765013928777577, -7.409622500498094 ], [ 109.765283422130068, -7.409622500498094 ], [ 109.765283422130068, -7.409891993850592 ], [ 109.765552915482573, -7.409891993850592 ], [ 109.765552915482573, -7.410161487203089 ], [ 109.765822408835064, -7.410161487203089 ], [ 109.765822408835064, -7.410430980555587 ], [ 109.766091902187569, -7.410430980555587 ], [ 109.766091902187569, -7.410969967260582 ], [ 109.766361395540059, -7.410969967260582 ], [ 109.766361395540059, -7.411239460613078 ], [ 109.766630888892564, -7.411239460613078 ], [ 109.766630888892564, -7.411508953965575 ], [ 109.766900382245055, -7.411508953965575 ], [ 109.766900382245055, -7.411778447318073 ], [ 109.76716987559756, -7.411778447318073 ], [ 109.76716987559756, -7.41204794067057 ], [ 109.76743936895005, -7.41204794067057 ], [ 109.76743936895005, -7.412317434023068 ], [ 109.767708862302555, -7.412317434023068 ], [ 109.767708862302555, -7.412586927375565 ], [ 109.767978355655046, -7.412586927375565 ], [ 109.767978355655046, -7.412856420728062 ], [ 109.768247849007551, -7.412856420728062 ], [ 109.768247849007551, -7.41312591408056 ], [ 109.768517342360042, -7.41312591408056 ], [ 109.768517342360042, -7.413395407433057 ], [ 109.768786835712532, -7.413395407433057 ], [ 109.768786835712532, -7.413664900785554 ], [ 109.769056329065037, -7.413664900785554 ], [ 109.769056329065037, -7.413934394138051 ], [ 109.769325822417528, -7.413934394138051 ], [ 109.769325822417528, -7.414203887490549 ], [ 109.769595315770033, -7.414203887490549 ], [ 109.769595315770033, -7.414742874195543 ], [ 109.769864809122524, -7.414742874195543 ], [ 109.769864809122524, -7.415012367548041 ], [ 109.770134302475029, -7.415012367548041 ], [ 109.770134302475029, -7.415281860900538 ], [ 109.770403795827519, -7.415281860900538 ], [ 109.770403795827519, -7.415820847605533 ], [ 109.770673289180024, -7.415820847605533 ], [ 109.770673289180024, -7.41609034095803 ], [ 109.770942782532515, -7.41609034095803 ], [ 109.770942782532515, -7.416359834310527 ], [ 109.77121227588502, -7.416359834310527 ], [ 109.77121227588502, -7.416898821015522 ], [ 109.771481769237511, -7.416898821015522 ], [ 109.771481769237511, -7.417437807720517 ], [ 109.771751262590016, -7.417437807720517 ], [ 109.771751262590016, -7.417976794425511 ], [ 109.772020755942506, -7.417976794425511 ], [ 109.772020755942506, -7.418515781130505 ], [ 109.772290249294997, -7.418515781130505 ], [ 109.772290249294997, -7.419324261187998 ], [ 109.772559742647502, -7.419324261187998 ], [ 109.772559742647502, -7.419863247892993 ], [ 109.772829236, -7.419863247892993 ], [ 109.772829236, -7.420402234597987 ], [ 109.773098729352498, -7.420402234597987 ], [ 109.773098729352498, -7.420671727950484 ], [ 109.773368222704988, -7.420671727950484 ], [ 109.773368222704988, -7.420941221302981 ], [ 109.773637716057493, -7.420941221302981 ], [ 109.773637716057493, -7.421210714655479 ], [ 109.773907209409984, -7.421210714655479 ], [ 109.773907209409984, -7.421480208007976 ], [ 109.774176702762489, -7.421480208007976 ], [ 109.774176702762489, -7.421749701360473 ], [ 109.77444619611498, -7.421749701360473 ], [ 109.77444619611498, -7.422019194712971 ], [ 109.774715689467484, -7.422019194712971 ], [ 109.774715689467484, -7.422558181417966 ], [ 109.774985182819975, -7.422558181417966 ], [ 109.774985182819975, -7.422827674770462 ], [ 109.77525467617248, -7.422827674770462 ], [ 109.77525467617248, -7.423366661475457 ], [ 109.775524169524971, -7.423366661475457 ], [ 109.775524169524971, -7.423905648180452 ], [ 109.775793662877476, -7.423905648180452 ], [ 109.775793662877476, -7.424175141532949 ], [ 109.776063156229966, -7.424175141532949 ], [ 109.776063156229966, -7.424444634885447 ], [ 109.776332649582457, -7.424444634885447 ], [ 109.776332649582457, -7.424714128237944 ], [ 109.776871636287453, -7.424714128237944 ], [ 109.776871636287453, -7.424983621590441 ], [ 109.777141129639958, -7.424983621590441 ], [ 109.777141129639958, -7.425253114942938 ], [ 109.777949609697444, -7.425253114942938 ], [ 109.777949609697444, -7.425522608295435 ], [ 109.77848859640244, -7.425522608295435 ], [ 109.77848859640244, -7.425792101647933 ], [ 109.779027583107435, -7.425792101647933 ], [ 109.779027583107435, -7.42606159500043 ], [ 109.779566569812431, -7.42606159500043 ], [ 109.779566569812431, -7.426331088352928 ], [ 109.780105556517427, -7.426331088352928 ], [ 109.780105556517427, -7.426600581705425 ], [ 109.780644543222422, -7.426600581705425 ], [ 109.780644543222422, -7.426870075057922 ], [ 109.780914036574913, -7.426870075057922 ], [ 109.780914036574913, -7.42713956841042 ], [ 109.781992009984904, -7.42713956841042 ], [ 109.781992009984904, -7.427409061762916 ], [ 109.7833394767474, -7.427409061762916 ], [ 109.7833394767474, -7.427678555115414 ], [ 109.784956436862373, -7.427678555115414 ], [ 109.784956436862373, -7.427948048467911 ], [ 109.785225930214878, -7.427948048467911 ], [ 109.785225930214878, -7.427678555115414 ], [ 109.786034410272364, -7.427678555115414 ], [ 109.786034410272364, -7.427409061762916 ], [ 109.786842890329865, -7.427409061762916 ], [ 109.786842890329865, -7.42713956841042 ], [ 109.787651370387351, -7.42713956841042 ], [ 109.787651370387351, -7.426870075057922 ], [ 109.788459850444838, -7.426870075057922 ], [ 109.788459850444838, -7.426600581705425 ], [ 109.789537823854829, -7.426600581705425 ], [ 109.789537823854829, -7.426331088352928 ], [ 109.791154783969816, -7.426331088352928 ], [ 109.791154783969816, -7.42606159500043 ], [ 109.795736170962272, -7.42606159500043 ], [ 109.795736170962272, -7.426331088352928 ], [ 109.797622624429749, -7.426331088352928 ], [ 109.797622624429749, -7.426600581705425 ], [ 109.798161611134745, -7.426600581705425 ], [ 109.798161611134745, -7.426870075057922 ], [ 109.798700597839741, -7.426870075057922 ], [ 109.798700597839741, -7.42713956841042 ], [ 109.799239584544736, -7.42713956841042 ], [ 109.799239584544736, -7.427409061762916 ], [ 109.799509077897227, -7.427409061762916 ], [ 109.799509077897227, -7.427678555115414 ], [ 109.800048064602223, -7.427678555115414 ], [ 109.800048064602223, -7.427948048467911 ], [ 109.800587051307218, -7.427948048467911 ], [ 109.800587051307218, -7.428217541820409 ], [ 109.801126038012214, -7.428217541820409 ], [ 109.801126038012214, -7.428487035172906 ], [ 109.801665024717209, -7.428487035172906 ], [ 109.801665024717209, -7.428756528525403 ], [ 109.802204011422205, -7.428756528525403 ], [ 109.802204011422205, -7.429026021877901 ], [ 109.802473504774696, -7.429026021877901 ], [ 109.802473504774696, -7.429295515230398 ], [ 109.803012491479691, -7.429295515230398 ], [ 109.803012491479691, -7.429565008582895 ], [ 109.803281984832196, -7.429565008582895 ], [ 109.803281984832196, -7.429834501935392 ], [ 109.803820971537192, -7.429834501935392 ], [ 109.803820971537192, -7.43010399528789 ], [ 109.804090464889683, -7.43010399528789 ], [ 109.804090464889683, -7.430373488640387 ], [ 109.804359958242188, -7.430373488640387 ], [ 109.804359958242188, -7.430642981992884 ], [ 109.804629451594678, -7.430642981992884 ], [ 109.804629451594678, -7.430912475345382 ], [ 109.804898944947183, -7.430912475345382 ], [ 109.804898944947183, -7.431181968697879 ], [ 109.805168438299674, -7.431181968697879 ], [ 109.805168438299674, -7.431451462050377 ], [ 109.805437931652179, -7.431451462050377 ], [ 109.805437931652179, -7.431720955402874 ], [ 109.80597691835716, -7.431720955402874 ], [ 109.80597691835716, -7.431990448755371 ], [ 109.806515905062156, -7.431990448755371 ], [ 109.806515905062156, -7.432259942107868 ], [ 109.807054891767152, -7.432259942107868 ], [ 109.807054891767152, -7.432529435460365 ], [ 109.807324385119657, -7.432529435460365 ], [ 109.807324385119657, -7.432798928812863 ], [ 109.807863371824652, -7.432798928812863 ], [ 109.807863371824652, -7.43306842216536 ], [ 109.808132865177143, -7.43306842216536 ], [ 109.808132865177143, -7.433337915517858 ], [ 109.808402358529648, -7.433337915517858 ], [ 109.808402358529648, -7.433607408870355 ], [ 109.808671851882139, -7.433607408870355 ], [ 109.808671851882139, -7.433876902222852 ], [ 109.808941345234643, -7.433876902222852 ], [ 109.808941345234643, -7.43414639557535 ], [ 109.809210838587134, -7.43414639557535 ], [ 109.809210838587134, -7.434685382280344 ], [ 109.809480331939639, -7.434685382280344 ], [ 109.809480331939639, -7.434954875632841 ], [ 109.810019318644621, -7.434954875632841 ], [ 109.810019318644621, -7.435493862337836 ], [ 109.810288811997125, -7.435493862337836 ], [ 109.810288811997125, -7.436571835747825 ], [ 109.810558305349616, -7.436571835747825 ], [ 109.810558305349616, -7.4389972759203 ], [ 109.810827798702121, -7.4389972759203 ], [ 109.810827798702121, -7.439805755977793 ], [ 109.810558305349616, -7.439805755977793 ], [ 109.810558305349616, -7.440614236035285 ], [ 109.810288811997125, -7.440614236035285 ], [ 109.810288811997125, -7.441422716092776 ], [ 109.810019318644621, -7.441422716092776 ], [ 109.810019318644621, -7.441961702797771 ], [ 109.809480331939639, -7.441961702797771 ], [ 109.809480331939639, -7.442770182855263 ], [ 109.809210838587134, -7.442770182855263 ], [ 109.809210838587134, -7.443309169560258 ], [ 109.808941345234643, -7.443309169560258 ], [ 109.808941345234643, -7.443848156265252 ], [ 109.808671851882139, -7.443848156265252 ], [ 109.808671851882139, -7.44411764961775 ], [ 109.808402358529648, -7.44411764961775 ], [ 109.808402358529648, -7.444387142970247 ], [ 109.808132865177143, -7.444387142970247 ], [ 109.808132865177143, -7.444656636322744 ], [ 109.807863371824652, -7.444656636322744 ], [ 109.807863371824652, -7.444926129675242 ], [ 109.807593878472147, -7.444926129675242 ], [ 109.807593878472147, -7.445195623027739 ], [ 109.807054891767152, -7.445195623027739 ], [ 109.807054891767152, -7.445465116380237 ], [ 109.806785398414661, -7.445465116380237 ], [ 109.806785398414661, -7.445734609732733 ], [ 109.806246411709665, -7.445734609732733 ], [ 109.806246411709665, -7.44600410308523 ], [ 109.80570742500467, -7.44600410308523 ], [ 109.80570742500467, -7.446273596437728 ], [ 109.804898944947183, -7.446273596437728 ], [ 109.804898944947183, -7.446543089790225 ], [ 109.803820971537192, -7.446543089790225 ], [ 109.803820971537192, -7.446812583142723 ], [ 109.802473504774696, -7.446812583142723 ], [ 109.802473504774696, -7.44708207649522 ], [ 109.795736170962272, -7.44708207649522 ], [ 109.795736170962272, -7.447351569847718 ], [ 109.793310730789798, -7.447351569847718 ], [ 109.793310730789798, -7.447621063200215 ], [ 109.790885290617311, -7.447621063200215 ], [ 109.790885290617311, -7.447890556552712 ], [ 109.790076810559825, -7.447890556552712 ], [ 109.790076810559825, -7.448160049905209 ], [ 109.791693770674812, -7.448160049905209 ], [ 109.791693770674812, -7.447890556552712 ], [ 109.794119210847285, -7.447890556552712 ], [ 109.794119210847285, -7.448160049905209 ], [ 109.795466677609767, -7.448160049905209 ], [ 109.795466677609767, -7.448429543257706 ], [ 109.796275157667267, -7.448429543257706 ], [ 109.796275157667267, -7.448699036610204 ], [ 109.796814144372263, -7.448699036610204 ], [ 109.796814144372263, -7.448968529962701 ], [ 109.797083637724754, -7.448968529962701 ], [ 109.797083637724754, -7.449238023315198 ], [ 109.797622624429749, -7.449238023315198 ], [ 109.797622624429749, -7.449507516667696 ], [ 109.798161611134745, -7.449507516667696 ], [ 109.798161611134745, -7.449777010020193 ], [ 109.798970091192231, -7.449777010020193 ], [ 109.798970091192231, -7.450046503372691 ], [ 109.799778571249732, -7.450046503372691 ], [ 109.799778571249732, -7.450315996725188 ], [ 109.800587051307218, -7.450315996725188 ], [ 109.800587051307218, -7.450585490077685 ], [ 109.802742998127201, -7.450585490077685 ], [ 109.802742998127201, -7.450315996725188 ], [ 109.803820971537192, -7.450315996725188 ], [ 109.803820971537192, -7.450046503372691 ], [ 109.804629451594678, -7.450046503372691 ], [ 109.804629451594678, -7.449777010020193 ], [ 109.805168438299674, -7.449777010020193 ], [ 109.805168438299674, -7.449507516667696 ], [ 109.80570742500467, -7.449507516667696 ], [ 109.80570742500467, -7.449238023315198 ], [ 109.806246411709665, -7.449238023315198 ], [ 109.806246411709665, -7.448968529962701 ], [ 109.806785398414661, -7.448968529962701 ], [ 109.806785398414661, -7.448699036610204 ], [ 109.807324385119657, -7.448699036610204 ], [ 109.807324385119657, -7.448429543257706 ], [ 109.80974982529213, -7.448429543257706 ], [ 109.80974982529213, -7.448699036610204 ], [ 109.815139692342072, -7.448699036610204 ], [ 109.815139692342072, -7.448429543257706 ], [ 109.816217665752063, -7.448429543257706 ], [ 109.816217665752063, -7.448160049905209 ], [ 109.816756652457059, -7.448160049905209 ], [ 109.816756652457059, -7.447890556552712 ], [ 109.817295639162054, -7.447890556552712 ], [ 109.817295639162054, -7.447621063200215 ], [ 109.81783462586705, -7.447621063200215 ], [ 109.81783462586705, -7.447351569847718 ], [ 109.818373612572046, -7.447351569847718 ], [ 109.818373612572046, -7.44708207649522 ], [ 109.818912599277041, -7.44708207649522 ], [ 109.818912599277041, -7.447351569847718 ], [ 109.819451585982037, -7.447351569847718 ], [ 109.819451585982037, -7.447621063200215 ], [ 109.819721079334528, -7.447621063200215 ], [ 109.819721079334528, -7.447890556552712 ], [ 109.819990572687033, -7.447890556552712 ], [ 109.819990572687033, -7.448160049905209 ], [ 109.820260066039523, -7.448160049905209 ], [ 109.820260066039523, -7.448429543257706 ], [ 109.820799052744519, -7.448429543257706 ], [ 109.820799052744519, -7.448699036610204 ], [ 109.821338039449515, -7.448699036610204 ], [ 109.821338039449515, -7.448429543257706 ], [ 109.822416012859506, -7.448429543257706 ], [ 109.822416012859506, -7.448160049905209 ], [ 109.822685506211997, -7.448160049905209 ], [ 109.822685506211997, -7.448429543257706 ], [ 109.825380439736975, -7.448429543257706 ], [ 109.825380439736975, -7.446273596437728 ], [ 109.825649933089466, -7.446273596437728 ], [ 109.825649933089466, -7.444387142970247 ], [ 109.82591942644197, -7.444387142970247 ], [ 109.82591942644197, -7.442500689502766 ], [ 109.826188919794461, -7.442500689502766 ], [ 109.826188919794461, -7.441422716092776 ], [ 109.826458413146966, -7.441422716092776 ], [ 109.826458413146966, -7.44007524933029 ], [ 109.826727906499457, -7.44007524933029 ], [ 109.826727906499457, -7.438458289215307 ], [ 109.826997399851962, -7.438458289215307 ], [ 109.826997399851962, -7.436841329100322 ], [ 109.827266893204452, -7.436841329100322 ], [ 109.827266893204452, -7.435763355690333 ], [ 109.827536386556957, -7.435763355690333 ], [ 109.827536386556957, -7.435493862337836 ], [ 109.827805879909448, -7.435493862337836 ], [ 109.827805879909448, -7.435224368985339 ], [ 109.828075373261953, -7.435224368985339 ], [ 109.828075373261953, -7.434954875632841 ], [ 109.828614359966934, -7.434954875632841 ], [ 109.828614359966934, -7.434685382280344 ], [ 109.82915334667193, -7.434685382280344 ], [ 109.82915334667193, -7.434415888927846 ], [ 109.829692333376926, -7.434415888927846 ], [ 109.829692333376926, -7.43414639557535 ], [ 109.830231320081921, -7.43414639557535 ], [ 109.830231320081921, -7.433876902222852 ], [ 109.830770306786917, -7.433876902222852 ], [ 109.830770306786917, -7.433607408870355 ], [ 109.831309293491913, -7.433607408870355 ], [ 109.831309293491913, -7.43306842216536 ], [ 109.831578786844418, -7.43306842216536 ], [ 109.831578786844418, -7.432529435460365 ], [ 109.831848280196908, -7.432529435460365 ], [ 109.831848280196908, -7.429026021877901 ], [ 109.832117773549399, -7.429026021877901 ], [ 109.832117773549399, -7.426331088352928 ], [ 109.831848280196908, -7.426331088352928 ], [ 109.831848280196908, -7.425253114942938 ], [ 109.832117773549399, -7.425253114942938 ], [ 109.832117773549399, -7.424714128237944 ], [ 109.832387266901904, -7.424714128237944 ], [ 109.832387266901904, -7.423905648180452 ], [ 109.832656760254395, -7.423905648180452 ], [ 109.832656760254395, -7.42309716812296 ], [ 109.8329262536069, -7.42309716812296 ], [ 109.8329262536069, -7.422288688065468 ], [ 109.832656760254395, -7.422288688065468 ], [ 109.832656760254395, -7.422019194712971 ], [ 109.831848280196908, -7.422019194712971 ], [ 109.831848280196908, -7.421749701360473 ], [ 109.831578786844418, -7.421749701360473 ], [ 109.831578786844418, -7.421480208007976 ], [ 109.830770306786917, -7.421480208007976 ], [ 109.830770306786917, -7.421749701360473 ], [ 109.828883853319439, -7.421749701360473 ], [ 109.828883853319439, -7.421480208007976 ], [ 109.828614359966934, -7.421480208007976 ], [ 109.828614359966934, -7.420671727950484 ], [ 109.82915334667193, -7.420671727950484 ], [ 109.82915334667193, -7.420402234597987 ], [ 109.829422840024435, -7.420402234597987 ], [ 109.829422840024435, -7.42013274124549 ], [ 109.829692333376926, -7.42013274124549 ], [ 109.829692333376926, -7.419863247892993 ], [ 109.829422840024435, -7.419863247892993 ], [ 109.829422840024435, -7.419593754540495 ], [ 109.826727906499457, -7.419593754540495 ], [ 109.826727906499457, -7.419863247892993 ], [ 109.826188919794461, -7.419863247892993 ], [ 109.826188919794461, -7.42013274124549 ], [ 109.825380439736975, -7.42013274124549 ], [ 109.825380439736975, -7.420402234597987 ], [ 109.824571959679474, -7.420402234597987 ], [ 109.824571959679474, -7.420671727950484 ], [ 109.824032972974493, -7.420671727950484 ], [ 109.824032972974493, -7.420941221302981 ], [ 109.823493986269497, -7.420941221302981 ], [ 109.823493986269497, -7.421210714655479 ], [ 109.822146519507001, -7.421210714655479 ], [ 109.822146519507001, -7.420941221302981 ], [ 109.821607532802005, -7.420941221302981 ], [ 109.821607532802005, -7.420671727950484 ], [ 109.821338039449515, -7.420671727950484 ], [ 109.821338039449515, -7.420402234597987 ], [ 109.82106854609701, -7.420402234597987 ], [ 109.82106854609701, -7.419863247892993 ], [ 109.820799052744519, -7.419863247892993 ], [ 109.820799052744519, -7.419324261187998 ], [ 109.820529559392028, -7.419324261187998 ], [ 109.820529559392028, -7.4190547678355 ], [ 109.820260066039523, -7.4190547678355 ], [ 109.820260066039523, -7.418785274483003 ], [ 109.819990572687033, -7.418785274483003 ], [ 109.819990572687033, -7.418515781130505 ], [ 109.819721079334528, -7.418515781130505 ], [ 109.819721079334528, -7.418246287778008 ], [ 109.819451585982037, -7.418246287778008 ], [ 109.819451585982037, -7.417707301073014 ], [ 109.819182092629532, -7.417707301073014 ], [ 109.819182092629532, -7.417437807720517 ], [ 109.818912599277041, -7.417437807720517 ], [ 109.818912599277041, -7.417168314368019 ], [ 109.818643105924536, -7.417168314368019 ], [ 109.818643105924536, -7.416898821015522 ], [ 109.818373612572046, -7.416898821015522 ], [ 109.818373612572046, -7.416359834310527 ], [ 109.818104119219541, -7.416359834310527 ], [ 109.818104119219541, -7.41609034095803 ], [ 109.81783462586705, -7.41609034095803 ], [ 109.81783462586705, -7.415820847605533 ], [ 109.817295639162054, -7.415820847605533 ], [ 109.817295639162054, -7.415551354253036 ], [ 109.816756652457059, -7.415551354253036 ], [ 109.816756652457059, -7.415281860900538 ], [ 109.815678679047068, -7.415281860900538 ], [ 109.815678679047068, -7.415012367548041 ], [ 109.814600705637076, -7.415012367548041 ], [ 109.814600705637076, -7.414742874195543 ], [ 109.813522732227085, -7.414742874195543 ], [ 109.813522732227085, -7.414473380843046 ], [ 109.812714252169599, -7.414473380843046 ], [ 109.812714252169599, -7.414203887490549 ], [ 109.811905772112112, -7.414203887490549 ], [ 109.811905772112112, -7.413934394138051 ], [ 109.810827798702121, -7.413934394138051 ], [ 109.810827798702121, -7.413664900785554 ], [ 109.809210838587134, -7.413664900785554 ], [ 109.809210838587134, -7.413934394138051 ], [ 109.807863371824652, -7.413934394138051 ], [ 109.807863371824652, -7.413664900785554 ], [ 109.807324385119657, -7.413664900785554 ], [ 109.807324385119657, -7.413395407433057 ], [ 109.807054891767152, -7.413395407433057 ], [ 109.807054891767152, -7.41312591408056 ], [ 109.806515905062156, -7.41312591408056 ], [ 109.806515905062156, -7.412856420728062 ], [ 109.80570742500467, -7.412856420728062 ], [ 109.80570742500467, -7.412586927375565 ], [ 109.805168438299674, -7.412586927375565 ], [ 109.805168438299674, -7.412317434023068 ], [ 109.804359958242188, -7.412317434023068 ], [ 109.804359958242188, -7.41204794067057 ], [ 109.801934518069714, -7.41204794067057 ], [ 109.801934518069714, -7.411778447318073 ], [ 109.799778571249732, -7.411778447318073 ], [ 109.799778571249732, -7.411508953965575 ], [ 109.798161611134745, -7.411508953965575 ], [ 109.798161611134745, -7.411239460613078 ], [ 109.797353131077259, -7.411239460613078 ], [ 109.797353131077259, -7.410969967260582 ], [ 109.797083637724754, -7.410969967260582 ], [ 109.797083637724754, -7.410700473908084 ], [ 109.796814144372263, -7.410700473908084 ], [ 109.796814144372263, -7.410430980555587 ], [ 109.794927690904771, -7.410430980555587 ], [ 109.794927690904771, -7.410700473908084 ], [ 109.79465819755228, -7.410700473908084 ], [ 109.79465819755228, -7.410969967260582 ], [ 109.79438870419979, -7.410969967260582 ], [ 109.79438870419979, -7.411239460613078 ], [ 109.793310730789798, -7.411239460613078 ], [ 109.793310730789798, -7.411508953965575 ], [ 109.792232757379807, -7.411508953965575 ], [ 109.792232757379807, -7.411239460613078 ], [ 109.791693770674812, -7.411239460613078 ], [ 109.791693770674812, -7.410161487203089 ], [ 109.791424277322307, -7.410161487203089 ], [ 109.791424277322307, -7.409353007145597 ], [ 109.791154783969816, -7.409353007145597 ], [ 109.791154783969816, -7.408814020440603 ], [ 109.790885290617311, -7.408814020440603 ], [ 109.790885290617311, -7.408544527088106 ], [ 109.79034630391233, -7.408544527088106 ], [ 109.79034630391233, -7.408275033735608 ], [ 109.789807317207334, -7.408275033735608 ], [ 109.789807317207334, -7.408005540383111 ], [ 109.789268330502338, -7.408005540383111 ], [ 109.789268330502338, -7.407736047030614 ], [ 109.788729343797343, -7.407736047030614 ], [ 109.788729343797343, -7.407466553678116 ], [ 109.787920863739842, -7.407466553678116 ], [ 109.787920863739842, -7.407197060325619 ], [ 109.787381877034846, -7.407197060325619 ], [ 109.787381877034846, -7.406927566973121 ], [ 109.787112383682356, -7.406927566973121 ], [ 109.787112383682356, -7.406658073620624 ], [ 109.786842890329865, -7.406658073620624 ], [ 109.786842890329865, -7.406388580268127 ], [ 109.78657339697736, -7.406388580268127 ], [ 109.78657339697736, -7.40611908691563 ], [ 109.786034410272364, -7.40611908691563 ], [ 109.786034410272364, -7.405849593563133 ], [ 109.785225930214878, -7.405849593563133 ], [ 109.785225930214878, -7.405580100210635 ], [ 109.783608970099891, -7.405580100210635 ], [ 109.783608970099891, -7.405849593563133 ], [ 109.7825309966899, -7.405849593563133 ], [ 109.7825309966899, -7.40611908691563 ], [ 109.781722516632414, -7.40611908691563 ], [ 109.781722516632414, -7.406388580268127 ], [ 109.781183529927418, -7.406388580268127 ], [ 109.781183529927418, -7.40611908691563 ], [ 109.780644543222422, -7.40611908691563 ], [ 109.780644543222422, -7.405849593563133 ], [ 109.780375049869917, -7.405849593563133 ], [ 109.780375049869917, -7.404232633448149 ], [ 109.780105556517427, -7.404232633448149 ], [ 109.780105556517427, -7.403154660038159 ], [ 109.779836063164922, -7.403154660038159 ], [ 109.779836063164922, -7.402885166685662 ], [ 109.779566569812431, -7.402885166685662 ], [ 109.779566569812431, -7.402346179980667 ], [ 109.77929707645994, -7.402346179980667 ], [ 109.77929707645994, -7.40207668662817 ], [ 109.779027583107435, -7.40207668662817 ], [ 109.779027583107435, -7.401807193275673 ], [ 109.77848859640244, -7.401807193275673 ], [ 109.77848859640244, -7.401537699923176 ], [ 109.778219103049949, -7.401537699923176 ], [ 109.778219103049949, -7.401268206570678 ], [ 109.777949609697444, -7.401268206570678 ], [ 109.777949609697444, -7.400998713218181 ], [ 109.777410622992448, -7.400998713218181 ], [ 109.777410622992448, -7.400729219865684 ], [ 109.777141129639958, -7.400729219865684 ], [ 109.777141129639958, -7.400459726513186 ], [ 109.776602142934962, -7.400459726513186 ], [ 109.776602142934962, -7.400190233160689 ], [ 109.776332649582457, -7.400190233160689 ], [ 109.776332649582457, -7.399920739808191 ], [ 109.775524169524971, -7.399920739808191 ], [ 109.775524169524971, -7.399651246455694 ], [ 109.774176702762489, -7.399651246455694 ], [ 109.774176702762489, -7.399381753103197 ], [ 109.773368222704988, -7.399381753103197 ], [ 109.773368222704988, -7.3991122597507 ], [ 109.772290249294997, -7.3991122597507 ], [ 109.772290249294997, -7.398303779693208 ], [ 109.772020755942506, -7.398303779693208 ], [ 109.772020755942506, -7.397495299635716 ], [ 109.771751262590016, -7.397495299635716 ], [ 109.771751262590016, -7.396956312930722 ], [ 109.771481769237511, -7.396956312930722 ], [ 109.771481769237511, -7.396686819578224 ], [ 109.77121227588502, -7.396686819578224 ], [ 109.77121227588502, -7.396417326225727 ], [ 109.770673289180024, -7.396417326225727 ], [ 109.770673289180024, -7.396147832873229 ], [ 109.769864809122524, -7.396147832873229 ], [ 109.769864809122524, -7.395878339520732 ], [ 109.769056329065037, -7.395878339520732 ], [ 109.769056329065037, -7.395608846168235 ], [ 109.768247849007551, -7.395608846168235 ], [ 109.768247849007551, -7.395339352815737 ], [ 109.767978355655046, -7.395339352815737 ], [ 109.767978355655046, -7.394530872758246 ], [ 109.768247849007551, -7.394530872758246 ], [ 109.768247849007551, -7.393991886053251 ], [ 109.768517342360042, -7.393991886053251 ], [ 109.768517342360042, -7.393722392700754 ], [ 109.768247849007551, -7.393722392700754 ], [ 109.768247849007551, -7.393183405995759 ], [ 109.76743936895005, -7.393183405995759 ], [ 109.76743936895005, -7.392913912643261 ], [ 109.764744435425072, -7.392913912643261 ], [ 109.764744435425072, -7.393183405995759 ], [ 109.7631274753101, -7.393183405995759 ], [ 109.7631274753101, -7.392913912643261 ], [ 109.762588488605104, -7.392913912643261 ], [ 109.762588488605104, -7.392644419290765 ], [ 109.762049501900108, -7.392644419290765 ], [ 109.762049501900108, -7.392374925938267 ], [ 109.761510515195113, -7.392374925938267 ], [ 109.761510515195113, -7.39210543258577 ], [ 109.760971528490117, -7.39210543258577 ], [ 109.760971528490117, -7.391835939233273 ], [ 109.760702035137626, -7.391835939233273 ], [ 109.760702035137626, -7.391566445880775 ], [ 109.760432541785121, -7.391566445880775 ], [ 109.760432541785121, -7.391296952528278 ], [ 109.760163048432631, -7.391296952528278 ], [ 109.760163048432631, -7.390757965823283 ], [ 109.759893555080126, -7.390757965823283 ], [ 109.759893555080126, -7.390488472470786 ], [ 109.759624061727635, -7.390488472470786 ], [ 109.759624061727635, -7.390218979118289 ], [ 109.75935456837513, -7.390218979118289 ], [ 109.75935456837513, -7.389679992413294 ], [ 109.759085075022639, -7.389679992413294 ], [ 109.759085075022639, -7.389410499060797 ], [ 109.758815581670135, -7.389410499060797 ], [ 109.758815581670135, -7.389141005708299 ], [ 109.758276594965139, -7.389141005708299 ], [ 109.758276594965139, -7.388871512355802 ], [ 109.754503688030184, -7.388871512355802 ], [ 109.754503688030184, -7.389141005708299 ], [ 109.753964701325188, -7.389141005708299 ], [ 109.753964701325188, -7.389410499060797 ], [ 109.753425714620192, -7.389410499060797 ], [ 109.753425714620192, -7.389679992413294 ], [ 109.752886727915197, -7.389679992413294 ], [ 109.752886727915197, -7.389949485765792 ], [ 109.752617234562706, -7.389949485765792 ], [ 109.752617234562706, -7.390218979118289 ], [ 109.75207824785771, -7.390218979118289 ], [ 109.75207824785771, -7.390488472470786 ], [ 109.751808754505205, -7.390488472470786 ], [ 109.751808754505205, -7.390757965823283 ], [ 109.750730781095214, -7.390757965823283 ], [ 109.750730781095214, -7.390218979118289 ], [ 109.751000274447719, -7.390218979118289 ], [ 109.751000274447719, -7.389410499060797 ], [ 109.75126976780021, -7.389410499060797 ], [ 109.75126976780021, -7.388602019003305 ], [ 109.751539261152715, -7.388602019003305 ], [ 109.751539261152715, -7.388332525650807 ], [ 109.751808754505205, -7.388332525650807 ], [ 109.751808754505205, -7.388063032298311 ], [ 109.75207824785771, -7.388063032298311 ], [ 109.75207824785771, -7.387524045593316 ], [ 109.752347741210201, -7.387524045593316 ], [ 109.752347741210201, -7.387254552240818 ], [ 109.752617234562706, -7.387254552240818 ], [ 109.752617234562706, -7.386715565535824 ], [ 109.752886727915197, -7.386715565535824 ], [ 109.752886727915197, -7.386176578830829 ], [ 109.753156221267702, -7.386176578830829 ], [ 109.753156221267702, -7.384559618715845 ], [ 109.753425714620192, -7.384559618715845 ], [ 109.753425714620192, -7.38402063201085 ], [ 109.754503688030184, -7.38402063201085 ], [ 109.754503688030184, -7.384290125363348 ], [ 109.755042674735179, -7.384290125363348 ], [ 109.755042674735179, -7.384559618715845 ], [ 109.75531216808767, -7.384559618715845 ], [ 109.75531216808767, -7.38509860542084 ], [ 109.755581661440175, -7.38509860542084 ], [ 109.755581661440175, -7.385368098773337 ], [ 109.755851154792666, -7.385368098773337 ], [ 109.755851154792666, -7.385907085478332 ], [ 109.756390141497661, -7.385907085478332 ], [ 109.756390141497661, -7.385637592125835 ], [ 109.757468114907653, -7.385637592125835 ], [ 109.757468114907653, -7.385368098773337 ], [ 109.758815581670135, -7.385368098773337 ], [ 109.758815581670135, -7.385637592125835 ], [ 109.75935456837513, -7.385637592125835 ], [ 109.75935456837513, -7.385907085478332 ], [ 109.759893555080126, -7.385907085478332 ], [ 109.759893555080126, -7.386176578830829 ], [ 109.760971528490117, -7.386176578830829 ], [ 109.760971528490117, -7.385907085478332 ], [ 109.761241021842608, -7.385907085478332 ], [ 109.761241021842608, -7.385368098773337 ], [ 109.761510515195113, -7.385368098773337 ], [ 109.761510515195113, -7.38402063201085 ], [ 109.761241021842608, -7.38402063201085 ], [ 109.761241021842608, -7.383212151953359 ], [ 109.760971528490117, -7.383212151953359 ], [ 109.760971528490117, -7.382942658600862 ], [ 109.761241021842608, -7.382942658600862 ], [ 109.761241021842608, -7.382673165248364 ], [ 109.761510515195113, -7.382673165248364 ], [ 109.761510515195113, -7.382942658600862 ], [ 109.762318995252599, -7.382942658600862 ], [ 109.762318995252599, -7.383212151953359 ], [ 109.763666462015095, -7.383212151953359 ], [ 109.763666462015095, -7.382942658600862 ], [ 109.763935955367586, -7.382942658600862 ], [ 109.763935955367586, -7.382673165248364 ], [ 109.764474942072582, -7.382673165248364 ], [ 109.764474942072582, -7.379439245018396 ], [ 109.764744435425072, -7.379439245018396 ], [ 109.764744435425072, -7.378900258313402 ], [ 109.765283422130068, -7.378900258313402 ], [ 109.765283422130068, -7.378630764960905 ], [ 109.765552915482573, -7.378630764960905 ], [ 109.765552915482573, -7.378361271608407 ], [ 109.765822408835064, -7.378361271608407 ], [ 109.765822408835064, -7.37809177825591 ], [ 109.766361395540059, -7.37809177825591 ], [ 109.766361395540059, -7.377822284903413 ], [ 109.766630888892564, -7.377822284903413 ], [ 109.766630888892564, -7.376744311493423 ], [ 109.766900382245055, -7.376744311493423 ], [ 109.766900382245055, -7.375935831435932 ], [ 109.76716987559756, -7.375935831435932 ], [ 109.76716987559756, -7.375396844730937 ], [ 109.76743936895005, -7.375396844730937 ], [ 109.76743936895005, -7.374857858025942 ], [ 109.767708862302555, -7.374857858025942 ], [ 109.767708862302555, -7.374049377968451 ], [ 109.767978355655046, -7.374049377968451 ], [ 109.767978355655046, -7.372432417853466 ], [ 109.768247849007551, -7.372432417853466 ], [ 109.768247849007551, -7.372162924500969 ], [ 109.767708862302555, -7.372162924500969 ], [ 109.767708862302555, -7.371893431148472 ], [ 109.766900382245055, -7.371893431148472 ], [ 109.766900382245055, -7.371623937795975 ], [ 109.765552915482573, -7.371623937795975 ], [ 109.765552915482573, -7.371354444443478 ], [ 109.764474942072582, -7.371354444443478 ], [ 109.764474942072582, -7.37108495109098 ], [ 109.76339696866259, -7.37108495109098 ], [ 109.76339696866259, -7.370815457738483 ], [ 109.762318995252599, -7.370815457738483 ], [ 109.762318995252599, -7.370545964385985 ], [ 109.761241021842608, -7.370545964385985 ], [ 109.761241021842608, -7.370276471033488 ], [ 109.760163048432631, -7.370276471033488 ], [ 109.760163048432631, -7.37000697768099 ], [ 109.759085075022639, -7.37000697768099 ], [ 109.759085075022639, -7.369737484328494 ], [ 109.758007101612648, -7.369737484328494 ], [ 109.758007101612648, -7.369467990975997 ], [ 109.756929128202657, -7.369467990975997 ], [ 109.756929128202657, -7.369198497623499 ], [ 109.756390141497661, -7.369198497623499 ], [ 109.756390141497661, -7.368929004271002 ], [ 109.755581661440175, -7.368929004271002 ], [ 109.755581661440175, -7.368659510918504 ], [ 109.754773181382674, -7.368659510918504 ], [ 109.754773181382674, -7.368390017566007 ], [ 109.753964701325188, -7.368390017566007 ], [ 109.753964701325188, -7.368120524213509 ], [ 109.752617234562706, -7.368120524213509 ], [ 109.752617234562706, -7.367851030861012 ], [ 109.750191794390219, -7.367851030861012 ], [ 109.750191794390219, -7.367581537508515 ], [ 109.73995104699533, -7.367581537508515 ], [ 109.73995104699533, -7.367851030861012 ], [ 109.724320432550485, -7.367851030861012 ], [ 109.724320432550485, -7.367581537508515 ], [ 109.720547525615515, -7.367581537508515 ], [ 109.720547525615515, -7.367312044156018 ], [ 109.715966138623074, -7.367312044156018 ], [ 109.715966138623074, -7.367042550803521 ], [ 109.714349178508087, -7.367042550803521 ], [ 109.714349178508087, -7.366773057451023 ], [ 109.713271205098096, -7.366773057451023 ], [ 109.713271205098096, -7.366503564098526 ], [ 109.712462725040595, -7.366503564098526 ], [ 109.712462725040595, -7.366234070746028 ], [ 109.711923738335614, -7.366234070746028 ], [ 109.711923738335614, -7.365964577393531 ], [ 109.711654244983109, -7.365964577393531 ], [ 109.711654244983109, -7.365695084041034 ], [ 109.711115258278113, -7.365695084041034 ], [ 109.711115258278113, -7.365425590688536 ], [ 109.710576271573117, -7.365425590688536 ], [ 109.710576271573117, -7.365156097336039 ], [ 109.710037284868122, -7.365156097336039 ], [ 109.710037284868122, -7.364886603983542 ], [ 109.709498298163126, -7.364886603983542 ], [ 109.709498298163126, -7.364617110631045 ], [ 109.70868981810564, -7.364617110631045 ], [ 109.70868981810564, -7.364347617278548 ], [ 109.708420324753149, -7.364347617278548 ], [ 109.708420324753149, -7.36407812392605 ], [ 109.708150831400644, -7.36407812392605 ], [ 109.708150831400644, -7.363808630573553 ], [ 109.707881338048153, -7.363808630573553 ], [ 109.707881338048153, -7.363539137221055 ], [ 109.707611844695649, -7.363539137221055 ], [ 109.707611844695649, -7.363269643868558 ], [ 109.707342351343158, -7.363269643868558 ], [ 109.707342351343158, -7.36300015051606 ], [ 109.707072857990653, -7.36300015051606 ], [ 109.707072857990653, -7.362730657163564 ], [ 109.706803364638162, -7.362730657163564 ], [ 109.706803364638162, -7.362461163811067 ], [ 109.706533871285657, -7.362461163811067 ], [ 109.706533871285657, -7.362191670458569 ], [ 109.706264377933167, -7.362191670458569 ], [ 109.706264377933167, -7.361922177106072 ], [ 109.705994884580662, -7.361922177106072 ], [ 109.705994884580662, -7.361652683753574 ], [ 109.705455897875666, -7.361652683753574 ], [ 109.705455897875666, -7.361383190401077 ], [ 109.705186404523175, -7.361383190401077 ], [ 109.705186404523175, -7.361113697048579 ], [ 109.70464741781818, -7.361113697048579 ], [ 109.70464741781818, -7.360844203696082 ], [ 109.704377924465689, -7.360844203696082 ], [ 109.704377924465689, -7.360574710343585 ], [ 109.704108431113184, -7.360574710343585 ], [ 109.704108431113184, -7.360305216991088 ], [ 109.703838937760693, -7.360305216991088 ], [ 109.703838937760693, -7.360035723638591 ], [ 109.703569444408188, -7.360035723638591 ], [ 109.703569444408188, -7.359766230286093 ], [ 109.703299951055698, -7.359766230286093 ], [ 109.703299951055698, -7.359496736933596 ], [ 109.703030457703193, -7.359496736933596 ], [ 109.703030457703193, -7.359227243581099 ], [ 109.702491470998197, -7.359227243581099 ], [ 109.702491470998197, -7.358957750228601 ], [ 109.702221977645706, -7.358957750228601 ], [ 109.702221977645706, -7.358688256876104 ], [ 109.701952484293201, -7.358688256876104 ], [ 109.701952484293201, -7.358418763523606 ], [ 109.701682990940711, -7.358418763523606 ], [ 109.701682990940711, -7.35814927017111 ], [ 109.701413497588206, -7.35814927017111 ], [ 109.701413497588206, -7.357879776818612 ], [ 109.701144004235715, -7.357879776818612 ], [ 109.701144004235715, -7.357610283466115 ], [ 109.700874510883224, -7.357610283466115 ], [ 109.700874510883224, -7.357340790113618 ], [ 109.700335524178229, -7.357340790113618 ], [ 109.700335524178229, -7.35707129676112 ], [ 109.700066030825724, -7.35707129676112 ], [ 109.700066030825724, -7.356801803408623 ], [ 109.699257550768237, -7.356801803408623 ], [ 109.699257550768237, -7.356532310056125 ], [ 109.698718564063242, -7.356532310056125 ], [ 109.698718564063242, -7.356262816703628 ], [ 109.697910084005741, -7.356262816703628 ], [ 109.697910084005741, -7.355993323351131 ], [ 109.697101603948255, -7.355993323351131 ], [ 109.697101603948255, -7.355723829998634 ], [ 109.696293123890769, -7.355723829998634 ], [ 109.696293123890769, -7.355454336646137 ], [ 109.695215150480777, -7.355454336646137 ], [ 109.695215150480777, -7.355184843293639 ], [ 109.69359819036579, -7.355184843293639 ], [ 109.69359819036579, -7.354915349941142 ], [ 109.692789710308304, -7.354915349941142 ], [ 109.692789710308304, -7.354645856588644 ], [ 109.692250723603308, -7.354645856588644 ], [ 109.692250723603308, -7.354376363236147 ], [ 109.690633763488322, -7.354376363236147 ], [ 109.690633763488322, -7.354106869883649 ], [ 109.688747310020844, -7.354106869883649 ], [ 109.688747310020844, -7.353837376531152 ], [ 109.684974403085874, -7.353837376531152 ], [ 109.684974403085874, -7.354106869883649 ], [ 109.682818456265892, -7.354106869883649 ], [ 109.682818456265892, -7.354376363236147 ], [ 109.68147098950341, -7.354376363236147 ], [ 109.68147098950341, -7.354645856588644 ], [ 109.680123522740928, -7.354645856588644 ], [ 109.680123522740928, -7.354915349941142 ], [ 109.675003149043476, -7.354915349941142 ], [ 109.675003149043476, -7.354645856588644 ], [ 109.672038722166008, -7.354645856588644 ], [ 109.672038722166008, -7.354376363236147 ], [ 109.671769228813503, -7.354376363236147 ], [ 109.671769228813503, -7.354106869883649 ], [ 109.671499735461012, -7.354106869883649 ], [ 109.671499735461012, -7.353837376531152 ], [ 109.670960748756016, -7.353837376531152 ], [ 109.670960748756016, -7.353567883178656 ], [ 109.670691255403526, -7.353567883178656 ], [ 109.670691255403526, -7.353298389826158 ], [ 109.669882775346025, -7.353298389826158 ], [ 109.669882775346025, -7.353028896473661 ], [ 109.669074295288539, -7.353028896473661 ], [ 109.669074295288539, -7.352759403121163 ], [ 109.668265815231038, -7.352759403121163 ], [ 109.668265815231038, -7.352489909768666 ], [ 109.667457335173552, -7.352489909768666 ], [ 109.667457335173552, -7.352220416416169 ], [ 109.666648855116065, -7.352220416416169 ], [ 109.666648855116065, -7.351950923063671 ], [ 109.665031895001079, -7.351950923063671 ], [ 109.665031895001079, -7.351681429711174 ], [ 109.661797974771105, -7.351681429711174 ], [ 109.661797974771105, -7.351411936358677 ], [ 109.657755574483645, -7.351411936358677 ], [ 109.657755574483645, -7.351681429711174 ], [ 109.65425216090118, -7.351681429711174 ], [ 109.65425216090118, -7.351950923063671 ], [ 109.652635200786207, -7.351950923063671 ], [ 109.652635200786207, -7.352220416416169 ], [ 109.651287734023711, -7.352220416416169 ], [ 109.651287734023711, -7.352489909768666 ], [ 109.650479253966225, -7.352489909768666 ], [ 109.650479253966225, -7.352759403121163 ], [ 109.649670773908724, -7.352759403121163 ], [ 109.649670773908724, -7.353028896473661 ], [ 109.649131787203729, -7.353028896473661 ], [ 109.649131787203729, -7.353298389826158 ], [ 109.648862293851238, -7.353298389826158 ], [ 109.648862293851238, -7.353567883178656 ], [ 109.648592800498747, -7.353567883178656 ], [ 109.648592800498747, -7.353837376531152 ], [ 109.648053813793751, -7.353837376531152 ], [ 109.648053813793751, -7.354376363236147 ], [ 109.647784320441247, -7.354376363236147 ], [ 109.647784320441247, -7.354645856588644 ], [ 109.647245333736251, -7.354645856588644 ], [ 109.647245333736251, -7.354915349941142 ], [ 109.646436853678765, -7.354915349941142 ], [ 109.646436853678765, -7.355184843293639 ], [ 109.645089386916283, -7.355184843293639 ], [ 109.645089386916283, -7.355454336646137 ], [ 109.644011413506291, -7.355454336646137 ], [ 109.644011413506291, -7.355723829998634 ], [ 109.641855466686309, -7.355723829998634 ], [ 109.641855466686309, -7.355993323351131 ], [ 109.639969013218831, -7.355993323351131 ], [ 109.639969013218831, -7.356262816703628 ], [ 109.637004586341362, -7.356262816703628 ], [ 109.637004586341362, -7.356532310056125 ], [ 109.634309652816384, -7.356532310056125 ], [ 109.634309652816384, -7.356801803408623 ], [ 109.632423199348906, -7.356801803408623 ], [ 109.632423199348906, -7.35707129676112 ], [ 109.629728265823928, -7.35707129676112 ], [ 109.629728265823928, -7.357340790113618 ], [ 109.62703333229895, -7.357340790113618 ], [ 109.62703333229895, -7.357610283466115 ], [ 109.625685865536468, -7.357610283466115 ], [ 109.625685865536468, -7.357879776818612 ], [ 109.624338398773986, -7.357879776818612 ], [ 109.624338398773986, -7.35814927017111 ], [ 109.62299093201149, -7.35814927017111 ], [ 109.62299093201149, -7.358418763523606 ], [ 109.621912958601513, -7.358418763523606 ], [ 109.621912958601513, -7.358688256876104 ], [ 109.620834985191522, -7.358688256876104 ], [ 109.620834985191522, -7.358957750228601 ], [ 109.619218025076535, -7.358957750228601 ], [ 109.619218025076535, -7.359227243581099 ], [ 109.617062078256552, -7.359227243581099 ], [ 109.617062078256552, -7.359496736933596 ], [ 109.61571461149407, -7.359496736933596 ], [ 109.61571461149407, -7.359766230286093 ], [ 109.614636638084079, -7.359766230286093 ], [ 109.614636638084079, -7.360035723638591 ], [ 109.613828158026593, -7.360035723638591 ], [ 109.613828158026593, -7.360305216991088 ], [ 109.613019677969092, -7.360305216991088 ], [ 109.613019677969092, -7.360574710343585 ], [ 109.612480691264096, -7.360574710343585 ], [ 109.612480691264096, -7.360844203696082 ], [ 109.611941704559101, -7.360844203696082 ], [ 109.611941704559101, -7.361113697048579 ], [ 109.611402717854119, -7.361113697048579 ], [ 109.611402717854119, -7.361383190401077 ], [ 109.610863731149124, -7.361383190401077 ], [ 109.610863731149124, -7.361652683753574 ], [ 109.610055251091623, -7.361652683753574 ], [ 109.610055251091623, -7.361922177106072 ], [ 109.609516264386627, -7.361922177106072 ], [ 109.609516264386627, -7.362191670458569 ], [ 109.608977277681632, -7.362191670458569 ], [ 109.608977277681632, -7.362461163811067 ], [ 109.608438290976636, -7.362461163811067 ], [ 109.608438290976636, -7.362730657163564 ], [ 109.607899304271641, -7.362730657163564 ], [ 109.607899304271641, -7.36300015051606 ], [ 109.607360317566659, -7.36300015051606 ], [ 109.607360317566659, -7.363269643868558 ], [ 109.606012850804163, -7.363269643868558 ], [ 109.606012850804163, -7.363539137221055 ], [ 109.604665384041681, -7.363539137221055 ], [ 109.604665384041681, -7.363808630573553 ], [ 109.603856903984195, -7.363808630573553 ], [ 109.603856903984195, -7.36407812392605 ], [ 109.603317917279199, -7.36407812392605 ], [ 109.603317917279199, -7.364347617278548 ], [ 109.602239943869208, -7.364347617278548 ], [ 109.602239943869208, -7.364617110631045 ], [ 109.601431463811707, -7.364617110631045 ], [ 109.601431463811707, -7.364886603983542 ], [ 109.600622983754221, -7.364886603983542 ], [ 109.600622983754221, -7.365156097336039 ], [ 109.599814503696734, -7.365156097336039 ], [ 109.599814503696734, -7.365425590688536 ], [ 109.599006023639234, -7.365425590688536 ], [ 109.599006023639234, -7.365695084041034 ], [ 109.597928050229243, -7.365695084041034 ], [ 109.597928050229243, -7.365964577393531 ], [ 109.596850076819251, -7.365964577393531 ], [ 109.596850076819251, -7.366234070746028 ], [ 109.596041596761765, -7.366234070746028 ], [ 109.596041596761765, -7.366503564098526 ], [ 109.595502610056769, -7.366503564098526 ], [ 109.595502610056769, -7.366773057451023 ], [ 109.593077169884296, -7.366773057451023 ], [ 109.593077169884296, -7.367042550803521 ], [ 109.586878822776853, -7.367042550803521 ], [ 109.586878822776853, -7.366773057451023 ], [ 109.586070342719367, -7.366773057451023 ], [ 109.586070342719367, -7.366503564098526 ], [ 109.585531356014371, -7.366503564098526 ], [ 109.585531356014371, -7.366234070746028 ], [ 109.584992369309376, -7.366234070746028 ], [ 109.584992369309376, -7.365964577393531 ], [ 109.58445338260438, -7.365964577393531 ], [ 109.58445338260438, -7.365695084041034 ], [ 109.583914395899384, -7.365695084041034 ], [ 109.583914395899384, -7.365425590688536 ], [ 109.583644902546894, -7.365425590688536 ], [ 109.583644902546894, -7.365156097336039 ], [ 109.583375409194389, -7.365156097336039 ], [ 109.583375409194389, -7.364886603983542 ], [ 109.581758449079402, -7.364886603983542 ], [ 109.581758449079402, -7.365156097336039 ], [ 109.580141488964429, -7.365156097336039 ], [ 109.580141488964429, -7.365425590688536 ], [ 109.579333008906929, -7.365425590688536 ], [ 109.579333008906929, -7.365695084041034 ], [ 109.579063515554438, -7.365695084041034 ], [ 109.579063515554438, -7.365964577393531 ], [ 109.578794022201933, -7.365964577393531 ], [ 109.578794022201933, -7.366773057451023 ], [ 109.578524528849442, -7.366773057451023 ], [ 109.578524528849442, -7.367312044156018 ], [ 109.578255035496937, -7.367312044156018 ], [ 109.578255035496937, -7.367581537508515 ], [ 109.577985542144447, -7.367581537508515 ], [ 109.577985542144447, -7.367851030861012 ], [ 109.577716048791956, -7.367851030861012 ], [ 109.577716048791956, -7.368390017566007 ], [ 109.577446555439451, -7.368390017566007 ], [ 109.577446555439451, -7.368659510918504 ], [ 109.57717706208696, -7.368659510918504 ], [ 109.57717706208696, -7.369198497623499 ], [ 109.576907568734455, -7.369198497623499 ], [ 109.576907568734455, -7.369737484328494 ], [ 109.576638075381965, -7.369737484328494 ], [ 109.576638075381965, -7.37000697768099 ], [ 109.57636858202946, -7.37000697768099 ], [ 109.57636858202946, -7.370815457738483 ], [ 109.576099088676969, -7.370815457738483 ], [ 109.576099088676969, -7.37108495109098 ], [ 109.575829595324464, -7.37108495109098 ], [ 109.575829595324464, -7.371354444443478 ], [ 109.575290608619468, -7.371354444443478 ], [ 109.575290608619468, -7.371623937795975 ], [ 109.574751621914473, -7.371623937795975 ], [ 109.574751621914473, -7.371893431148472 ], [ 109.574212635209477, -7.371893431148472 ], [ 109.574212635209477, -7.372162924500969 ], [ 109.573404155151991, -7.372162924500969 ], [ 109.573404155151991, -7.372432417853466 ], [ 109.572865168446995, -7.372432417853466 ], [ 109.572865168446995, -7.372701911205964 ], [ 109.572056688389509, -7.372701911205964 ], [ 109.572056688389509, -7.372971404558461 ], [ 109.571517701684513, -7.372971404558461 ], [ 109.571517701684513, -7.373240897910958 ], [ 109.570978714979518, -7.373240897910958 ], [ 109.570978714979518, -7.373510391263456 ], [ 109.568553274807044, -7.373510391263456 ], [ 109.568553274807044, -7.373779884615953 ], [ 109.566936314692057, -7.373779884615953 ], [ 109.566936314692057, -7.373510391263456 ], [ 109.566397327987062, -7.373510391263456 ], [ 109.566397327987062, -7.373240897910958 ], [ 109.566127834634571, -7.373240897910958 ], [ 109.566127834634571, -7.372971404558461 ], [ 109.565858341282066, -7.372971404558461 ], [ 109.565858341282066, -7.372701911205964 ], [ 109.56531935457707, -7.372701911205964 ], [ 109.56531935457707, -7.372432417853466 ], [ 109.56504986122458, -7.372432417853466 ], [ 109.56504986122458, -7.372162924500969 ], [ 109.564780367872075, -7.372162924500969 ], [ 109.564780367872075, -7.371893431148472 ], [ 109.564510874519584, -7.371893431148472 ], [ 109.564510874519584, -7.371623937795975 ], [ 109.564241381167079, -7.371623937795975 ], [ 109.564241381167079, -7.371354444443478 ], [ 109.563702394462084, -7.371354444443478 ], [ 109.563702394462084, -7.369198497623499 ], [ 109.563432901109593, -7.369198497623499 ], [ 109.563432901109593, -7.367042550803521 ], [ 109.563702394462084, -7.367042550803521 ], [ 109.563702394462084, -7.366773057451023 ], [ 109.563971887814589, -7.366773057451023 ], [ 109.563971887814589, -7.366503564098526 ], [ 109.564241381167079, -7.366503564098526 ], [ 109.564241381167079, -7.366234070746028 ], [ 109.564510874519584, -7.366234070746028 ], [ 109.564510874519584, -7.365964577393531 ], [ 109.564780367872075, -7.365964577393531 ], [ 109.564780367872075, -7.365695084041034 ], [ 109.56504986122458, -7.365695084041034 ], [ 109.56504986122458, -7.365425590688536 ], [ 109.56531935457707, -7.365425590688536 ], [ 109.56531935457707, -7.365156097336039 ], [ 109.565588847929575, -7.365156097336039 ], [ 109.565588847929575, -7.364886603983542 ], [ 109.565858341282066, -7.364886603983542 ], [ 109.565858341282066, -7.364617110631045 ], [ 109.566397327987062, -7.364617110631045 ], [ 109.566397327987062, -7.364347617278548 ], [ 109.566666821339567, -7.364347617278548 ], [ 109.566666821339567, -7.36407812392605 ], [ 109.566936314692057, -7.36407812392605 ], [ 109.566936314692057, -7.363808630573553 ], [ 109.567475301397053, -7.363808630573553 ], [ 109.567475301397053, -7.363539137221055 ], [ 109.568283781454539, -7.363539137221055 ], [ 109.568283781454539, -7.363269643868558 ], [ 109.568822768159535, -7.363269643868558 ], [ 109.568822768159535, -7.36300015051606 ], [ 109.569631248217036, -7.36300015051606 ], [ 109.569631248217036, -7.362730657163564 ], [ 109.570439728274522, -7.362730657163564 ], [ 109.570439728274522, -7.362461163811067 ], [ 109.571517701684513, -7.362461163811067 ], [ 109.571517701684513, -7.362191670458569 ], [ 109.572865168446995, -7.362191670458569 ], [ 109.572865168446995, -7.361922177106072 ], [ 109.574212635209477, -7.361922177106072 ], [ 109.574212635209477, -7.361652683753574 ], [ 109.576099088676969, -7.361652683753574 ], [ 109.576099088676969, -7.361922177106072 ], [ 109.577446555439451, -7.361922177106072 ], [ 109.577446555439451, -7.362191670458569 ], [ 109.578524528849442, -7.362191670458569 ], [ 109.578524528849442, -7.362461163811067 ], [ 109.579871995611924, -7.362461163811067 ], [ 109.579871995611924, -7.362191670458569 ], [ 109.58121946237442, -7.362191670458569 ], [ 109.58121946237442, -7.361922177106072 ], [ 109.582027942431907, -7.361922177106072 ], [ 109.582027942431907, -7.361652683753574 ], [ 109.582836422489393, -7.361652683753574 ], [ 109.582836422489393, -7.361383190401077 ], [ 109.583375409194389, -7.361383190401077 ], [ 109.583375409194389, -7.360844203696082 ], [ 109.583644902546894, -7.360844203696082 ], [ 109.583644902546894, -7.360305216991088 ], [ 109.583914395899384, -7.360305216991088 ], [ 109.583914395899384, -7.359766230286093 ], [ 109.584183889251889, -7.359766230286093 ], [ 109.584183889251889, -7.358957750228601 ], [ 109.58445338260438, -7.358957750228601 ], [ 109.58445338260438, -7.357879776818612 ], [ 109.584722875956885, -7.357879776818612 ], [ 109.584722875956885, -7.356532310056125 ], [ 109.584992369309376, -7.356532310056125 ], [ 109.584992369309376, -7.354106869883649 ], [ 109.585261862661881, -7.354106869883649 ], [ 109.585261862661881, -7.350603456301185 ], [ 109.584992369309376, -7.350603456301185 ], [ 109.584992369309376, -7.350333962948688 ], [ 109.584722875956885, -7.350333962948688 ], [ 109.584722875956885, -7.349794976243693 ], [ 109.58445338260438, -7.349794976243693 ], [ 109.58445338260438, -7.349525482891195 ], [ 109.584183889251889, -7.349525482891195 ], [ 109.584183889251889, -7.348986496186201 ], [ 109.583914395899384, -7.348986496186201 ], [ 109.583914395899384, -7.348717002833704 ], [ 109.583644902546894, -7.348717002833704 ], [ 109.583644902546894, -7.348178016128709 ], [ 109.583375409194389, -7.348178016128709 ], [ 109.583375409194389, -7.347908522776212 ], [ 109.583105915841898, -7.347908522776212 ], [ 109.583105915841898, -7.347639029423714 ], [ 109.582836422489393, -7.347639029423714 ], [ 109.582836422489393, -7.347369536071217 ], [ 109.582566929136902, -7.347369536071217 ], [ 109.582566929136902, -7.34710004271872 ], [ 109.582027942431907, -7.34710004271872 ], [ 109.582027942431907, -7.346830549366222 ], [ 109.581488955726911, -7.346830549366222 ], [ 109.581488955726911, -7.346561056013726 ], [ 109.580949969021916, -7.346561056013726 ], [ 109.580949969021916, -7.346291562661228 ], [ 109.58041098231692, -7.346291562661228 ], [ 109.58041098231692, -7.346022069308731 ], [ 109.579602502259434, -7.346022069308731 ], [ 109.579602502259434, -7.345752575956233 ], [ 109.578794022201933, -7.345752575956233 ], [ 109.578794022201933, -7.345483082603736 ], [ 109.577716048791956, -7.345483082603736 ], [ 109.577716048791956, -7.345213589251239 ], [ 109.576638075381965, -7.345213589251239 ], [ 109.576638075381965, -7.344944095898741 ], [ 109.575560101971973, -7.344944095898741 ], [ 109.575560101971973, -7.344674602546244 ], [ 109.573673648504496, -7.344674602546244 ], [ 109.573673648504496, -7.344405109193747 ], [ 109.571248208332008, -7.344405109193747 ], [ 109.571248208332008, -7.34413561584125 ], [ 109.570439728274522, -7.34413561584125 ], [ 109.570439728274522, -7.344405109193747 ], [ 109.56531935457707, -7.344405109193747 ], [ 109.56531935457707, -7.344674602546244 ], [ 109.562893914404597, -7.344674602546244 ], [ 109.562893914404597, -7.344944095898741 ], [ 109.560198980879619, -7.344944095898741 ], [ 109.560198980879619, -7.345213589251239 ], [ 109.547802286664748, -7.345213589251239 ], [ 109.547802286664748, -7.345483082603736 ], [ 109.541334446204814, -7.345483082603736 ], [ 109.541334446204814, -7.345213589251239 ], [ 109.538639512679836, -7.345213589251239 ], [ 109.538639512679836, -7.344944095898741 ], [ 109.537561539269845, -7.344944095898741 ], [ 109.537561539269845, -7.344674602546244 ], [ 109.536483565859868, -7.344674602546244 ], [ 109.536483565859868, -7.344405109193747 ], [ 109.535675085802367, -7.344405109193747 ], [ 109.535675085802367, -7.34413561584125 ], [ 109.534597112392376, -7.34413561584125 ], [ 109.534597112392376, -7.343866122488752 ], [ 109.533519138982385, -7.343866122488752 ], [ 109.533519138982385, -7.343596629136255 ], [ 109.532171672219903, -7.343596629136255 ], [ 109.532171672219903, -7.343327135783758 ], [ 109.531363192162416, -7.343327135783758 ], [ 109.531363192162416, -7.34305764243126 ], [ 109.530285218752425, -7.34305764243126 ], [ 109.530285218752425, -7.342788149078763 ], [ 109.529207245342434, -7.342788149078763 ], [ 109.529207245342434, -7.342518655726265 ], [ 109.528398765284948, -7.342518655726265 ], [ 109.528398765284948, -7.342249162373768 ], [ 109.527590285227447, -7.342249162373768 ], [ 109.527590285227447, -7.341979669021271 ], [ 109.526781805169961, -7.341979669021271 ], [ 109.526781805169961, -7.341710175668774 ], [ 109.526242818464965, -7.341710175668774 ], [ 109.526242818464965, -7.341440682316277 ], [ 109.52597332511246, -7.341440682316277 ], [ 109.52597332511246, -7.341171188963779 ], [ 109.525434338407479, -7.341171188963779 ], [ 109.525434338407479, -7.340901695611282 ], [ 109.525164845054974, -7.340901695611282 ], [ 109.525164845054974, -7.340632202258784 ], [ 109.524895351702483, -7.340632202258784 ], [ 109.524895351702483, -7.340362708906287 ], [ 109.524625858349978, -7.340362708906287 ], [ 109.524625858349978, -7.34009321555379 ], [ 109.524356364997487, -7.34009321555379 ], [ 109.524356364997487, -7.339554228848796 ], [ 109.524086871644982, -7.339554228848796 ], [ 109.524086871644982, -7.339284735496298 ], [ 109.523817378292492, -7.339284735496298 ], [ 109.523817378292492, -7.338745748791303 ], [ 109.523547884939987, -7.338745748791303 ], [ 109.523547884939987, -7.338476255438806 ], [ 109.523278391587496, -7.338476255438806 ], [ 109.523278391587496, -7.337937268733811 ], [ 109.523008898234991, -7.337937268733811 ], [ 109.523008898234991, -7.337398282028817 ], [ 109.5227394048825, -7.337398282028817 ], [ 109.5227394048825, -7.336589801971325 ], [ 109.522469911529996, -7.336589801971325 ], [ 109.522469911529996, -7.335781321913833 ], [ 109.522200418177505, -7.335781321913833 ], [ 109.522200418177505, -7.334703348503844 ], [ 109.521661431472509, -7.334703348503844 ] ] ] } },
{ "type": "Feature", "properties": { "fid": 7, "DN": 2, "Keterangan": "Sedang" }, "geometry": { "type": "Polygon", "coordinates": [ [ [ 109.433806598558391, -7.534128429351849 ], [ 109.433806598558391, -7.534397922704347 ], [ 109.433537105205886, -7.534397922704347 ], [ 109.433537105205886, -7.534667416056844 ], [ 109.43299811850089, -7.534667416056844 ], [ 109.43299811850089, -7.534936909409342 ], [ 109.4327286251484, -7.534936909409342 ], [ 109.4327286251484, -7.535206402761839 ], [ 109.432459131795895, -7.535206402761839 ], [ 109.432459131795895, -7.535475896114336 ], [ 109.432189638443404, -7.535475896114336 ], [ 109.432189638443404, -7.535745389466833 ], [ 109.431650651738408, -7.535745389466833 ], [ 109.431650651738408, -7.53601488281933 ], [ 109.431381158385918, -7.53601488281933 ], [ 109.431381158385918, -7.536284376171828 ], [ 109.431111665033413, -7.536284376171828 ], [ 109.431111665033413, -7.536553869524325 ], [ 109.430842171680922, -7.536553869524325 ], [ 109.430842171680922, -7.536823362876823 ], [ 109.430303184975926, -7.536823362876823 ], [ 109.430303184975926, -7.53709285622932 ], [ 109.430033691623422, -7.53709285622932 ], [ 109.430033691623422, -7.537362349581818 ], [ 109.430842171680922, -7.537362349581818 ], [ 109.430842171680922, -7.53709285622932 ], [ 109.431650651738408, -7.53709285622932 ], [ 109.431650651738408, -7.536823362876823 ], [ 109.432189638443404, -7.536823362876823 ], [ 109.432189638443404, -7.536553869524325 ], [ 109.432459131795895, -7.536553869524325 ], [ 109.432459131795895, -7.536284376171828 ], [ 109.43299811850089, -7.536284376171828 ], [ 109.43299811850089, -7.53601488281933 ], [ 109.433537105205886, -7.53601488281933 ], [ 109.433537105205886, -7.535745389466833 ], [ 109.433806598558391, -7.535745389466833 ], [ 109.433806598558391, -7.535206402761839 ], [ 109.434076091910882, -7.535206402761839 ], [ 109.434076091910882, -7.534128429351849 ], [ 109.433806598558391, -7.534128429351849 ] ] ] } },
{ "type": "Feature", "properties": { "fid": 8, "DN": 1, "Keterangan": "Rendah" }, "geometry": { "type": "Polygon", "coordinates": [ [ [ 109.397155502618759, -7.509604534274595 ], [ 109.397155502618759, -7.509874027627092 ], [ 109.396616515913763, -7.509874027627092 ], [ 109.396616515913763, -7.510143520979589 ], [ 109.396347022561258, -7.510143520979589 ], [ 109.396347022561258, -7.510413014332086 ], [ 109.395808035856263, -7.510413014332086 ], [ 109.395808035856263, -7.510682507684584 ], [ 109.395269049151267, -7.510682507684584 ], [ 109.395269049151267, -7.510952001037081 ], [ 109.394460569093781, -7.510952001037081 ], [ 109.394460569093781, -7.511221494389579 ], [ 109.393652089036294, -7.511221494389579 ], [ 109.393652089036294, -7.511490987742076 ], [ 109.392304622273798, -7.511490987742076 ], [ 109.392304622273798, -7.511760481094573 ], [ 109.390687662158825, -7.511760481094573 ], [ 109.390687662158825, -7.512029974447071 ], [ 109.388801208691333, -7.512029974447071 ], [ 109.388801208691333, -7.512299467799568 ], [ 109.387723235281342, -7.512299467799568 ], [ 109.387723235281342, -7.512568961152065 ], [ 109.387184248576361, -7.512568961152065 ], [ 109.387184248576361, -7.512838454504562 ], [ 109.386914755223856, -7.512838454504562 ], [ 109.386914755223856, -7.51310794785706 ], [ 109.386645261871365, -7.51310794785706 ], [ 109.386645261871365, -7.513377441209557 ], [ 109.38610627516637, -7.513377441209557 ], [ 109.38610627516637, -7.513646934562054 ], [ 109.385836781813865, -7.513646934562054 ], [ 109.385836781813865, -7.513916427914552 ], [ 109.385567288461374, -7.513916427914552 ], [ 109.385567288461374, -7.514185921267049 ], [ 109.385028301756378, -7.514185921267049 ], [ 109.385028301756378, -7.514455414619547 ], [ 109.384489315051383, -7.514455414619547 ], [ 109.384489315051383, -7.514724907972044 ], [ 109.384219821698878, -7.514724907972044 ], [ 109.384219821698878, -7.514994401324541 ], [ 109.383411341641391, -7.514994401324541 ], [ 109.383411341641391, -7.515263894677038 ], [ 109.382872354936396, -7.515263894677038 ], [ 109.382872354936396, -7.515533388029535 ], [ 109.382063874878909, -7.515533388029535 ], [ 109.382063874878909, -7.515802881382033 ], [ 109.380985901468918, -7.515802881382033 ], [ 109.380985901468918, -7.51607237473453 ], [ 109.380446914763922, -7.51607237473453 ], [ 109.380446914763922, -7.516341868087028 ], [ 109.379907928058927, -7.516341868087028 ], [ 109.379907928058927, -7.519306294964498 ], [ 109.379638434706436, -7.519306294964498 ], [ 109.379638434706436, -7.520653761726984 ], [ 109.379368941353931, -7.520653761726984 ], [ 109.379368941353931, -7.520923255079482 ], [ 109.378829954648936, -7.520923255079482 ], [ 109.378829954648936, -7.521192748431979 ], [ 109.378560461296445, -7.521192748431979 ], [ 109.378560461296445, -7.521462241784477 ], [ 109.378021474591449, -7.521462241784477 ], [ 109.378021474591449, -7.521731735136973 ], [ 109.377751981238944, -7.521731735136973 ], [ 109.377751981238944, -7.52200122848947 ], [ 109.377212994533949, -7.52200122848947 ], [ 109.377212994533949, -7.522270721841968 ], [ 109.376135021123972, -7.522270721841968 ], [ 109.376135021123972, -7.522809708546963 ], [ 109.376404514476462, -7.522809708546963 ], [ 109.376404514476462, -7.52307920189946 ], [ 109.376943501181458, -7.52307920189946 ], [ 109.376943501181458, -7.522809708546963 ], [ 109.377751981238944, -7.522809708546963 ], [ 109.377751981238944, -7.52307920189946 ], [ 109.378021474591449, -7.52307920189946 ], [ 109.378021474591449, -7.523348695251958 ], [ 109.37909944800144, -7.523348695251958 ], [ 109.37909944800144, -7.52307920189946 ], [ 109.380985901468918, -7.52307920189946 ], [ 109.380985901468918, -7.522809708546963 ], [ 109.381255394821409, -7.522809708546963 ], [ 109.381255394821409, -7.522540215194465 ], [ 109.381524888173914, -7.522540215194465 ], [ 109.381524888173914, -7.522270721841968 ], [ 109.381794381526404, -7.522270721841968 ], [ 109.381794381526404, -7.52200122848947 ], [ 109.382063874878909, -7.52200122848947 ], [ 109.382063874878909, -7.522270721841968 ], [ 109.382602861583905, -7.522270721841968 ], [ 109.382602861583905, -7.522540215194465 ], [ 109.382872354936396, -7.522540215194465 ], [ 109.382872354936396, -7.523618188604455 ], [ 109.383141848288901, -7.523618188604455 ], [ 109.383141848288901, -7.523887681956952 ], [ 109.383680834993896, -7.523887681956952 ], [ 109.383680834993896, -7.524157175309449 ], [ 109.383950328346387, -7.524157175309449 ], [ 109.383950328346387, -7.524426668661946 ], [ 109.384758808403873, -7.524426668661946 ], [ 109.384758808403873, -7.524157175309449 ], [ 109.385028301756378, -7.524157175309449 ], [ 109.385028301756378, -7.523887681956952 ], [ 109.385297795108869, -7.523887681956952 ], [ 109.385297795108869, -7.524157175309449 ], [ 109.385567288461374, -7.524157175309449 ], [ 109.385567288461374, -7.524696162014444 ], [ 109.385836781813865, -7.524696162014444 ], [ 109.385836781813865, -7.524965655366941 ], [ 109.38610627516637, -7.524965655366941 ], [ 109.38610627516637, -7.525504642071936 ], [ 109.38637576851886, -7.525504642071936 ], [ 109.38637576851886, -7.526043628776931 ], [ 109.386645261871365, -7.526043628776931 ], [ 109.386645261871365, -7.526313122129427 ], [ 109.386914755223856, -7.526313122129427 ], [ 109.386914755223856, -7.527391095539417 ], [ 109.387184248576361, -7.527391095539417 ], [ 109.387184248576361, -7.527930082244412 ], [ 109.387453741928852, -7.527930082244412 ], [ 109.387453741928852, -7.5290080556544 ], [ 109.387184248576361, -7.5290080556544 ], [ 109.387184248576361, -7.529547042359395 ], [ 109.387453741928852, -7.529547042359395 ], [ 109.387453741928852, -7.53008602906439 ], [ 109.387723235281342, -7.53008602906439 ], [ 109.387723235281342, -7.530355522416888 ], [ 109.387992728633847, -7.530355522416888 ], [ 109.387992728633847, -7.530625015769385 ], [ 109.388801208691333, -7.530625015769385 ], [ 109.388801208691333, -7.530894509121882 ], [ 109.389609688748834, -7.530894509121882 ], [ 109.389609688748834, -7.531164002474379 ], [ 109.389879182101325, -7.531164002474379 ], [ 109.389879182101325, -7.531433495826876 ], [ 109.39014867545383, -7.531433495826876 ], [ 109.39014867545383, -7.531702989179374 ], [ 109.39041816880632, -7.531702989179374 ], [ 109.39041816880632, -7.531972482531871 ], [ 109.390687662158825, -7.531972482531871 ], [ 109.390687662158825, -7.532241975884368 ], [ 109.391226648863807, -7.532241975884368 ], [ 109.391226648863807, -7.532511469236866 ], [ 109.391496142216312, -7.532511469236866 ], [ 109.391496142216312, -7.532780962589363 ], [ 109.392035128921307, -7.532780962589363 ], [ 109.392035128921307, -7.533050455941861 ], [ 109.392304622273798, -7.533050455941861 ], [ 109.392304622273798, -7.533319949294357 ], [ 109.392574115626303, -7.533319949294357 ], [ 109.392574115626303, -7.533589442646855 ], [ 109.393113102331299, -7.533589442646855 ], [ 109.393113102331299, -7.533858935999352 ], [ 109.393382595683789, -7.533858935999352 ], [ 109.393382595683789, -7.534128429351849 ], [ 109.393652089036294, -7.534128429351849 ], [ 109.393652089036294, -7.534397922704347 ], [ 109.393921582388785, -7.534397922704347 ], [ 109.393921582388785, -7.534667416056844 ], [ 109.39419107574129, -7.534667416056844 ], [ 109.39419107574129, -7.534936909409342 ], [ 109.394460569093781, -7.534936909409342 ], [ 109.394460569093781, -7.535475896114336 ], [ 109.394730062446286, -7.535475896114336 ], [ 109.394730062446286, -7.53601488281933 ], [ 109.395269049151267, -7.53601488281933 ], [ 109.395269049151267, -7.536284376171828 ], [ 109.395538542503772, -7.536284376171828 ], [ 109.395538542503772, -7.536823362876823 ], [ 109.396347022561258, -7.536823362876823 ], [ 109.396347022561258, -7.536553869524325 ], [ 109.397694489323754, -7.536553869524325 ], [ 109.397694489323754, -7.53601488281933 ], [ 109.397424995971249, -7.53601488281933 ], [ 109.397424995971249, -7.535475896114336 ], [ 109.397694489323754, -7.535475896114336 ], [ 109.397694489323754, -7.535206402761839 ], [ 109.397963982676245, -7.535206402761839 ], [ 109.397963982676245, -7.534667416056844 ], [ 109.39823347602875, -7.534667416056844 ], [ 109.39823347602875, -7.534936909409342 ], [ 109.398502969381241, -7.534936909409342 ], [ 109.398502969381241, -7.535206402761839 ], [ 109.398772462733731, -7.535206402761839 ], [ 109.398772462733731, -7.535475896114336 ], [ 109.399041956086236, -7.535475896114336 ], [ 109.399041956086236, -7.535745389466833 ], [ 109.399311449438727, -7.535745389466833 ], [ 109.399311449438727, -7.53601488281933 ], [ 109.399580942791232, -7.53601488281933 ], [ 109.399580942791232, -7.536284376171828 ], [ 109.400119929496228, -7.536284376171828 ], [ 109.400119929496228, -7.536553869524325 ], [ 109.400658916201223, -7.536553869524325 ], [ 109.400658916201223, -7.536823362876823 ], [ 109.401197902906219, -7.536823362876823 ], [ 109.401197902906219, -7.53709285622932 ], [ 109.40146739625871, -7.53709285622932 ], [ 109.40146739625871, -7.537901336286811 ], [ 109.401736889611215, -7.537901336286811 ], [ 109.401736889611215, -7.538170829639309 ], [ 109.402006382963705, -7.538170829639309 ], [ 109.402006382963705, -7.538440322991806 ], [ 109.40227587631621, -7.538440322991806 ], [ 109.40227587631621, -7.538709816344304 ], [ 109.402545369668701, -7.538709816344304 ], [ 109.402545369668701, -7.538979309696801 ], [ 109.403084356373697, -7.538979309696801 ], [ 109.403084356373697, -7.539518296401796 ], [ 109.403353849726187, -7.539518296401796 ], [ 109.403353849726187, -7.539787789754293 ], [ 109.403623343078692, -7.539787789754293 ], [ 109.403623343078692, -7.540596269811785 ], [ 109.403892836431183, -7.540596269811785 ], [ 109.403892836431183, -7.540865763164282 ], [ 109.404431823136179, -7.540865763164282 ], [ 109.404431823136179, -7.540596269811785 ], [ 109.404970809841174, -7.540596269811785 ], [ 109.404970809841174, -7.540326776459287 ], [ 109.407126756661157, -7.540326776459287 ], [ 109.407126756661157, -7.540596269811785 ], [ 109.407665743366152, -7.540596269811785 ], [ 109.407665743366152, -7.540326776459287 ], [ 109.408204730071148, -7.540326776459287 ], [ 109.408204730071148, -7.54005728310679 ], [ 109.408474223423639, -7.54005728310679 ], [ 109.408474223423639, -7.539787789754293 ], [ 109.408743716776144, -7.539787789754293 ], [ 109.408743716776144, -7.539518296401796 ], [ 109.409013210128634, -7.539518296401796 ], [ 109.409013210128634, -7.539248803049298 ], [ 109.410360676891116, -7.539248803049298 ], [ 109.410360676891116, -7.538979309696801 ], [ 109.411169156948617, -7.538979309696801 ], [ 109.411169156948617, -7.538709816344304 ], [ 109.411708143653613, -7.538709816344304 ], [ 109.411708143653613, -7.538440322991806 ], [ 109.412786117063604, -7.538440322991806 ], [ 109.412786117063604, -7.538709816344304 ], [ 109.416020037293563, -7.538709816344304 ], [ 109.416020037293563, -7.538979309696801 ], [ 109.416289530646068, -7.538979309696801 ], [ 109.416289530646068, -7.538709816344304 ], [ 109.416559023998559, -7.538709816344304 ], [ 109.416559023998559, -7.538170829639309 ], [ 109.416828517351064, -7.538170829639309 ], [ 109.416828517351064, -7.537901336286811 ], [ 109.417098010703555, -7.537901336286811 ], [ 109.417098010703555, -7.537631842934315 ], [ 109.417367504056045, -7.537631842934315 ], [ 109.417367504056045, -7.536284376171828 ], [ 109.417098010703555, -7.536284376171828 ], [ 109.417098010703555, -7.535745389466833 ], [ 109.417367504056045, -7.535745389466833 ], [ 109.417367504056045, -7.535475896114336 ], [ 109.41763699740855, -7.535475896114336 ], [ 109.41763699740855, -7.535206402761839 ], [ 109.417906490761041, -7.535206402761839 ], [ 109.417906490761041, -7.534667416056844 ], [ 109.418175984113546, -7.534667416056844 ], [ 109.418175984113546, -7.534397922704347 ], [ 109.418445477466037, -7.534397922704347 ], [ 109.418445477466037, -7.534128429351849 ], [ 109.418984464171032, -7.534128429351849 ], [ 109.418984464171032, -7.533858935999352 ], [ 109.419792944228533, -7.533858935999352 ], [ 109.419792944228533, -7.534128429351849 ], [ 109.420870917638524, -7.534128429351849 ], [ 109.420870917638524, -7.534397922704347 ], [ 109.421409904343506, -7.534397922704347 ], [ 109.421409904343506, -7.534667416056844 ], [ 109.421948891048501, -7.534667416056844 ], [ 109.421948891048501, -7.534936909409342 ], [ 109.422487877753497, -7.534936909409342 ], [ 109.422487877753497, -7.535206402761839 ], [ 109.423296357810997, -7.535206402761839 ], [ 109.423296357810997, -7.535475896114336 ], [ 109.423835344515993, -7.535475896114336 ], [ 109.423835344515993, -7.535745389466833 ], [ 109.424104837868484, -7.535745389466833 ], [ 109.424104837868484, -7.53601488281933 ], [ 109.424643824573479, -7.53601488281933 ], [ 109.424643824573479, -7.536284376171828 ], [ 109.42491331792597, -7.536284376171828 ], [ 109.42491331792597, -7.536553869524325 ], [ 109.425452304630966, -7.536553869524325 ], [ 109.425452304630966, -7.536823362876823 ], [ 109.425991291335961, -7.536823362876823 ], [ 109.425991291335961, -7.53709285622932 ], [ 109.42895571821343, -7.53709285622932 ], [ 109.42895571821343, -7.537362349581818 ], [ 109.430033691623422, -7.537362349581818 ], [ 109.430033691623422, -7.53709285622932 ], [ 109.430303184975926, -7.53709285622932 ], [ 109.430303184975926, -7.536823362876823 ], [ 109.430842171680922, -7.536823362876823 ], [ 109.430842171680922, -7.536553869524325 ], [ 109.431111665033413, -7.536553869524325 ], [ 109.431111665033413, -7.536284376171828 ], [ 109.431381158385918, -7.536284376171828 ], [ 109.431381158385918, -7.53601488281933 ], [ 109.431650651738408, -7.53601488281933 ], [ 109.431650651738408, -7.535745389466833 ], [ 109.432189638443404, -7.535745389466833 ], [ 109.432189638443404, -7.535475896114336 ], [ 109.432459131795895, -7.535475896114336 ], [ 109.432459131795895, -7.535206402761839 ], [ 109.4327286251484, -7.535206402761839 ], [ 109.4327286251484, -7.534936909409342 ], [ 109.43299811850089, -7.534936909409342 ], [ 109.43299811850089, -7.534667416056844 ], [ 109.433537105205886, -7.534667416056844 ], [ 109.433537105205886, -7.534397922704347 ], [ 109.433806598558391, -7.534397922704347 ], [ 109.433806598558391, -7.534128429351849 ], [ 109.434076091910882, -7.534128429351849 ], [ 109.434076091910882, -7.531164002474379 ], [ 109.434345585263387, -7.531164002474379 ], [ 109.434345585263387, -7.53008602906439 ], [ 109.434615078615877, -7.53008602906439 ], [ 109.434615078615877, -7.529277549006898 ], [ 109.434345585263387, -7.529277549006898 ], [ 109.434345585263387, -7.528469068949406 ], [ 109.434076091910882, -7.528469068949406 ], [ 109.434076091910882, -7.528199575596909 ], [ 109.433806598558391, -7.528199575596909 ], [ 109.433806598558391, -7.527930082244412 ], [ 109.433537105205886, -7.527930082244412 ], [ 109.433537105205886, -7.527660588891914 ], [ 109.431650651738408, -7.527660588891914 ], [ 109.431650651738408, -7.527391095539417 ], [ 109.426799771393462, -7.527391095539417 ], [ 109.426799771393462, -7.527660588891914 ], [ 109.42491331792597, -7.527660588891914 ], [ 109.42491331792597, -7.527930082244412 ], [ 109.423835344515993, -7.527930082244412 ], [ 109.423835344515993, -7.528199575596909 ], [ 109.422757371106002, -7.528199575596909 ], [ 109.422757371106002, -7.528469068949406 ], [ 109.421948891048501, -7.528469068949406 ], [ 109.421948891048501, -7.528738562301903 ], [ 109.421140410991015, -7.528738562301903 ], [ 109.421140410991015, -7.5290080556544 ], [ 109.418175984113546, -7.5290080556544 ], [ 109.418175984113546, -7.529277549006898 ], [ 109.417098010703555, -7.529277549006898 ], [ 109.417098010703555, -7.529547042359395 ], [ 109.416289530646068, -7.529547042359395 ], [ 109.416289530646068, -7.529816535711893 ], [ 109.415750543941073, -7.529816535711893 ], [ 109.415750543941073, -7.53008602906439 ], [ 109.414942063883572, -7.53008602906439 ], [ 109.414942063883572, -7.530355522416888 ], [ 109.413864090473581, -7.530355522416888 ], [ 109.413864090473581, -7.530625015769385 ], [ 109.412516623711099, -7.530625015769385 ], [ 109.412516623711099, -7.530355522416888 ], [ 109.410091183538626, -7.530355522416888 ], [ 109.410091183538626, -7.53008602906439 ], [ 109.409013210128634, -7.53008602906439 ], [ 109.409013210128634, -7.529816535711893 ], [ 109.408474223423639, -7.529816535711893 ], [ 109.408474223423639, -7.529547042359395 ], [ 109.408204730071148, -7.529547042359395 ], [ 109.408204730071148, -7.529277549006898 ], [ 109.407665743366152, -7.529277549006898 ], [ 109.407665743366152, -7.5290080556544 ], [ 109.407126756661157, -7.5290080556544 ], [ 109.407126756661157, -7.528738562301903 ], [ 109.406857263308652, -7.528738562301903 ], [ 109.406857263308652, -7.528469068949406 ], [ 109.406587769956161, -7.528469068949406 ], [ 109.406587769956161, -7.528199575596909 ], [ 109.406318276603656, -7.528199575596909 ], [ 109.406318276603656, -7.527660588891914 ], [ 109.406048783251165, -7.527660588891914 ], [ 109.406048783251165, -7.527121602186919 ], [ 109.405779289898675, -7.527121602186919 ], [ 109.405779289898675, -7.526582615481925 ], [ 109.40550979654617, -7.526582615481925 ], [ 109.40550979654617, -7.526043628776931 ], [ 109.405240303193679, -7.526043628776931 ], [ 109.405240303193679, -7.525235148719439 ], [ 109.404970809841174, -7.525235148719439 ], [ 109.404970809841174, -7.519306294964498 ], [ 109.405240303193679, -7.519306294964498 ], [ 109.405240303193679, -7.517689334849514 ], [ 109.40550979654617, -7.517689334849514 ], [ 109.40550979654617, -7.516611361439525 ], [ 109.405779289898675, -7.516611361439525 ], [ 109.405779289898675, -7.516341868087028 ], [ 109.40550979654617, -7.516341868087028 ], [ 109.40550979654617, -7.515802881382033 ], [ 109.405240303193679, -7.515802881382033 ], [ 109.405240303193679, -7.514994401324541 ], [ 109.404970809841174, -7.514994401324541 ], [ 109.404970809841174, -7.514455414619547 ], [ 109.404701316488683, -7.514455414619547 ], [ 109.404701316488683, -7.513916427914552 ], [ 109.404431823136179, -7.513916427914552 ], [ 109.404431823136179, -7.513377441209557 ], [ 109.404162329783688, -7.513377441209557 ], [ 109.404162329783688, -7.512838454504562 ], [ 109.403892836431183, -7.512838454504562 ], [ 109.403892836431183, -7.512568961152065 ], [ 109.403623343078692, -7.512568961152065 ], [ 109.403623343078692, -7.512299467799568 ], [ 109.403353849726187, -7.512299467799568 ], [ 109.403353849726187, -7.512029974447071 ], [ 109.402814863021192, -7.512029974447071 ], [ 109.402814863021192, -7.511760481094573 ], [ 109.40227587631621, -7.511760481094573 ], [ 109.40227587631621, -7.511490987742076 ], [ 109.402006382963705, -7.511490987742076 ], [ 109.402006382963705, -7.511221494389579 ], [ 109.40146739625871, -7.511221494389579 ], [ 109.40146739625871, -7.510952001037081 ], [ 109.401197902906219, -7.510952001037081 ], [ 109.401197902906219, -7.510682507684584 ], [ 109.400389422848718, -7.510682507684584 ], [ 109.400389422848718, -7.510413014332086 ], [ 109.399580942791232, -7.510413014332086 ], [ 109.399580942791232, -7.510143520979589 ], [ 109.398502969381241, -7.510143520979589 ], [ 109.398502969381241, -7.509874027627092 ], [ 109.397424995971249, -7.509874027627092 ], [ 109.397424995971249, -7.509604534274595 ], [ 109.397155502618759, -7.509604534274595 ] ] ] } }
]
}
