{
"type": "FeatureCollection",
"name": "LIQUIFAKSI_final_4326",
"crs": { "type": "name", "properties": { "name": "urn:ogc:def:crs:OGC:1.3:CRS84" } },
"xy_coordinate_resolution": 1e-15,
"features": [
{ "type": "Feature", "properties": { "fid": 1, "DN": 1, "Keterangan": "Rendah" }, "geometry": { "type": "Polygon", "coordinates": [ [ [ 109.637274079693853, -7.184865044515342 ], [ 109.637274079693853, -7.18513453786784 ], [ 109.637004586341362, -7.18513453786784 ], [ 109.637004586341362, -7.185404031220337 ], [ 109.636735092988857, -7.185404031220337 ], [ 109.636735092988857, -7.185673524572834 ], [ 109.636465599636367, -7.185673524572834 ], [ 109.636465599636367, -7.185943017925331 ], [ 109.636196106283862, -7.185943017925331 ], [ 109.636196106283862, -7.186212511277829 ], [ 109.635926612931371, -7.186212511277829 ], [ 109.635926612931371, -7.186482004630326 ], [ 109.635657119578866, -7.186482004630326 ], [ 109.635657119578866, -7.186751497982823 ], [ 109.635387626226375, -7.186751497982823 ], [ 109.635387626226375, -7.187020991335321 ], [ 109.63511813287387, -7.187020991335321 ], [ 109.63511813287387, -7.188907444802802 ], [ 109.63484863952138, -7.188907444802802 ], [ 109.63484863952138, -7.19214136503277 ], [ 109.63511813287387, -7.19214136503277 ], [ 109.63511813287387, -7.193758325147753 ], [ 109.635387626226375, -7.193758325147753 ], [ 109.635387626226375, -7.195375285262737 ], [ 109.635657119578866, -7.195375285262737 ], [ 109.635657119578866, -7.196453258672727 ], [ 109.635387626226375, -7.196453258672727 ], [ 109.635387626226375, -7.197531232082715 ], [ 109.63511813287387, -7.197531232082715 ], [ 109.63511813287387, -7.198339712140208 ], [ 109.63484863952138, -7.198339712140208 ], [ 109.63484863952138, -7.199417685550197 ], [ 109.634579146168875, -7.199417685550197 ], [ 109.634579146168875, -7.200495658960186 ], [ 109.634309652816384, -7.200495658960186 ], [ 109.634309652816384, -7.200765152312683 ], [ 109.633770666111388, -7.200765152312683 ], [ 109.633770666111388, -7.201034645665181 ], [ 109.632692692701397, -7.201034645665181 ], [ 109.632692692701397, -7.201304139017678 ], [ 109.631884212643911, -7.201304139017678 ], [ 109.631884212643911, -7.201573632370176 ], [ 109.63080623923392, -7.201573632370176 ], [ 109.63080623923392, -7.201843125722672 ], [ 109.629997759176433, -7.201843125722672 ], [ 109.629997759176433, -7.203460085837657 ], [ 109.629728265823928, -7.203460085837657 ], [ 109.629728265823928, -7.20507704595264 ], [ 109.629997759176433, -7.20507704595264 ], [ 109.629997759176433, -7.205346539305138 ], [ 109.630267252528924, -7.205346539305138 ], [ 109.630267252528924, -7.205616032657635 ], [ 109.63080623923392, -7.205616032657635 ], [ 109.63080623923392, -7.205885526010132 ], [ 109.631345225938915, -7.205885526010132 ], [ 109.631345225938915, -7.20615501936263 ], [ 109.631614719291406, -7.20615501936263 ], [ 109.631614719291406, -7.206424512715127 ], [ 109.632153705996402, -7.206424512715127 ], [ 109.632153705996402, -7.206694006067624 ], [ 109.632423199348906, -7.206694006067624 ], [ 109.632423199348906, -7.206963499420121 ], [ 109.632962186053902, -7.206963499420121 ], [ 109.632962186053902, -7.207232992772618 ], [ 109.633501172758898, -7.207232992772618 ], [ 109.633501172758898, -7.207502486125116 ], [ 109.633770666111388, -7.207502486125116 ], [ 109.633770666111388, -7.207771979477613 ], [ 109.634040159463879, -7.207771979477613 ], [ 109.634040159463879, -7.208041472830111 ], [ 109.634579146168875, -7.208041472830111 ], [ 109.634579146168875, -7.208310966182608 ], [ 109.63484863952138, -7.208310966182608 ], [ 109.63484863952138, -7.208580459535106 ], [ 109.635387626226375, -7.208580459535106 ], [ 109.635387626226375, -7.208849952887602 ], [ 109.635657119578866, -7.208849952887602 ], [ 109.635657119578866, -7.209119446240099 ], [ 109.635926612931371, -7.209119446240099 ], [ 109.635926612931371, -7.209388939592597 ], [ 109.636196106283862, -7.209388939592597 ], [ 109.636196106283862, -7.209927926297592 ], [ 109.636465599636367, -7.209927926297592 ], [ 109.636465599636367, -7.210466913002587 ], [ 109.636735092988857, -7.210466913002587 ], [ 109.636735092988857, -7.211005899707581 ], [ 109.637004586341362, -7.211005899707581 ], [ 109.637004586341362, -7.211814379765073 ], [ 109.637274079693853, -7.211814379765073 ], [ 109.637274079693853, -7.212353366470067 ], [ 109.637543573046358, -7.212353366470067 ], [ 109.637543573046358, -7.212892353175062 ], [ 109.637813066398849, -7.212892353175062 ], [ 109.637813066398849, -7.213431339880056 ], [ 109.638082559751339, -7.213431339880056 ], [ 109.638082559751339, -7.213970326585051 ], [ 109.638352053103844, -7.213970326585051 ], [ 109.638352053103844, -7.214778806642543 ], [ 109.638621546456335, -7.214778806642543 ], [ 109.638621546456335, -7.215317793347538 ], [ 109.63889103980884, -7.215317793347538 ], [ 109.63889103980884, -7.215856780052532 ], [ 109.639160533161331, -7.215856780052532 ], [ 109.639160533161331, -7.216126273405029 ], [ 109.639430026513836, -7.216126273405029 ], [ 109.639430026513836, -7.216665260110024 ], [ 109.639699519866326, -7.216665260110024 ], [ 109.639699519866326, -7.217204246815019 ], [ 109.639969013218831, -7.217204246815019 ], [ 109.639969013218831, -7.217473740167517 ], [ 109.640238506571322, -7.217473740167517 ], [ 109.640238506571322, -7.21801272687251 ], [ 109.640507999923827, -7.21801272687251 ], [ 109.640507999923827, -7.218282220225008 ], [ 109.640777493276318, -7.218282220225008 ], [ 109.640777493276318, -7.218821206930003 ], [ 109.641046986628822, -7.218821206930003 ], [ 109.641046986628822, -7.2190907002825 ], [ 109.641316479981313, -7.2190907002825 ], [ 109.641316479981313, -7.219629686987495 ], [ 109.641585973333804, -7.219629686987495 ], [ 109.641585973333804, -7.220168673692489 ], [ 109.641855466686309, -7.220168673692489 ], [ 109.641855466686309, -7.220438167044986 ], [ 109.642663946743795, -7.220438167044986 ], [ 109.642663946743795, -7.220707660397484 ], [ 109.643472426801296, -7.220707660397484 ], [ 109.643472426801296, -7.220977153749981 ], [ 109.644280906858782, -7.220977153749981 ], [ 109.644280906858782, -7.221246647102478 ], [ 109.645089386916283, -7.221246647102478 ], [ 109.645089386916283, -7.221516140454976 ], [ 109.645628373621264, -7.221516140454976 ], [ 109.645628373621264, -7.221785633807473 ], [ 109.646436853678765, -7.221785633807473 ], [ 109.646436853678765, -7.222055127159971 ], [ 109.646706347031255, -7.222055127159971 ], [ 109.646706347031255, -7.221785633807473 ], [ 109.64697584038376, -7.221785633807473 ], [ 109.64697584038376, -7.221516140454976 ], [ 109.647514827088756, -7.221516140454976 ], [ 109.647514827088756, -7.221246647102478 ], [ 109.647784320441247, -7.221246647102478 ], [ 109.647784320441247, -7.220977153749981 ], [ 109.648323307146242, -7.220977153749981 ], [ 109.648323307146242, -7.220707660397484 ], [ 109.648592800498747, -7.220707660397484 ], [ 109.648592800498747, -7.220438167044986 ], [ 109.649131787203729, -7.220438167044986 ], [ 109.649131787203729, -7.220168673692489 ], [ 109.649401280556233, -7.220168673692489 ], [ 109.649401280556233, -7.219899180339992 ], [ 109.649940267261229, -7.219899180339992 ], [ 109.649940267261229, -7.219629686987495 ], [ 109.65020976061372, -7.219629686987495 ], [ 109.65020976061372, -7.219360193634997 ], [ 109.650479253966225, -7.219360193634997 ], [ 109.650479253966225, -7.2190907002825 ], [ 109.65101824067122, -7.2190907002825 ], [ 109.65101824067122, -7.218821206930003 ], [ 109.651287734023711, -7.218821206930003 ], [ 109.651287734023711, -7.218551713577505 ], [ 109.651557227376216, -7.218551713577505 ], [ 109.651557227376216, -7.218282220225008 ], [ 109.651826720728707, -7.218282220225008 ], [ 109.651826720728707, -7.21801272687251 ], [ 109.652365707433702, -7.21801272687251 ], [ 109.652365707433702, -7.217743233520014 ], [ 109.652904694138698, -7.217743233520014 ], [ 109.652904694138698, -7.217473740167517 ], [ 109.653174187491189, -7.217473740167517 ], [ 109.653174187491189, -7.217204246815019 ], [ 109.653443680843694, -7.217204246815019 ], [ 109.653443680843694, -7.216934753462522 ], [ 109.653713174196184, -7.216934753462522 ], [ 109.653713174196184, -7.216665260110024 ], [ 109.653982667548689, -7.216665260110024 ], [ 109.653982667548689, -7.216395766757527 ], [ 109.65425216090118, -7.216395766757527 ], [ 109.65425216090118, -7.216126273405029 ], [ 109.654521654253685, -7.216126273405029 ], [ 109.654521654253685, -7.215856780052532 ], [ 109.655060640958681, -7.215856780052532 ], [ 109.655060640958681, -7.215587286700035 ], [ 109.655599627663676, -7.215587286700035 ], [ 109.655599627663676, -7.215317793347538 ], [ 109.656138614368672, -7.215317793347538 ], [ 109.656138614368672, -7.215048299995041 ], [ 109.656677601073653, -7.215048299995041 ], [ 109.656677601073653, -7.214778806642543 ], [ 109.657216587778649, -7.214778806642543 ], [ 109.657216587778649, -7.214509313290046 ], [ 109.657755574483645, -7.214509313290046 ], [ 109.657755574483645, -7.214239819937548 ], [ 109.660720001361113, -7.214239819937548 ], [ 109.660720001361113, -7.213970326585051 ], [ 109.661797974771105, -7.213970326585051 ], [ 109.661797974771105, -7.213700833232554 ], [ 109.662606454828605, -7.213700833232554 ], [ 109.662606454828605, -7.213431339880056 ], [ 109.663414934886092, -7.213431339880056 ], [ 109.663414934886092, -7.21316184652756 ], [ 109.664492908296083, -7.21316184652756 ], [ 109.664492908296083, -7.212892353175062 ], [ 109.665301388353569, -7.212892353175062 ], [ 109.665301388353569, -7.212622859822565 ], [ 109.66637936176356, -7.212622859822565 ], [ 109.66637936176356, -7.212353366470067 ], [ 109.666918348468556, -7.212353366470067 ], [ 109.666918348468556, -7.21208387311757 ], [ 109.667187841821061, -7.21208387311757 ], [ 109.667187841821061, -7.211814379765073 ], [ 109.667726828526042, -7.211814379765073 ], [ 109.667726828526042, -7.211544886412575 ], [ 109.667996321878547, -7.211544886412575 ], [ 109.667996321878547, -7.211275393060078 ], [ 109.668265815231038, -7.211275393060078 ], [ 109.668265815231038, -7.211005899707581 ], [ 109.668804801936034, -7.211005899707581 ], [ 109.668804801936034, -7.210736406355084 ], [ 109.669074295288539, -7.210736406355084 ], [ 109.669074295288539, -7.210466913002587 ], [ 109.669343788641029, -7.210466913002587 ], [ 109.669343788641029, -7.210197419650089 ], [ 109.669882775346025, -7.210197419650089 ], [ 109.669882775346025, -7.209927926297592 ], [ 109.67015226869853, -7.209927926297592 ], [ 109.67015226869853, -7.208580459535106 ], [ 109.670421762051021, -7.208580459535106 ], [ 109.670421762051021, -7.207502486125116 ], [ 109.670691255403526, -7.207502486125116 ], [ 109.670691255403526, -7.205885526010132 ], [ 109.670960748756016, -7.205885526010132 ], [ 109.670960748756016, -7.204807552600143 ], [ 109.670691255403526, -7.204807552600143 ], [ 109.670691255403526, -7.203999072542651 ], [ 109.670421762051021, -7.203999072542651 ], [ 109.670421762051021, -7.203190592485159 ], [ 109.67015226869853, -7.203190592485159 ], [ 109.67015226869853, -7.202382112427667 ], [ 109.669882775346025, -7.202382112427667 ], [ 109.669882775346025, -7.201304139017678 ], [ 109.669343788641029, -7.201304139017678 ], [ 109.669343788641029, -7.201573632370176 ], [ 109.668535308583543, -7.201573632370176 ], [ 109.668535308583543, -7.201843125722672 ], [ 109.667726828526042, -7.201843125722672 ], [ 109.667726828526042, -7.202112619075169 ], [ 109.666918348468556, -7.202112619075169 ], [ 109.666918348468556, -7.202382112427667 ], [ 109.666648855116065, -7.202382112427667 ], [ 109.666648855116065, -7.202651605780164 ], [ 109.66637936176356, -7.202651605780164 ], [ 109.66637936176356, -7.203190592485159 ], [ 109.66610986841107, -7.203190592485159 ], [ 109.66610986841107, -7.203460085837657 ], [ 109.665840375058565, -7.203460085837657 ], [ 109.665840375058565, -7.203999072542651 ], [ 109.665570881706074, -7.203999072542651 ], [ 109.665570881706074, -7.204268565895148 ], [ 109.665301388353569, -7.204268565895148 ], [ 109.665301388353569, -7.204807552600143 ], [ 109.665031895001079, -7.204807552600143 ], [ 109.665031895001079, -7.20507704595264 ], [ 109.664762401648574, -7.20507704595264 ], [ 109.664762401648574, -7.205616032657635 ], [ 109.664492908296083, -7.205616032657635 ], [ 109.664492908296083, -7.205885526010132 ], [ 109.664223414943578, -7.205885526010132 ], [ 109.664223414943578, -7.206424512715127 ], [ 109.663953921591087, -7.206424512715127 ], [ 109.663953921591087, -7.206694006067624 ], [ 109.663684428238597, -7.206694006067624 ], [ 109.663684428238597, -7.207232992772618 ], [ 109.663414934886092, -7.207232992772618 ], [ 109.663414934886092, -7.207502486125116 ], [ 109.657755574483645, -7.207502486125116 ], [ 109.657755574483645, -7.207232992772618 ], [ 109.657486081131154, -7.207232992772618 ], [ 109.657486081131154, -7.206963499420121 ], [ 109.657216587778649, -7.206963499420121 ], [ 109.657216587778649, -7.206424512715127 ], [ 109.656947094426158, -7.206424512715127 ], [ 109.656947094426158, -7.20615501936263 ], [ 109.656677601073653, -7.20615501936263 ], [ 109.656677601073653, -7.205885526010132 ], [ 109.656408107721163, -7.205885526010132 ], [ 109.656408107721163, -7.205346539305138 ], [ 109.656138614368672, -7.205346539305138 ], [ 109.656138614368672, -7.20507704595264 ], [ 109.655869121016167, -7.20507704595264 ], [ 109.655869121016167, -7.204807552600143 ], [ 109.655599627663676, -7.204807552600143 ], [ 109.655599627663676, -7.204268565895148 ], [ 109.655330134311171, -7.204268565895148 ], [ 109.655330134311171, -7.203460085837657 ], [ 109.655599627663676, -7.203460085837657 ], [ 109.655599627663676, -7.202382112427667 ], [ 109.655869121016167, -7.202382112427667 ], [ 109.655869121016167, -7.201573632370176 ], [ 109.656138614368672, -7.201573632370176 ], [ 109.656138614368672, -7.200765152312683 ], [ 109.656408107721163, -7.200765152312683 ], [ 109.656408107721163, -7.200226165607689 ], [ 109.656947094426158, -7.200226165607689 ], [ 109.656947094426158, -7.199956672255191 ], [ 109.657755574483645, -7.199956672255191 ], [ 109.657755574483645, -7.199687178902694 ], [ 109.65829456118864, -7.199687178902694 ], [ 109.65829456118864, -7.199417685550197 ], [ 109.658833547893636, -7.199417685550197 ], [ 109.658833547893636, -7.1991481921977 ], [ 109.659372534598631, -7.1991481921977 ], [ 109.659372534598631, -7.198878698845202 ], [ 109.659642027951136, -7.198878698845202 ], [ 109.659642027951136, -7.198609205492705 ], [ 109.659911521303627, -7.198609205492705 ], [ 109.659911521303627, -7.198339712140208 ], [ 109.660181014656118, -7.198339712140208 ], [ 109.660181014656118, -7.19807021878771 ], [ 109.660450508008623, -7.19807021878771 ], [ 109.660450508008623, -7.197531232082715 ], [ 109.660720001361113, -7.197531232082715 ], [ 109.660720001361113, -7.197261738730218 ], [ 109.660989494713618, -7.197261738730218 ], [ 109.660989494713618, -7.196992245377721 ], [ 109.661258988066109, -7.196992245377721 ], [ 109.661258988066109, -7.196722752025224 ], [ 109.661528481418614, -7.196722752025224 ], [ 109.661528481418614, -7.196453258672727 ], [ 109.661797974771105, -7.196453258672727 ], [ 109.661797974771105, -7.196183765320229 ], [ 109.66206746812361, -7.196183765320229 ], [ 109.66206746812361, -7.194297311852748 ], [ 109.6623369614761, -7.194297311852748 ], [ 109.6623369614761, -7.191602378327775 ], [ 109.661258988066109, -7.191602378327775 ], [ 109.661258988066109, -7.191332884975278 ], [ 109.660450508008623, -7.191332884975278 ], [ 109.660450508008623, -7.19106339162278 ], [ 109.659642027951136, -7.19106339162278 ], [ 109.659642027951136, -7.190793898270283 ], [ 109.659103041246141, -7.190793898270283 ], [ 109.659103041246141, -7.19106339162278 ], [ 109.658833547893636, -7.19106339162278 ], [ 109.658833547893636, -7.191602378327775 ], [ 109.658564054541145, -7.191602378327775 ], [ 109.658564054541145, -7.191871871680272 ], [ 109.65829456118864, -7.191871871680272 ], [ 109.65829456118864, -7.19214136503277 ], [ 109.658025067836149, -7.19214136503277 ], [ 109.658025067836149, -7.192410858385267 ], [ 109.657486081131154, -7.192410858385267 ], [ 109.657486081131154, -7.19214136503277 ], [ 109.657216587778649, -7.19214136503277 ], [ 109.657216587778649, -7.191871871680272 ], [ 109.656947094426158, -7.191871871680272 ], [ 109.656947094426158, -7.191602378327775 ], [ 109.656677601073653, -7.191602378327775 ], [ 109.656677601073653, -7.19106339162278 ], [ 109.656408107721163, -7.19106339162278 ], [ 109.656408107721163, -7.190793898270283 ], [ 109.656138614368672, -7.190793898270283 ], [ 109.656138614368672, -7.190524404917785 ], [ 109.655869121016167, -7.190524404917785 ], [ 109.655869121016167, -7.19106339162278 ], [ 109.655599627663676, -7.19106339162278 ], [ 109.655599627663676, -7.191332884975278 ], [ 109.655330134311171, -7.191332884975278 ], [ 109.655330134311171, -7.191602378327775 ], [ 109.655060640958681, -7.191602378327775 ], [ 109.655060640958681, -7.19214136503277 ], [ 109.654791147606176, -7.19214136503277 ], [ 109.654791147606176, -7.192410858385267 ], [ 109.65425216090118, -7.192410858385267 ], [ 109.65425216090118, -7.192680351737764 ], [ 109.653982667548689, -7.192680351737764 ], [ 109.653982667548689, -7.192949845090261 ], [ 109.653713174196184, -7.192949845090261 ], [ 109.653713174196184, -7.193219338442759 ], [ 109.653443680843694, -7.193219338442759 ], [ 109.653443680843694, -7.193488831795256 ], [ 109.653174187491189, -7.193488831795256 ], [ 109.653174187491189, -7.193758325147753 ], [ 109.652904694138698, -7.193758325147753 ], [ 109.652904694138698, -7.194027818500251 ], [ 109.652635200786207, -7.194027818500251 ], [ 109.652635200786207, -7.194297311852748 ], [ 109.652365707433702, -7.194297311852748 ], [ 109.652365707433702, -7.194566805205246 ], [ 109.651826720728707, -7.194566805205246 ], [ 109.651826720728707, -7.194836298557743 ], [ 109.651557227376216, -7.194836298557743 ], [ 109.651557227376216, -7.195105791910239 ], [ 109.651287734023711, -7.195105791910239 ], [ 109.651287734023711, -7.195375285262737 ], [ 109.65101824067122, -7.195375285262737 ], [ 109.65101824067122, -7.195644778615234 ], [ 109.650748747318715, -7.195644778615234 ], [ 109.650748747318715, -7.194027818500251 ], [ 109.650479253966225, -7.194027818500251 ], [ 109.650479253966225, -7.192680351737764 ], [ 109.65020976061372, -7.192680351737764 ], [ 109.65020976061372, -7.191871871680272 ], [ 109.649940267261229, -7.191871871680272 ], [ 109.649940267261229, -7.191602378327775 ], [ 109.649401280556233, -7.191602378327775 ], [ 109.649401280556233, -7.191332884975278 ], [ 109.649131787203729, -7.191332884975278 ], [ 109.649131787203729, -7.19106339162278 ], [ 109.648592800498747, -7.19106339162278 ], [ 109.648592800498747, -7.190793898270283 ], [ 109.648323307146242, -7.190793898270283 ], [ 109.648323307146242, -7.190524404917785 ], [ 109.648053813793751, -7.190524404917785 ], [ 109.648053813793751, -7.190254911565289 ], [ 109.647784320441247, -7.190254911565289 ], [ 109.647784320441247, -7.190524404917785 ], [ 109.647514827088756, -7.190524404917785 ], [ 109.647514827088756, -7.190793898270283 ], [ 109.647245333736251, -7.190793898270283 ], [ 109.647245333736251, -7.19106339162278 ], [ 109.64697584038376, -7.19106339162278 ], [ 109.64697584038376, -7.191332884975278 ], [ 109.646706347031255, -7.191332884975278 ], [ 109.646706347031255, -7.191602378327775 ], [ 109.646436853678765, -7.191602378327775 ], [ 109.646436853678765, -7.191871871680272 ], [ 109.64616736032626, -7.191871871680272 ], [ 109.64616736032626, -7.19214136503277 ], [ 109.645897866973769, -7.19214136503277 ], [ 109.645897866973769, -7.192410858385267 ], [ 109.645628373621264, -7.192410858385267 ], [ 109.645628373621264, -7.192680351737764 ], [ 109.645358880268773, -7.192680351737764 ], [ 109.645358880268773, -7.192949845090261 ], [ 109.644550400211287, -7.192949845090261 ], [ 109.644550400211287, -7.193219338442759 ], [ 109.644011413506291, -7.193219338442759 ], [ 109.644011413506291, -7.193488831795256 ], [ 109.643472426801296, -7.193488831795256 ], [ 109.643472426801296, -7.193758325147753 ], [ 109.642663946743795, -7.193758325147753 ], [ 109.642663946743795, -7.193219338442759 ], [ 109.642394453391304, -7.193219338442759 ], [ 109.642394453391304, -7.192680351737764 ], [ 109.642124960038799, -7.192680351737764 ], [ 109.642124960038799, -7.19214136503277 ], [ 109.641855466686309, -7.19214136503277 ], [ 109.641855466686309, -7.191602378327775 ], [ 109.641585973333804, -7.191602378327775 ], [ 109.641585973333804, -7.189446431507797 ], [ 109.641855466686309, -7.189446431507797 ], [ 109.641855466686309, -7.187290484687818 ], [ 109.642124960038799, -7.187290484687818 ], [ 109.642124960038799, -7.186482004630326 ], [ 109.641316479981313, -7.186482004630326 ], [ 109.641316479981313, -7.186212511277829 ], [ 109.640777493276318, -7.186212511277829 ], [ 109.640777493276318, -7.185943017925331 ], [ 109.640238506571322, -7.185943017925331 ], [ 109.640238506571322, -7.185673524572834 ], [ 109.639430026513836, -7.185673524572834 ], [ 109.639430026513836, -7.185404031220337 ], [ 109.63889103980884, -7.185404031220337 ], [ 109.63889103980884, -7.18513453786784 ], [ 109.638082559751339, -7.18513453786784 ], [ 109.638082559751339, -7.184865044515342 ], [ 109.637274079693853, -7.184865044515342 ] ] ] } },
{ "type": "Feature", "properties": { "fid": 2, "DN": 1, "Keterangan": "Rendah" }, "geometry": { "type": "Polygon", "coordinates": [ [ [ 109.724320432550485, -7.224480567332446 ], [ 109.724320432550485, -7.224750060684944 ], [ 109.722972965788003, -7.224750060684944 ], [ 109.722972965788003, -7.22501955403744 ], [ 109.721625499025507, -7.22501955403744 ], [ 109.721625499025507, -7.225289047389938 ], [ 109.720547525615515, -7.225289047389938 ], [ 109.720547525615515, -7.225828034094933 ], [ 109.72081701896802, -7.225828034094933 ], [ 109.72081701896802, -7.22609752744743 ], [ 109.721086512320511, -7.22609752744743 ], [ 109.721086512320511, -7.226367020799927 ], [ 109.721356005673016, -7.226367020799927 ], [ 109.721356005673016, -7.226636514152425 ], [ 109.721625499025507, -7.226636514152425 ], [ 109.721625499025507, -7.226906007504922 ], [ 109.721894992378012, -7.226906007504922 ], [ 109.721894992378012, -7.227175500857419 ], [ 109.722164485730502, -7.227175500857419 ], [ 109.722164485730502, -7.227444994209916 ], [ 109.722433979083007, -7.227444994209916 ], [ 109.722433979083007, -7.227714487562414 ], [ 109.722703472435498, -7.227714487562414 ], [ 109.722703472435498, -7.227983980914911 ], [ 109.722972965788003, -7.227983980914911 ], [ 109.722972965788003, -7.228253474267408 ], [ 109.723242459140494, -7.228253474267408 ], [ 109.723242459140494, -7.228522967619906 ], [ 109.723511952492998, -7.228522967619906 ], [ 109.723511952492998, -7.228792460972403 ], [ 109.723781445845489, -7.228792460972403 ], [ 109.723781445845489, -7.229331447677398 ], [ 109.723511952492998, -7.229331447677398 ], [ 109.723511952492998, -7.230678914439884 ], [ 109.723242459140494, -7.230678914439884 ], [ 109.723242459140494, -7.231217901144879 ], [ 109.723511952492998, -7.231217901144879 ], [ 109.723511952492998, -7.231487394497376 ], [ 109.723781445845489, -7.231487394497376 ], [ 109.723781445845489, -7.231756887849873 ], [ 109.72405093919798, -7.231756887849873 ], [ 109.72405093919798, -7.23202638120237 ], [ 109.724320432550485, -7.23202638120237 ], [ 109.724320432550485, -7.232295874554868 ], [ 109.724589925902976, -7.232295874554868 ], [ 109.724589925902976, -7.232565367907365 ], [ 109.72485941925548, -7.232565367907365 ], [ 109.72485941925548, -7.232834861259863 ], [ 109.725128912607971, -7.232834861259863 ], [ 109.725128912607971, -7.23310435461236 ], [ 109.725937392665472, -7.23310435461236 ], [ 109.725937392665472, -7.233373847964857 ], [ 109.727554352780444, -7.233373847964857 ], [ 109.727554352780444, -7.233643341317355 ], [ 109.727823846132949, -7.233643341317355 ], [ 109.727823846132949, -7.233912834669852 ], [ 109.728362832837945, -7.233912834669852 ], [ 109.728362832837945, -7.234182328022349 ], [ 109.728632326190436, -7.234182328022349 ], [ 109.728632326190436, -7.234451821374846 ], [ 109.729171312895431, -7.234451821374846 ], [ 109.729171312895431, -7.234721314727344 ], [ 109.729440806247936, -7.234721314727344 ], [ 109.729440806247936, -7.234990808079841 ], [ 109.729979792952932, -7.234990808079841 ], [ 109.729979792952932, -7.235260301432338 ], [ 109.730518779657928, -7.235260301432338 ], [ 109.730518779657928, -7.235529794784836 ], [ 109.730788273010418, -7.235529794784836 ], [ 109.730788273010418, -7.235799288137333 ], [ 109.733752699887887, -7.235799288137333 ], [ 109.733752699887887, -7.236068781489831 ], [ 109.738603580232834, -7.236068781489831 ], [ 109.738603580232834, -7.236338274842328 ], [ 109.744532433987786, -7.236338274842328 ], [ 109.744532433987786, -7.236068781489831 ], [ 109.745340914045272, -7.236068781489831 ], [ 109.745340914045272, -7.235799288137333 ], [ 109.746149394102758, -7.235799288137333 ], [ 109.746149394102758, -7.235529794784836 ], [ 109.74722736751275, -7.235529794784836 ], [ 109.74722736751275, -7.235260301432338 ], [ 109.74803584757025, -7.235260301432338 ], [ 109.74803584757025, -7.234990808079841 ], [ 109.748844327627737, -7.234990808079841 ], [ 109.748844327627737, -7.234721314727344 ], [ 109.749652807685237, -7.234721314727344 ], [ 109.749652807685237, -7.234451821374846 ], [ 109.750191794390219, -7.234451821374846 ], [ 109.750191794390219, -7.234182328022349 ], [ 109.750730781095214, -7.234182328022349 ], [ 109.750730781095214, -7.233912834669852 ], [ 109.75126976780021, -7.233912834669852 ], [ 109.75126976780021, -7.233643341317355 ], [ 109.751808754505205, -7.233643341317355 ], [ 109.751808754505205, -7.233373847964857 ], [ 109.752347741210201, -7.233373847964857 ], [ 109.752347741210201, -7.23310435461236 ], [ 109.75207824785771, -7.23310435461236 ], [ 109.75207824785771, -7.232834861259863 ], [ 109.751808754505205, -7.232834861259863 ], [ 109.751808754505205, -7.232565367907365 ], [ 109.751539261152715, -7.232565367907365 ], [ 109.751539261152715, -7.232295874554868 ], [ 109.75126976780021, -7.232295874554868 ], [ 109.75126976780021, -7.23202638120237 ], [ 109.750730781095214, -7.23202638120237 ], [ 109.750730781095214, -7.231756887849873 ], [ 109.750461287742723, -7.231756887849873 ], [ 109.750461287742723, -7.231487394497376 ], [ 109.750191794390219, -7.231487394497376 ], [ 109.750191794390219, -7.231217901144879 ], [ 109.749922301037728, -7.231217901144879 ], [ 109.749922301037728, -7.230948407792382 ], [ 109.749652807685237, -7.230948407792382 ], [ 109.749652807685237, -7.230678914439884 ], [ 109.749383314332732, -7.230678914439884 ], [ 109.749383314332732, -7.230409421087387 ], [ 109.748844327627737, -7.230409421087387 ], [ 109.748844327627737, -7.230139927734889 ], [ 109.748574834275246, -7.230139927734889 ], [ 109.748574834275246, -7.229870434382392 ], [ 109.748305340922741, -7.229870434382392 ], [ 109.748305340922741, -7.229600941029895 ], [ 109.74803584757025, -7.229600941029895 ], [ 109.74803584757025, -7.229331447677398 ], [ 109.747766354217745, -7.229331447677398 ], [ 109.747766354217745, -7.229061954324901 ], [ 109.747496860865255, -7.229061954324901 ], [ 109.747496860865255, -7.228792460972403 ], [ 109.746957874160259, -7.228792460972403 ], [ 109.746957874160259, -7.228522967619906 ], [ 109.746688380807754, -7.228522967619906 ], [ 109.746688380807754, -7.228253474267408 ], [ 109.738334086880343, -7.228253474267408 ], [ 109.738334086880343, -7.227983980914911 ], [ 109.736986620117861, -7.227983980914911 ], [ 109.736986620117861, -7.227714487562414 ], [ 109.735639153355365, -7.227714487562414 ], [ 109.735639153355365, -7.227444994209916 ], [ 109.734022193240392, -7.227444994209916 ], [ 109.734022193240392, -7.227175500857419 ], [ 109.732944219830401, -7.227175500857419 ], [ 109.732944219830401, -7.226906007504922 ], [ 109.732405233125405, -7.226906007504922 ], [ 109.732405233125405, -7.226636514152425 ], [ 109.73186624642041, -7.226636514152425 ], [ 109.73186624642041, -7.226367020799927 ], [ 109.731327259715414, -7.226367020799927 ], [ 109.731327259715414, -7.22609752744743 ], [ 109.730788273010418, -7.22609752744743 ], [ 109.730788273010418, -7.225828034094933 ], [ 109.730249286305423, -7.225828034094933 ], [ 109.730249286305423, -7.225558540742435 ], [ 109.729710299600427, -7.225558540742435 ], [ 109.729710299600427, -7.225289047389938 ], [ 109.729171312895431, -7.225289047389938 ], [ 109.729171312895431, -7.22501955403744 ], [ 109.728632326190436, -7.22501955403744 ], [ 109.728632326190436, -7.224750060684944 ], [ 109.72809333948544, -7.224750060684944 ], [ 109.72809333948544, -7.224480567332446 ], [ 109.724320432550485, -7.224480567332446 ] ] ] } },
{ "type": "Feature", "properties": { "fid": 3, "DN": 2, "Keterangan": "Sedang" }, "geometry": { "type": "Polygon", "coordinates": [ [ [ 109.701952484293201, -7.358688256876104 ], [ 109.701952484293201, -7.358957750228601 ], [ 109.702221977645706, -7.358957750228601 ], [ 109.702221977645706, -7.358688256876104 ], [ 109.701952484293201, -7.358688256876104 ] ] ] } },
{ "type": "Feature", "properties": { "fid": 4, "DN": 2, "Keterangan": "Sedang" }, "geometry": { "type": "Polygon", "coordinates": [ [ [ 109.702221977645706, -7.358957750228601 ], [ 109.702221977645706, -7.359496736933596 ], [ 109.702491470998197, -7.359496736933596 ], [ 109.702491470998197, -7.358957750228601 ], [ 109.702221977645706, -7.358957750228601 ] ] ] } },
{ "type": "Feature", "properties": { "fid": 5, "DN": 2, "Keterangan": "Sedang" }, "geometry": { "type": "Polygon", "coordinates": [ [ [ 109.68227946956091, -7.352220416416169 ], [ 109.68227946956091, -7.352489909768666 ], [ 109.680662509445924, -7.352489909768666 ], [ 109.680662509445924, -7.352759403121163 ], [ 109.679584536035932, -7.352759403121163 ], [ 109.679584536035932, -7.353028896473661 ], [ 109.679315042683427, -7.353028896473661 ], [ 109.679315042683427, -7.353298389826158 ], [ 109.679045549330937, -7.353298389826158 ], [ 109.679045549330937, -7.353567883178656 ], [ 109.678506562625941, -7.353567883178656 ], [ 109.678506562625941, -7.353837376531152 ], [ 109.67823706927345, -7.353837376531152 ], [ 109.67823706927345, -7.354106869883649 ], [ 109.677967575920945, -7.354106869883649 ], [ 109.677967575920945, -7.354376363236147 ], [ 109.67742858921595, -7.354376363236147 ], [ 109.67742858921595, -7.354645856588644 ], [ 109.677159095863459, -7.354645856588644 ], [ 109.677159095863459, -7.354915349941142 ], [ 109.676889602510954, -7.354915349941142 ], [ 109.676889602510954, -7.355184843293639 ], [ 109.676350615805958, -7.355184843293639 ], [ 109.676350615805958, -7.355454336646137 ], [ 109.675811629100963, -7.355454336646137 ], [ 109.675811629100963, -7.355723829998634 ], [ 109.675003149043476, -7.355723829998634 ], [ 109.675003149043476, -7.355993323351131 ], [ 109.67419466898599, -7.355993323351131 ], [ 109.67419466898599, -7.356262816703628 ], [ 109.673655682280994, -7.356262816703628 ], [ 109.673655682280994, -7.356532310056125 ], [ 109.672847202223494, -7.356532310056125 ], [ 109.672847202223494, -7.356801803408623 ], [ 109.670691255403526, -7.356801803408623 ], [ 109.670691255403526, -7.35707129676112 ], [ 109.666648855116065, -7.35707129676112 ], [ 109.666648855116065, -7.357340790113618 ], [ 109.664762401648574, -7.357340790113618 ], [ 109.664762401648574, -7.357610283466115 ], [ 109.664223414943578, -7.357610283466115 ], [ 109.664223414943578, -7.357879776818612 ], [ 109.663684428238597, -7.357879776818612 ], [ 109.663684428238597, -7.35814927017111 ], [ 109.663145441533601, -7.35814927017111 ], [ 109.663145441533601, -7.358418763523606 ], [ 109.6623369614761, -7.358418763523606 ], [ 109.6623369614761, -7.358688256876104 ], [ 109.661797974771105, -7.358688256876104 ], [ 109.661797974771105, -7.358957750228601 ], [ 109.661258988066109, -7.358957750228601 ], [ 109.661258988066109, -7.359227243581099 ], [ 109.660720001361113, -7.359227243581099 ], [ 109.660720001361113, -7.359496736933596 ], [ 109.659911521303627, -7.359496736933596 ], [ 109.659911521303627, -7.359766230286093 ], [ 109.659372534598631, -7.359766230286093 ], [ 109.659372534598631, -7.360035723638591 ], [ 109.658833547893636, -7.360035723638591 ], [ 109.658833547893636, -7.360305216991088 ], [ 109.65829456118864, -7.360305216991088 ], [ 109.65829456118864, -7.360574710343585 ], [ 109.657486081131154, -7.360574710343585 ], [ 109.657486081131154, -7.360844203696082 ], [ 109.656947094426158, -7.360844203696082 ], [ 109.656947094426158, -7.361113697048579 ], [ 109.656408107721163, -7.361113697048579 ], [ 109.656408107721163, -7.361383190401077 ], [ 109.655869121016167, -7.361383190401077 ], [ 109.655869121016167, -7.361652683753574 ], [ 109.655330134311171, -7.361652683753574 ], [ 109.655330134311171, -7.361383190401077 ], [ 109.654521654253685, -7.361383190401077 ], [ 109.654521654253685, -7.361113697048579 ], [ 109.653982667548689, -7.361113697048579 ], [ 109.653982667548689, -7.360844203696082 ], [ 109.653443680843694, -7.360844203696082 ], [ 109.653443680843694, -7.360574710343585 ], [ 109.652904694138698, -7.360574710343585 ], [ 109.652904694138698, -7.360305216991088 ], [ 109.652365707433702, -7.360305216991088 ], [ 109.652365707433702, -7.359766230286093 ], [ 109.651826720728707, -7.359766230286093 ], [ 109.651826720728707, -7.358957750228601 ], [ 109.651557227376216, -7.358957750228601 ], [ 109.651557227376216, -7.358418763523606 ], [ 109.651287734023711, -7.358418763523606 ], [ 109.651287734023711, -7.357610283466115 ], [ 109.65101824067122, -7.357610283466115 ], [ 109.65101824067122, -7.35707129676112 ], [ 109.650748747318715, -7.35707129676112 ], [ 109.650748747318715, -7.356262816703628 ], [ 109.650479253966225, -7.356262816703628 ], [ 109.650479253966225, -7.355723829998634 ], [ 109.65020976061372, -7.355723829998634 ], [ 109.65020976061372, -7.355184843293639 ], [ 109.649940267261229, -7.355184843293639 ], [ 109.649940267261229, -7.354915349941142 ], [ 109.649670773908724, -7.354915349941142 ], [ 109.649670773908724, -7.354645856588644 ], [ 109.649401280556233, -7.354645856588644 ], [ 109.649401280556233, -7.354376363236147 ], [ 109.649131787203729, -7.354376363236147 ], [ 109.649131787203729, -7.353837376531152 ], [ 109.648862293851238, -7.353837376531152 ], [ 109.648862293851238, -7.353567883178656 ], [ 109.648592800498747, -7.353567883178656 ], [ 109.648592800498747, -7.353298389826158 ], [ 109.643741920153786, -7.353298389826158 ], [ 109.643741920153786, -7.353567883178656 ], [ 109.641585973333804, -7.353567883178656 ], [ 109.641585973333804, -7.353837376531152 ], [ 109.641316479981313, -7.353837376531152 ], [ 109.641316479981313, -7.354106869883649 ], [ 109.640777493276318, -7.354106869883649 ], [ 109.640777493276318, -7.354376363236147 ], [ 109.640238506571322, -7.354376363236147 ], [ 109.640238506571322, -7.354645856588644 ], [ 109.639699519866326, -7.354645856588644 ], [ 109.639699519866326, -7.354915349941142 ], [ 109.639430026513836, -7.354915349941142 ], [ 109.639430026513836, -7.355184843293639 ], [ 109.63889103980884, -7.355184843293639 ], [ 109.63889103980884, -7.355454336646137 ], [ 109.638352053103844, -7.355454336646137 ], [ 109.638352053103844, -7.355723829998634 ], [ 109.637813066398849, -7.355723829998634 ], [ 109.637813066398849, -7.355993323351131 ], [ 109.637543573046358, -7.355993323351131 ], [ 109.637543573046358, -7.356262816703628 ], [ 109.637004586341362, -7.356262816703628 ], [ 109.637004586341362, -7.356532310056125 ], [ 109.636735092988857, -7.356532310056125 ], [ 109.636735092988857, -7.356801803408623 ], [ 109.636196106283862, -7.356801803408623 ], [ 109.636196106283862, -7.35707129676112 ], [ 109.635926612931371, -7.35707129676112 ], [ 109.635926612931371, -7.357340790113618 ], [ 109.635387626226375, -7.357340790113618 ], [ 109.635387626226375, -7.357610283466115 ], [ 109.63511813287387, -7.357610283466115 ], [ 109.63511813287387, -7.357879776818612 ], [ 109.634579146168875, -7.357879776818612 ], [ 109.634579146168875, -7.35814927017111 ], [ 109.634040159463879, -7.35814927017111 ], [ 109.634040159463879, -7.358418763523606 ], [ 109.633770666111388, -7.358418763523606 ], [ 109.633770666111388, -7.358688256876104 ], [ 109.633231679406393, -7.358688256876104 ], [ 109.633231679406393, -7.358957750228601 ], [ 109.632962186053902, -7.358957750228601 ], [ 109.632962186053902, -7.359227243581099 ], [ 109.632423199348906, -7.359227243581099 ], [ 109.632423199348906, -7.359496736933596 ], [ 109.632153705996402, -7.359496736933596 ], [ 109.632153705996402, -7.359766230286093 ], [ 109.631614719291406, -7.359766230286093 ], [ 109.631614719291406, -7.360035723638591 ], [ 109.63107573258641, -7.360035723638591 ], [ 109.63107573258641, -7.360305216991088 ], [ 109.630536745881415, -7.360305216991088 ], [ 109.630536745881415, -7.360574710343585 ], [ 109.629997759176433, -7.360574710343585 ], [ 109.629997759176433, -7.360844203696082 ], [ 109.629458772471438, -7.360844203696082 ], [ 109.629458772471438, -7.361113697048579 ], [ 109.628919785766442, -7.361113697048579 ], [ 109.628919785766442, -7.361383190401077 ], [ 109.628380799061446, -7.361383190401077 ], [ 109.628380799061446, -7.361652683753574 ], [ 109.627841812356451, -7.361652683753574 ], [ 109.627841812356451, -7.361922177106072 ], [ 109.627302825651455, -7.361922177106072 ], [ 109.627302825651455, -7.362191670458569 ], [ 109.626494345593954, -7.362191670458569 ], [ 109.626494345593954, -7.362461163811067 ], [ 109.625955358888973, -7.362461163811067 ], [ 109.625955358888973, -7.362730657163564 ], [ 109.625416372183977, -7.362730657163564 ], [ 109.625416372183977, -7.36300015051606 ], [ 109.624877385478982, -7.36300015051606 ], [ 109.624877385478982, -7.363269643868558 ], [ 109.624338398773986, -7.363269643868558 ], [ 109.624338398773986, -7.363539137221055 ], [ 109.62379941206899, -7.363539137221055 ], [ 109.62379941206899, -7.363808630573553 ], [ 109.62299093201149, -7.363808630573553 ], [ 109.62299093201149, -7.36407812392605 ], [ 109.621912958601513, -7.36407812392605 ], [ 109.621912958601513, -7.364347617278548 ], [ 109.620834985191522, -7.364347617278548 ], [ 109.620834985191522, -7.364617110631045 ], [ 109.61975701178153, -7.364617110631045 ], [ 109.61975701178153, -7.364886603983542 ], [ 109.618679038371539, -7.364886603983542 ], [ 109.618679038371539, -7.365156097336039 ], [ 109.617601064961548, -7.365156097336039 ], [ 109.617601064961548, -7.365425590688536 ], [ 109.616523091551556, -7.365425590688536 ], [ 109.616523091551556, -7.365695084041034 ], [ 109.615175624789075, -7.365695084041034 ], [ 109.615175624789075, -7.365964577393531 ], [ 109.614097651379083, -7.365964577393531 ], [ 109.614097651379083, -7.366234070746028 ], [ 109.613019677969092, -7.366234070746028 ], [ 109.613019677969092, -7.366503564098526 ], [ 109.611941704559101, -7.366503564098526 ], [ 109.611941704559101, -7.366773057451023 ], [ 109.611133224501614, -7.366773057451023 ], [ 109.611133224501614, -7.367042550803521 ], [ 109.610324744444128, -7.367042550803521 ], [ 109.610324744444128, -7.367312044156018 ], [ 109.609516264386627, -7.367312044156018 ], [ 109.609516264386627, -7.367581537508515 ], [ 109.608707784329141, -7.367581537508515 ], [ 109.608707784329141, -7.367851030861012 ], [ 109.607899304271641, -7.367851030861012 ], [ 109.607899304271641, -7.368120524213509 ], [ 109.607360317566659, -7.368120524213509 ], [ 109.607360317566659, -7.368390017566007 ], [ 109.606551837509159, -7.368390017566007 ], [ 109.606551837509159, -7.368659510918504 ], [ 109.605743357451672, -7.368659510918504 ], [ 109.605743357451672, -7.368929004271002 ], [ 109.605204370746677, -7.368929004271002 ], [ 109.605204370746677, -7.369198497623499 ], [ 109.604395890689176, -7.369198497623499 ], [ 109.604395890689176, -7.369467990975997 ], [ 109.603856903984195, -7.369467990975997 ], [ 109.603856903984195, -7.369737484328494 ], [ 109.603048423926694, -7.369737484328494 ], [ 109.603048423926694, -7.37000697768099 ], [ 109.602509437221698, -7.37000697768099 ], [ 109.602509437221698, -7.370276471033488 ], [ 109.601700957164212, -7.370276471033488 ], [ 109.601700957164212, -7.370545964385985 ], [ 109.601161970459216, -7.370545964385985 ], [ 109.601161970459216, -7.370815457738483 ], [ 109.600353490401716, -7.370815457738483 ], [ 109.600353490401716, -7.37108495109098 ], [ 109.599814503696734, -7.37108495109098 ], [ 109.599814503696734, -7.371354444443478 ], [ 109.599275516991739, -7.371354444443478 ], [ 109.599275516991739, -7.371623937795975 ], [ 109.598467036934238, -7.371623937795975 ], [ 109.598467036934238, -7.371893431148472 ], [ 109.598197543581747, -7.371893431148472 ], [ 109.598197543581747, -7.372701911205964 ], [ 109.597928050229243, -7.372701911205964 ], [ 109.597928050229243, -7.372971404558461 ], [ 109.597658556876752, -7.372971404558461 ], [ 109.597658556876752, -7.373240897910958 ], [ 109.597389063524247, -7.373240897910958 ], [ 109.597389063524247, -7.373779884615953 ], [ 109.597119570171756, -7.373779884615953 ], [ 109.597119570171756, -7.374049377968451 ], [ 109.596850076819251, -7.374049377968451 ], [ 109.596850076819251, -7.374318871320948 ], [ 109.596580583466761, -7.374318871320948 ], [ 109.596580583466761, -7.374588364673445 ], [ 109.59631109011427, -7.374588364673445 ], [ 109.59631109011427, -7.374857858025942 ], [ 109.596041596761765, -7.374857858025942 ], [ 109.596041596761765, -7.375396844730937 ], [ 109.595772103409274, -7.375396844730937 ], [ 109.595772103409274, -7.375666338083434 ], [ 109.595502610056769, -7.375666338083434 ], [ 109.595502610056769, -7.375935831435932 ], [ 109.595233116704279, -7.375935831435932 ], [ 109.595233116704279, -7.37701380484592 ], [ 109.594963623351774, -7.37701380484592 ], [ 109.594963623351774, -7.379439245018396 ], [ 109.594694129999283, -7.379439245018396 ], [ 109.594694129999283, -7.380786711780883 ], [ 109.594424636646778, -7.380786711780883 ], [ 109.594424636646778, -7.381595191838375 ], [ 109.594155143294287, -7.381595191838375 ], [ 109.594155143294287, -7.382134178543369 ], [ 109.593885649941782, -7.382134178543369 ], [ 109.593885649941782, -7.382673165248364 ], [ 109.593616156589292, -7.382673165248364 ], [ 109.593616156589292, -7.383212151953359 ], [ 109.593346663236787, -7.383212151953359 ], [ 109.593346663236787, -7.38402063201085 ], [ 109.593077169884296, -7.38402063201085 ], [ 109.593077169884296, -7.384559618715845 ], [ 109.592807676531805, -7.384559618715845 ], [ 109.592807676531805, -7.38509860542084 ], [ 109.5925381831793, -7.38509860542084 ], [ 109.5925381831793, -7.385637592125835 ], [ 109.591999196474305, -7.385637592125835 ], [ 109.591999196474305, -7.385907085478332 ], [ 109.591460209769309, -7.385907085478332 ], [ 109.591460209769309, -7.386176578830829 ], [ 109.590921223064313, -7.386176578830829 ], [ 109.590921223064313, -7.386446072183326 ], [ 109.590651729711823, -7.386446072183326 ], [ 109.590651729711823, -7.386715565535824 ], [ 109.590112743006827, -7.386715565535824 ], [ 109.590112743006827, -7.386985058888321 ], [ 109.589573756301832, -7.386985058888321 ], [ 109.589573756301832, -7.387254552240818 ], [ 109.589034769596836, -7.387254552240818 ], [ 109.589034769596836, -7.387524045593316 ], [ 109.588765276244345, -7.387524045593316 ], [ 109.588765276244345, -7.387793538945813 ], [ 109.58849578289184, -7.387793538945813 ], [ 109.58849578289184, -7.388332525650807 ], [ 109.58822628953935, -7.388332525650807 ], [ 109.58822628953935, -7.388871512355802 ], [ 109.587956796186845, -7.388871512355802 ], [ 109.587956796186845, -7.389410499060797 ], [ 109.587687302834354, -7.389410499060797 ], [ 109.587687302834354, -7.389679992413294 ], [ 109.587417809481849, -7.389679992413294 ], [ 109.587417809481849, -7.389949485765792 ], [ 109.587148316129358, -7.389949485765792 ], [ 109.587148316129358, -7.390218979118289 ], [ 109.586878822776853, -7.390218979118289 ], [ 109.586878822776853, -7.390488472470786 ], [ 109.586609329424363, -7.390488472470786 ], [ 109.586609329424363, -7.39102745917578 ], [ 109.586339836071858, -7.39102745917578 ], [ 109.586339836071858, -7.391296952528278 ], [ 109.586070342719367, -7.391296952528278 ], [ 109.586070342719367, -7.391566445880775 ], [ 109.585800849366862, -7.391566445880775 ], [ 109.585800849366862, -7.391835939233273 ], [ 109.584992369309376, -7.391835939233273 ], [ 109.584992369309376, -7.391566445880775 ], [ 109.58445338260438, -7.391566445880775 ], [ 109.58445338260438, -7.391296952528278 ], [ 109.583914395899384, -7.391296952528278 ], [ 109.583914395899384, -7.39102745917578 ], [ 109.583105915841898, -7.39102745917578 ], [ 109.583105915841898, -7.390757965823283 ], [ 109.582566929136902, -7.390757965823283 ], [ 109.582566929136902, -7.390488472470786 ], [ 109.582027942431907, -7.390488472470786 ], [ 109.582027942431907, -7.390218979118289 ], [ 109.581488955726911, -7.390218979118289 ], [ 109.581488955726911, -7.389949485765792 ], [ 109.580949969021916, -7.389949485765792 ], [ 109.580949969021916, -7.389679992413294 ], [ 109.580141488964429, -7.389679992413294 ], [ 109.580141488964429, -7.389410499060797 ], [ 109.577446555439451, -7.389410499060797 ], [ 109.577446555439451, -7.389141005708299 ], [ 109.573943141856986, -7.389141005708299 ], [ 109.573943141856986, -7.389410499060797 ], [ 109.5731346617995, -7.389410499060797 ], [ 109.5731346617995, -7.389679992413294 ], [ 109.572326181742, -7.389679992413294 ], [ 109.572326181742, -7.389949485765792 ], [ 109.571517701684513, -7.389949485765792 ], [ 109.571517701684513, -7.390218979118289 ], [ 109.570709221627013, -7.390218979118289 ], [ 109.570709221627013, -7.390488472470786 ], [ 109.570170234922031, -7.390488472470786 ], [ 109.570170234922031, -7.390757965823283 ], [ 109.569361754864531, -7.390757965823283 ], [ 109.569361754864531, -7.39102745917578 ], [ 109.568553274807044, -7.39102745917578 ], [ 109.568553274807044, -7.391296952528278 ], [ 109.567744794749544, -7.391296952528278 ], [ 109.567744794749544, -7.391566445880775 ], [ 109.566936314692057, -7.391566445880775 ], [ 109.566936314692057, -7.391835939233273 ], [ 109.566127834634571, -7.391835939233273 ], [ 109.566127834634571, -7.39210543258577 ], [ 109.565588847929575, -7.39210543258577 ], [ 109.565588847929575, -7.392374925938267 ], [ 109.564780367872075, -7.392374925938267 ], [ 109.564780367872075, -7.392644419290765 ], [ 109.563971887814589, -7.392644419290765 ], [ 109.563971887814589, -7.392913912643261 ], [ 109.563163407757088, -7.392913912643261 ], [ 109.563163407757088, -7.393183405995759 ], [ 109.562893914404597, -7.393183405995759 ], [ 109.562893914404597, -7.393452899348256 ], [ 109.562624421052107, -7.393452899348256 ], [ 109.562624421052107, -7.393722392700754 ], [ 109.562354927699602, -7.393722392700754 ], [ 109.562354927699602, -7.393991886053251 ], [ 109.561815940994606, -7.393991886053251 ], [ 109.561815940994606, -7.394261379405748 ], [ 109.561546447642115, -7.394261379405748 ], [ 109.561546447642115, -7.394530872758246 ], [ 109.56127695428961, -7.394530872758246 ], [ 109.56127695428961, -7.394800366110743 ], [ 109.56100746093712, -7.394800366110743 ], [ 109.56100746093712, -7.39506985946324 ], [ 109.560737967584615, -7.39506985946324 ], [ 109.560737967584615, -7.395339352815737 ], [ 109.560198980879619, -7.395339352815737 ], [ 109.560198980879619, -7.395608846168235 ], [ 109.559929487527128, -7.395608846168235 ], [ 109.559929487527128, -7.395878339520732 ], [ 109.559659994174623, -7.395878339520732 ], [ 109.559659994174623, -7.396147832873229 ], [ 109.559390500822133, -7.396147832873229 ], [ 109.559390500822133, -7.396417326225727 ], [ 109.558851514117137, -7.396417326225727 ], [ 109.558851514117137, -7.396686819578224 ], [ 109.559121007469642, -7.396686819578224 ], [ 109.559121007469642, -7.397495299635716 ], [ 109.559390500822133, -7.397495299635716 ], [ 109.559390500822133, -7.39803428634071 ], [ 109.559659994174623, -7.39803428634071 ], [ 109.559659994174623, -7.398842766398203 ], [ 109.559929487527128, -7.398842766398203 ], [ 109.559929487527128, -7.399381753103197 ], [ 109.560198980879619, -7.399381753103197 ], [ 109.560198980879619, -7.399920739808191 ], [ 109.560468474232124, -7.399920739808191 ], [ 109.560468474232124, -7.400459726513186 ], [ 109.560737967584615, -7.400459726513186 ], [ 109.560737967584615, -7.400729219865684 ], [ 109.56100746093712, -7.400729219865684 ], [ 109.56100746093712, -7.400998713218181 ], [ 109.561546447642115, -7.400998713218181 ], [ 109.561546447642115, -7.401268206570678 ], [ 109.562085434347111, -7.401268206570678 ], [ 109.562085434347111, -7.401537699923176 ], [ 109.562624421052107, -7.401537699923176 ], [ 109.562624421052107, -7.401807193275673 ], [ 109.562893914404597, -7.401807193275673 ], [ 109.562893914404597, -7.40207668662817 ], [ 109.563432901109593, -7.40207668662817 ], [ 109.563432901109593, -7.402346179980667 ], [ 109.563971887814589, -7.402346179980667 ], [ 109.563971887814589, -7.402615673333164 ], [ 109.564510874519584, -7.402615673333164 ], [ 109.564510874519584, -7.402885166685662 ], [ 109.564780367872075, -7.402885166685662 ], [ 109.564780367872075, -7.403154660038159 ], [ 109.56531935457707, -7.403154660038159 ], [ 109.56531935457707, -7.403424153390657 ], [ 109.568014288102049, -7.403424153390657 ], [ 109.568014288102049, -7.403693646743154 ], [ 109.570709221627013, -7.403693646743154 ], [ 109.570709221627013, -7.403963140095652 ], [ 109.573673648504496, -7.403963140095652 ], [ 109.573673648504496, -7.403693646743154 ], [ 109.575021115266978, -7.403693646743154 ], [ 109.575021115266978, -7.403424153390657 ], [ 109.576099088676969, -7.403424153390657 ], [ 109.576099088676969, -7.403154660038159 ], [ 109.57717706208696, -7.403154660038159 ], [ 109.57717706208696, -7.402885166685662 ], [ 109.578255035496937, -7.402885166685662 ], [ 109.578255035496937, -7.402615673333164 ], [ 109.579333008906929, -7.402615673333164 ], [ 109.579333008906929, -7.402346179980667 ], [ 109.58041098231692, -7.402346179980667 ], [ 109.58041098231692, -7.40207668662817 ], [ 109.581488955726911, -7.40207668662817 ], [ 109.581488955726911, -7.401807193275673 ], [ 109.582027942431907, -7.401807193275673 ], [ 109.582027942431907, -7.401537699923176 ], [ 109.582566929136902, -7.401537699923176 ], [ 109.582566929136902, -7.401268206570678 ], [ 109.583105915841898, -7.401268206570678 ], [ 109.583105915841898, -7.400998713218181 ], [ 109.583375409194389, -7.400998713218181 ], [ 109.583375409194389, -7.400729219865684 ], [ 109.583914395899384, -7.400729219865684 ], [ 109.583914395899384, -7.400459726513186 ], [ 109.58445338260438, -7.400459726513186 ], [ 109.58445338260438, -7.400190233160689 ], [ 109.584992369309376, -7.400190233160689 ], [ 109.584992369309376, -7.399920739808191 ], [ 109.585531356014371, -7.399920739808191 ], [ 109.585531356014371, -7.399651246455694 ], [ 109.585800849366862, -7.399651246455694 ], [ 109.585800849366862, -7.399381753103197 ], [ 109.586339836071858, -7.399381753103197 ], [ 109.586339836071858, -7.3991122597507 ], [ 109.587417809481849, -7.3991122597507 ], [ 109.587417809481849, -7.398842766398203 ], [ 109.587956796186845, -7.398842766398203 ], [ 109.587956796186845, -7.398573273045705 ], [ 109.58849578289184, -7.398573273045705 ], [ 109.58849578289184, -7.398303779693208 ], [ 109.588765276244345, -7.398303779693208 ], [ 109.588765276244345, -7.39803428634071 ], [ 109.589304262949327, -7.39803428634071 ], [ 109.589304262949327, -7.397764792988213 ], [ 109.589843249654322, -7.397764792988213 ], [ 109.589843249654322, -7.397495299635716 ], [ 109.590382236359318, -7.397495299635716 ], [ 109.590382236359318, -7.397225806283219 ], [ 109.590921223064313, -7.397225806283219 ], [ 109.590921223064313, -7.396956312930722 ], [ 109.591460209769309, -7.396956312930722 ], [ 109.591460209769309, -7.396686819578224 ], [ 109.591999196474305, -7.396686819578224 ], [ 109.591999196474305, -7.396417326225727 ], [ 109.5925381831793, -7.396417326225727 ], [ 109.5925381831793, -7.396147832873229 ], [ 109.593077169884296, -7.396147832873229 ], [ 109.593077169884296, -7.395878339520732 ], [ 109.593616156589292, -7.395878339520732 ], [ 109.593616156589292, -7.395608846168235 ], [ 109.594155143294287, -7.395608846168235 ], [ 109.594155143294287, -7.395339352815737 ], [ 109.594694129999283, -7.395339352815737 ], [ 109.594694129999283, -7.39506985946324 ], [ 109.595233116704279, -7.39506985946324 ], [ 109.595233116704279, -7.394800366110743 ], [ 109.595772103409274, -7.394800366110743 ], [ 109.595772103409274, -7.394530872758246 ], [ 109.59631109011427, -7.394530872758246 ], [ 109.59631109011427, -7.394261379405748 ], [ 109.596850076819251, -7.394261379405748 ], [ 109.596850076819251, -7.393991886053251 ], [ 109.597119570171756, -7.393991886053251 ], [ 109.597119570171756, -7.39506985946324 ], [ 109.597389063524247, -7.39506985946324 ], [ 109.597389063524247, -7.396686819578224 ], [ 109.597658556876752, -7.396686819578224 ], [ 109.597658556876752, -7.398303779693208 ], [ 109.597928050229243, -7.398303779693208 ], [ 109.597928050229243, -7.398573273045705 ], [ 109.597658556876752, -7.398573273045705 ], [ 109.597658556876752, -7.3991122597507 ], [ 109.597119570171756, -7.3991122597507 ], [ 109.597119570171756, -7.399651246455694 ], [ 109.596850076819251, -7.399651246455694 ], [ 109.596850076819251, -7.400190233160689 ], [ 109.596580583466761, -7.400190233160689 ], [ 109.596580583466761, -7.400459726513186 ], [ 109.59631109011427, -7.400459726513186 ], [ 109.59631109011427, -7.400998713218181 ], [ 109.596041596761765, -7.400998713218181 ], [ 109.596041596761765, -7.401537699923176 ], [ 109.595772103409274, -7.401537699923176 ], [ 109.595772103409274, -7.401807193275673 ], [ 109.595233116704279, -7.401807193275673 ], [ 109.595233116704279, -7.40207668662817 ], [ 109.594963623351774, -7.40207668662817 ], [ 109.594963623351774, -7.402346179980667 ], [ 109.594424636646778, -7.402346179980667 ], [ 109.594424636646778, -7.402615673333164 ], [ 109.594155143294287, -7.402615673333164 ], [ 109.594155143294287, -7.402885166685662 ], [ 109.593616156589292, -7.402885166685662 ], [ 109.593616156589292, -7.403154660038159 ], [ 109.593346663236787, -7.403154660038159 ], [ 109.593346663236787, -7.403424153390657 ], [ 109.592807676531805, -7.403424153390657 ], [ 109.592807676531805, -7.403693646743154 ], [ 109.5925381831793, -7.403693646743154 ], [ 109.5925381831793, -7.403963140095652 ], [ 109.59226868982681, -7.403963140095652 ], [ 109.59226868982681, -7.404232633448149 ], [ 109.591729703121814, -7.404232633448149 ], [ 109.591729703121814, -7.404502126800645 ], [ 109.591460209769309, -7.404502126800645 ], [ 109.591460209769309, -7.404771620153143 ], [ 109.590921223064313, -7.404771620153143 ], [ 109.590921223064313, -7.40504111350564 ], [ 109.590382236359318, -7.40504111350564 ], [ 109.590382236359318, -7.405310606858138 ], [ 109.589843249654322, -7.405310606858138 ], [ 109.589843249654322, -7.405580100210635 ], [ 109.589304262949327, -7.405580100210635 ], [ 109.589304262949327, -7.405849593563133 ], [ 109.588765276244345, -7.405849593563133 ], [ 109.588765276244345, -7.40611908691563 ], [ 109.587687302834354, -7.40611908691563 ], [ 109.587687302834354, -7.406388580268127 ], [ 109.586339836071858, -7.406388580268127 ], [ 109.586339836071858, -7.406658073620624 ], [ 109.584992369309376, -7.406658073620624 ], [ 109.584992369309376, -7.406927566973121 ], [ 109.584722875956885, -7.406927566973121 ], [ 109.584722875956885, -7.407197060325619 ], [ 109.584183889251889, -7.407197060325619 ], [ 109.584183889251889, -7.407466553678116 ], [ 109.583644902546894, -7.407466553678116 ], [ 109.583644902546894, -7.407736047030614 ], [ 109.583105915841898, -7.407736047030614 ], [ 109.583105915841898, -7.408005540383111 ], [ 109.582566929136902, -7.408005540383111 ], [ 109.582566929136902, -7.408275033735608 ], [ 109.582027942431907, -7.408275033735608 ], [ 109.582027942431907, -7.408544527088106 ], [ 109.581758449079402, -7.408544527088106 ], [ 109.581758449079402, -7.408814020440603 ], [ 109.58121946237442, -7.408814020440603 ], [ 109.58121946237442, -7.4090835137931 ], [ 109.580680475669425, -7.4090835137931 ], [ 109.580680475669425, -7.409353007145597 ], [ 109.580141488964429, -7.409353007145597 ], [ 109.580141488964429, -7.409622500498094 ], [ 109.579871995611924, -7.409622500498094 ], [ 109.579871995611924, -7.409891993850592 ], [ 109.576638075381965, -7.409891993850592 ], [ 109.576638075381965, -7.410161487203089 ], [ 109.57636858202946, -7.410161487203089 ], [ 109.57636858202946, -7.410430980555587 ], [ 109.575829595324464, -7.410430980555587 ], [ 109.575829595324464, -7.410700473908084 ], [ 109.575290608619468, -7.410700473908084 ], [ 109.575290608619468, -7.410969967260582 ], [ 109.574751621914473, -7.410969967260582 ], [ 109.574751621914473, -7.411239460613078 ], [ 109.574482128561982, -7.411239460613078 ], [ 109.574482128561982, -7.411508953965575 ], [ 109.573943141856986, -7.411508953965575 ], [ 109.573943141856986, -7.411778447318073 ], [ 109.573673648504496, -7.411778447318073 ], [ 109.573673648504496, -7.41204794067057 ], [ 109.5731346617995, -7.41204794067057 ], [ 109.5731346617995, -7.412317434023068 ], [ 109.572865168446995, -7.412317434023068 ], [ 109.572865168446995, -7.412586927375565 ], [ 109.572595675094504, -7.412586927375565 ], [ 109.572595675094504, -7.412856420728062 ], [ 109.572326181742, -7.412856420728062 ], [ 109.572326181742, -7.41312591408056 ], [ 109.572056688389509, -7.41312591408056 ], [ 109.572056688389509, -7.413395407433057 ], [ 109.571787195037004, -7.413395407433057 ], [ 109.571787195037004, -7.413664900785554 ], [ 109.571517701684513, -7.413664900785554 ], [ 109.571517701684513, -7.413934394138051 ], [ 109.571248208332008, -7.413934394138051 ], [ 109.571248208332008, -7.414203887490549 ], [ 109.570978714979518, -7.414203887490549 ], [ 109.570978714979518, -7.414473380843046 ], [ 109.570439728274522, -7.414473380843046 ], [ 109.570439728274522, -7.414742874195543 ], [ 109.570170234922031, -7.414742874195543 ], [ 109.570170234922031, -7.415012367548041 ], [ 109.569900741569526, -7.415012367548041 ], [ 109.569900741569526, -7.415281860900538 ], [ 109.569631248217036, -7.415281860900538 ], [ 109.569631248217036, -7.415551354253036 ], [ 109.569361754864531, -7.415551354253036 ], [ 109.569361754864531, -7.415820847605533 ], [ 109.568822768159535, -7.415820847605533 ], [ 109.568822768159535, -7.41609034095803 ], [ 109.568553274807044, -7.41609034095803 ], [ 109.568553274807044, -7.416359834310527 ], [ 109.568283781454539, -7.416359834310527 ], [ 109.568283781454539, -7.416629327663024 ], [ 109.568014288102049, -7.416629327663024 ], [ 109.568014288102049, -7.416898821015522 ], [ 109.567744794749544, -7.416898821015522 ], [ 109.567744794749544, -7.417168314368019 ], [ 109.567205808044548, -7.417168314368019 ], [ 109.567205808044548, -7.417437807720517 ], [ 109.566936314692057, -7.417437807720517 ], [ 109.566936314692057, -7.417707301073014 ], [ 109.566666821339567, -7.417707301073014 ], [ 109.566666821339567, -7.417976794425511 ], [ 109.566397327987062, -7.417976794425511 ], [ 109.566397327987062, -7.418246287778008 ], [ 109.566127834634571, -7.418246287778008 ], [ 109.566127834634571, -7.418515781130505 ], [ 109.565588847929575, -7.418515781130505 ], [ 109.565588847929575, -7.418785274483003 ], [ 109.56531935457707, -7.418785274483003 ], [ 109.56531935457707, -7.4190547678355 ], [ 109.56504986122458, -7.4190547678355 ], [ 109.56504986122458, -7.419324261187998 ], [ 109.564780367872075, -7.419324261187998 ], [ 109.564780367872075, -7.419593754540495 ], [ 109.564241381167079, -7.419593754540495 ], [ 109.564241381167079, -7.419863247892993 ], [ 109.562624421052107, -7.419863247892993 ], [ 109.562624421052107, -7.42013274124549 ], [ 109.56100746093712, -7.42013274124549 ], [ 109.56100746093712, -7.420402234597987 ], [ 109.559390500822133, -7.420402234597987 ], [ 109.559390500822133, -7.420671727950484 ], [ 109.554809113829677, -7.420671727950484 ], [ 109.554809113829677, -7.420402234597987 ], [ 109.54914975342723, -7.420402234597987 ], [ 109.54914975342723, -7.42013274124549 ], [ 109.545376846492275, -7.42013274124549 ], [ 109.545376846492275, -7.419863247892993 ], [ 109.541603939557305, -7.419863247892993 ], [ 109.541603939557305, -7.419593754540495 ], [ 109.540256472794823, -7.419593754540495 ], [ 109.540256472794823, -7.419324261187998 ], [ 109.539447992737337, -7.419324261187998 ], [ 109.539447992737337, -7.4190547678355 ], [ 109.538909006032341, -7.4190547678355 ], [ 109.538909006032341, -7.418785274483003 ], [ 109.538100525974841, -7.418785274483003 ], [ 109.538100525974841, -7.418515781130505 ], [ 109.537292045917354, -7.418515781130505 ], [ 109.537292045917354, -7.418246287778008 ], [ 109.536483565859868, -7.418246287778008 ], [ 109.536483565859868, -7.417976794425511 ], [ 109.535944579154872, -7.417976794425511 ], [ 109.535944579154872, -7.417707301073014 ], [ 109.535136099097372, -7.417707301073014 ], [ 109.535136099097372, -7.417437807720517 ], [ 109.534327619039885, -7.417437807720517 ], [ 109.534327619039885, -7.417168314368019 ], [ 109.53378863233489, -7.417168314368019 ], [ 109.53378863233489, -7.416898821015522 ], [ 109.532980152277403, -7.416898821015522 ], [ 109.532980152277403, -7.416629327663024 ], [ 109.532171672219903, -7.416629327663024 ], [ 109.532171672219903, -7.416359834310527 ], [ 109.531363192162416, -7.416359834310527 ], [ 109.531363192162416, -7.41609034095803 ], [ 109.530824205457421, -7.41609034095803 ], [ 109.530824205457421, -7.415820847605533 ], [ 109.53001572539992, -7.415820847605533 ], [ 109.53001572539992, -7.415551354253036 ], [ 109.529207245342434, -7.415551354253036 ], [ 109.529207245342434, -7.415281860900538 ], [ 109.528668258637438, -7.415281860900538 ], [ 109.528668258637438, -7.415012367548041 ], [ 109.528129271932443, -7.415012367548041 ], [ 109.528129271932443, -7.414742874195543 ], [ 109.527859778579952, -7.414742874195543 ], [ 109.527859778579952, -7.414473380843046 ], [ 109.527320791874956, -7.414473380843046 ], [ 109.527320791874956, -7.414203887490549 ], [ 109.526781805169961, -7.414203887490549 ], [ 109.526781805169961, -7.413934394138051 ], [ 109.526512311817456, -7.413934394138051 ], [ 109.526512311817456, -7.413664900785554 ], [ 109.52597332511246, -7.413664900785554 ], [ 109.52597332511246, -7.413395407433057 ], [ 109.525434338407479, -7.413395407433057 ], [ 109.525434338407479, -7.41312591408056 ], [ 109.525164845054974, -7.41312591408056 ], [ 109.525164845054974, -7.412856420728062 ], [ 109.524625858349978, -7.412856420728062 ], [ 109.524625858349978, -7.412586927375565 ], [ 109.524086871644982, -7.412586927375565 ], [ 109.524086871644982, -7.412317434023068 ], [ 109.523547884939987, -7.412317434023068 ], [ 109.523547884939987, -7.41204794067057 ], [ 109.523008898234991, -7.41204794067057 ], [ 109.523008898234991, -7.411778447318073 ], [ 109.522469911529996, -7.411778447318073 ], [ 109.522469911529996, -7.411508953965575 ], [ 109.521930924825, -7.411508953965575 ], [ 109.521930924825, -7.411239460613078 ], [ 109.520852951415023, -7.411239460613078 ], [ 109.520852951415023, -7.411508953965575 ], [ 109.520044471357522, -7.411508953965575 ], [ 109.520044471357522, -7.411778447318073 ], [ 109.519235991300036, -7.411778447318073 ], [ 109.519235991300036, -7.411508953965575 ], [ 109.518158017890045, -7.411508953965575 ], [ 109.518158017890045, -7.411778447318073 ], [ 109.517888524537554, -7.411778447318073 ], [ 109.517888524537554, -7.41204794067057 ], [ 109.517619031185049, -7.41204794067057 ], [ 109.517619031185049, -7.412317434023068 ], [ 109.517349537832558, -7.412317434023068 ], [ 109.517349537832558, -7.412586927375565 ], [ 109.516002071070062, -7.412586927375565 ], [ 109.516002071070062, -7.412317434023068 ], [ 109.515463084365066, -7.412317434023068 ], [ 109.515463084365066, -7.41204794067057 ], [ 109.515193591012576, -7.41204794067057 ], [ 109.515193591012576, -7.411508953965575 ], [ 109.514924097660071, -7.411508953965575 ], [ 109.514924097660071, -7.411239460613078 ], [ 109.51465460430758, -7.411239460613078 ], [ 109.51465460430758, -7.410969967260582 ], [ 109.513307137545098, -7.410969967260582 ], [ 109.513307137545098, -7.411508953965575 ], [ 109.513037644192593, -7.411508953965575 ], [ 109.513037644192593, -7.411778447318073 ], [ 109.512768150840103, -7.411778447318073 ], [ 109.512768150840103, -7.41204794067057 ], [ 109.511959670782602, -7.41204794067057 ], [ 109.511959670782602, -7.412317434023068 ], [ 109.511420684077606, -7.412317434023068 ], [ 109.511420684077606, -7.412586927375565 ], [ 109.51061220402012, -7.412586927375565 ], [ 109.51061220402012, -7.41204794067057 ], [ 109.510342710667629, -7.41204794067057 ], [ 109.510342710667629, -7.411508953965575 ], [ 109.510073217315124, -7.411508953965575 ], [ 109.510073217315124, -7.411239460613078 ], [ 109.509534230610129, -7.411239460613078 ], [ 109.509534230610129, -7.411508953965575 ], [ 109.509264737257638, -7.411508953965575 ], [ 109.509264737257638, -7.411778447318073 ], [ 109.508995243905133, -7.411778447318073 ], [ 109.508995243905133, -7.41204794067057 ], [ 109.508186763847647, -7.41204794067057 ], [ 109.508186763847647, -7.410969967260582 ], [ 109.507917270495142, -7.410969967260582 ], [ 109.507917270495142, -7.410430980555587 ], [ 109.507647777142651, -7.410430980555587 ], [ 109.507647777142651, -7.410161487203089 ], [ 109.507378283790146, -7.410161487203089 ], [ 109.507378283790146, -7.409891993850592 ], [ 109.504413856912677, -7.409891993850592 ], [ 109.504413856912677, -7.410161487203089 ], [ 109.504144363560187, -7.410161487203089 ], [ 109.504144363560187, -7.410430980555587 ], [ 109.503874870207682, -7.410430980555587 ], [ 109.503874870207682, -7.410700473908084 ], [ 109.503605376855191, -7.410700473908084 ], [ 109.503605376855191, -7.411239460613078 ], [ 109.503335883502686, -7.411239460613078 ], [ 109.503335883502686, -7.411778447318073 ], [ 109.503605376855191, -7.411778447318073 ], [ 109.503605376855191, -7.412317434023068 ], [ 109.503874870207682, -7.412317434023068 ], [ 109.503874870207682, -7.412856420728062 ], [ 109.504144363560187, -7.412856420728062 ], [ 109.504144363560187, -7.413395407433057 ], [ 109.504413856912677, -7.413395407433057 ], [ 109.504413856912677, -7.413664900785554 ], [ 109.504683350265182, -7.413664900785554 ], [ 109.504683350265182, -7.413934394138051 ], [ 109.504952843617673, -7.413934394138051 ], [ 109.504952843617673, -7.414203887490549 ], [ 109.505222336970178, -7.414203887490549 ], [ 109.505222336970178, -7.414473380843046 ], [ 109.505491830322669, -7.414473380843046 ], [ 109.505491830322669, -7.414742874195543 ], [ 109.505761323675173, -7.414742874195543 ], [ 109.505761323675173, -7.415012367548041 ], [ 109.506030817027664, -7.415012367548041 ], [ 109.506030817027664, -7.415281860900538 ], [ 109.506300310380169, -7.415281860900538 ], [ 109.506300310380169, -7.415551354253036 ], [ 109.50656980373266, -7.415551354253036 ], [ 109.50656980373266, -7.415820847605533 ], [ 109.506839297085165, -7.415820847605533 ], [ 109.506839297085165, -7.41609034095803 ], [ 109.507108790437655, -7.41609034095803 ], [ 109.507108790437655, -7.416359834310527 ], [ 109.507378283790146, -7.416359834310527 ], [ 109.507378283790146, -7.416898821015522 ], [ 109.507647777142651, -7.416898821015522 ], [ 109.507647777142651, -7.417168314368019 ], [ 109.507917270495142, -7.417168314368019 ], [ 109.507917270495142, -7.417707301073014 ], [ 109.508186763847647, -7.417707301073014 ], [ 109.508186763847647, -7.418515781130505 ], [ 109.508456257200137, -7.418515781130505 ], [ 109.508456257200137, -7.419863247892993 ], [ 109.508186763847647, -7.419863247892993 ], [ 109.508186763847647, -7.420402234597987 ], [ 109.507917270495142, -7.420402234597987 ], [ 109.507917270495142, -7.420671727950484 ], [ 109.507647777142651, -7.420671727950484 ], [ 109.507647777142651, -7.420941221302981 ], [ 109.507108790437655, -7.420941221302981 ], [ 109.507108790437655, -7.421210714655479 ], [ 109.506839297085165, -7.421210714655479 ], [ 109.506839297085165, -7.421480208007976 ], [ 109.50656980373266, -7.421480208007976 ], [ 109.50656980373266, -7.422019194712971 ], [ 109.506300310380169, -7.422019194712971 ], [ 109.506300310380169, -7.422288688065468 ], [ 109.506030817027664, -7.422288688065468 ], [ 109.506030817027664, -7.42309716812296 ], [ 109.505761323675173, -7.42309716812296 ], [ 109.505761323675173, -7.425792101647933 ], [ 109.506030817027664, -7.425792101647933 ], [ 109.506030817027664, -7.426331088352928 ], [ 109.506300310380169, -7.426331088352928 ], [ 109.506300310380169, -7.426600581705425 ], [ 109.50656980373266, -7.426600581705425 ], [ 109.50656980373266, -7.426870075057922 ], [ 109.506839297085165, -7.426870075057922 ], [ 109.506839297085165, -7.431720955402874 ], [ 109.50656980373266, -7.431720955402874 ], [ 109.50656980373266, -7.434415888927846 ], [ 109.506839297085165, -7.434415888927846 ], [ 109.506839297085165, -7.435493862337836 ], [ 109.507108790437655, -7.435493862337836 ], [ 109.507108790437655, -7.436032849042831 ], [ 109.507378283790146, -7.436032849042831 ], [ 109.507378283790146, -7.436841329100322 ], [ 109.507647777142651, -7.436841329100322 ], [ 109.507647777142651, -7.437649809157814 ], [ 109.507917270495142, -7.437649809157814 ], [ 109.507917270495142, -7.438458289215307 ], [ 109.508186763847647, -7.438458289215307 ], [ 109.508186763847647, -7.438727782567804 ], [ 109.508456257200137, -7.438727782567804 ], [ 109.508456257200137, -7.439805755977793 ], [ 109.508186763847647, -7.439805755977793 ], [ 109.508186763847647, -7.441422716092776 ], [ 109.507917270495142, -7.441422716092776 ], [ 109.507917270495142, -7.44708207649522 ], [ 109.507647777142651, -7.44708207649522 ], [ 109.507647777142651, -7.447890556552712 ], [ 109.507108790437655, -7.447890556552712 ], [ 109.507108790437655, -7.447621063200215 ], [ 109.506300310380169, -7.447621063200215 ], [ 109.506300310380169, -7.447890556552712 ], [ 109.506030817027664, -7.447890556552712 ], [ 109.506030817027664, -7.448699036610204 ], [ 109.506300310380169, -7.448699036610204 ], [ 109.506300310380169, -7.448968529962701 ], [ 109.506030817027664, -7.448968529962701 ], [ 109.506030817027664, -7.449507516667696 ], [ 109.505761323675173, -7.449507516667696 ], [ 109.505761323675173, -7.449777010020193 ], [ 109.505491830322669, -7.449777010020193 ], [ 109.505491830322669, -7.450046503372691 ], [ 109.504683350265182, -7.450046503372691 ], [ 109.504683350265182, -7.449777010020193 ], [ 109.504413856912677, -7.449777010020193 ], [ 109.504413856912677, -7.449238023315198 ], [ 109.504144363560187, -7.449238023315198 ], [ 109.504144363560187, -7.448968529962701 ], [ 109.503874870207682, -7.448968529962701 ], [ 109.503874870207682, -7.448699036610204 ], [ 109.503605376855191, -7.448699036610204 ], [ 109.503605376855191, -7.448429543257706 ], [ 109.503335883502686, -7.448429543257706 ], [ 109.503335883502686, -7.448160049905209 ], [ 109.501718923387713, -7.448160049905209 ], [ 109.501718923387713, -7.448429543257706 ], [ 109.500910443330213, -7.448429543257706 ], [ 109.500910443330213, -7.448699036610204 ], [ 109.500371456625217, -7.448699036610204 ], [ 109.500371456625217, -7.448968529962701 ], [ 109.500101963272726, -7.448968529962701 ], [ 109.500101963272726, -7.449238023315198 ], [ 109.499562976567731, -7.449238023315198 ], [ 109.499562976567731, -7.449507516667696 ], [ 109.499023989862735, -7.449507516667696 ], [ 109.499023989862735, -7.449238023315198 ], [ 109.498754496510244, -7.449238023315198 ], [ 109.498754496510244, -7.448699036610204 ], [ 109.498485003157739, -7.448699036610204 ], [ 109.498485003157739, -7.447890556552712 ], [ 109.498215509805249, -7.447890556552712 ], [ 109.498215509805249, -7.447621063200215 ], [ 109.497946016452744, -7.447621063200215 ], [ 109.497946016452744, -7.447351569847718 ], [ 109.497676523100253, -7.447351569847718 ], [ 109.497676523100253, -7.44708207649522 ], [ 109.497407029747748, -7.44708207649522 ], [ 109.497407029747748, -7.446812583142723 ], [ 109.496059562985266, -7.446812583142723 ], [ 109.496059562985266, -7.44708207649522 ], [ 109.495790069632761, -7.44708207649522 ], [ 109.495790069632761, -7.447621063200215 ], [ 109.495520576280271, -7.447621063200215 ], [ 109.495520576280271, -7.448160049905209 ], [ 109.49525108292778, -7.448160049905209 ], [ 109.49525108292778, -7.448429543257706 ], [ 109.494981589575275, -7.448429543257706 ], [ 109.494981589575275, -7.448699036610204 ], [ 109.494712096222784, -7.448699036610204 ], [ 109.494712096222784, -7.448968529962701 ], [ 109.494442602870279, -7.448968529962701 ], [ 109.494442602870279, -7.449238023315198 ], [ 109.494173109517789, -7.449238023315198 ], [ 109.494173109517789, -7.449507516667696 ], [ 109.493634122812793, -7.449507516667696 ], [ 109.493634122812793, -7.449238023315198 ], [ 109.493364629460288, -7.449238023315198 ], [ 109.493364629460288, -7.448968529962701 ], [ 109.493095136107797, -7.448968529962701 ], [ 109.493095136107797, -7.448699036610204 ], [ 109.492825642755292, -7.448699036610204 ], [ 109.492825642755292, -7.448429543257706 ], [ 109.492556149402802, -7.448429543257706 ], [ 109.492556149402802, -7.447890556552712 ], [ 109.492286656050297, -7.447890556552712 ], [ 109.492286656050297, -7.447621063200215 ], [ 109.492017162697806, -7.447621063200215 ], [ 109.492017162697806, -7.447351569847718 ], [ 109.491747669345315, -7.447351569847718 ], [ 109.491747669345315, -7.44708207649522 ], [ 109.49147817599281, -7.44708207649522 ], [ 109.49147817599281, -7.446812583142723 ], [ 109.49120868264032, -7.446812583142723 ], [ 109.49120868264032, -7.446273596437728 ], [ 109.490939189287815, -7.446273596437728 ], [ 109.490939189287815, -7.445734609732733 ], [ 109.490669695935324, -7.445734609732733 ], [ 109.490669695935324, -7.444926129675242 ], [ 109.490400202582819, -7.444926129675242 ], [ 109.490400202582819, -7.44411764961775 ], [ 109.490130709230328, -7.44411764961775 ], [ 109.490130709230328, -7.443309169560258 ], [ 109.489861215877823, -7.443309169560258 ], [ 109.489861215877823, -7.443039676207761 ], [ 109.489591722525333, -7.443039676207761 ], [ 109.489591722525333, -7.442770182855263 ], [ 109.489322229172828, -7.442770182855263 ], [ 109.489322229172828, -7.442500689502766 ], [ 109.489052735820337, -7.442500689502766 ], [ 109.489052735820337, -7.442231196150269 ], [ 109.48743577570535, -7.442231196150269 ], [ 109.48743577570535, -7.44411764961775 ], [ 109.48716628235286, -7.44411764961775 ], [ 109.48716628235286, -7.444387142970247 ], [ 109.486896789000355, -7.444387142970247 ], [ 109.486896789000355, -7.444656636322744 ], [ 109.486627295647864, -7.444656636322744 ], [ 109.486627295647864, -7.444926129675242 ], [ 109.486357802295359, -7.444926129675242 ], [ 109.486357802295359, -7.445195623027739 ], [ 109.485818815590363, -7.445195623027739 ], [ 109.485818815590363, -7.445465116380237 ], [ 109.485279828885368, -7.445465116380237 ], [ 109.485279828885368, -7.445195623027739 ], [ 109.485010335532877, -7.445195623027739 ], [ 109.485010335532877, -7.444926129675242 ], [ 109.484740842180372, -7.444926129675242 ], [ 109.484740842180372, -7.444656636322744 ], [ 109.484471348827881, -7.444656636322744 ], [ 109.484471348827881, -7.443848156265252 ], [ 109.484201855475391, -7.443848156265252 ], [ 109.484201855475391, -7.443309169560258 ], [ 109.483932362122886, -7.443309169560258 ], [ 109.483932362122886, -7.442770182855263 ], [ 109.483662868770395, -7.442770182855263 ], [ 109.483662868770395, -7.442231196150269 ], [ 109.48339337541789, -7.442231196150269 ], [ 109.48339337541789, -7.441961702797771 ], [ 109.483123882065399, -7.441961702797771 ], [ 109.483123882065399, -7.441692209445274 ], [ 109.482854388712894, -7.441692209445274 ], [ 109.482854388712894, -7.441422716092776 ], [ 109.482315402007899, -7.441422716092776 ], [ 109.482315402007899, -7.441153222740279 ], [ 109.480967935245417, -7.441153222740279 ], [ 109.480967935245417, -7.441422716092776 ], [ 109.480428948540421, -7.441422716092776 ], [ 109.480428948540421, -7.441961702797771 ], [ 109.48015945518793, -7.441961702797771 ], [ 109.48015945518793, -7.442500689502766 ], [ 109.480428948540421, -7.442500689502766 ], [ 109.480428948540421, -7.442770182855263 ], [ 109.480967935245417, -7.442770182855263 ], [ 109.480967935245417, -7.443039676207761 ], [ 109.481237428597908, -7.443039676207761 ], [ 109.481237428597908, -7.443309169560258 ], [ 109.481776415302903, -7.443309169560258 ], [ 109.481776415302903, -7.443578662912755 ], [ 109.482045908655408, -7.443578662912755 ], [ 109.482045908655408, -7.44411764961775 ], [ 109.481776415302903, -7.44411764961775 ], [ 109.481776415302903, -7.444387142970247 ], [ 109.481506921950412, -7.444387142970247 ], [ 109.481506921950412, -7.444656636322744 ], [ 109.481237428597908, -7.444656636322744 ], [ 109.481237428597908, -7.444926129675242 ], [ 109.480698441892926, -7.444926129675242 ], [ 109.480698441892926, -7.445195623027739 ], [ 109.480428948540421, -7.445195623027739 ], [ 109.480428948540421, -7.445465116380237 ], [ 109.479620468482935, -7.445465116380237 ], [ 109.479620468482935, -7.445734609732733 ], [ 109.477195028310447, -7.445734609732733 ], [ 109.477195028310447, -7.445465116380237 ], [ 109.476386548252961, -7.445465116380237 ], [ 109.476386548252961, -7.445195623027739 ], [ 109.47611705490047, -7.445195623027739 ], [ 109.47611705490047, -7.444926129675242 ], [ 109.475847561547965, -7.444926129675242 ], [ 109.475847561547965, -7.444656636322744 ], [ 109.475578068195475, -7.444656636322744 ], [ 109.475578068195475, -7.44411764961775 ], [ 109.47530857484297, -7.44411764961775 ], [ 109.47530857484297, -7.443039676207761 ], [ 109.475039081490479, -7.443039676207761 ], [ 109.475039081490479, -7.441961702797771 ], [ 109.474769588137974, -7.441961702797771 ], [ 109.474769588137974, -7.441692209445274 ], [ 109.472883134670496, -7.441692209445274 ], [ 109.472883134670496, -7.441961702797771 ], [ 109.472344147965501, -7.441961702797771 ], [ 109.472344147965501, -7.442231196150269 ], [ 109.47207465461301, -7.442231196150269 ], [ 109.47207465461301, -7.443039676207761 ], [ 109.471805161260505, -7.443039676207761 ], [ 109.471805161260505, -7.44411764961775 ], [ 109.47207465461301, -7.44411764961775 ], [ 109.47207465461301, -7.444926129675242 ], [ 109.472344147965501, -7.444926129675242 ], [ 109.472344147965501, -7.445465116380237 ], [ 109.472613641318006, -7.445465116380237 ], [ 109.472613641318006, -7.44600410308523 ], [ 109.472883134670496, -7.44600410308523 ], [ 109.472883134670496, -7.446543089790225 ], [ 109.473152628023001, -7.446543089790225 ], [ 109.473152628023001, -7.448160049905209 ], [ 109.472883134670496, -7.448160049905209 ], [ 109.472883134670496, -7.448429543257706 ], [ 109.472344147965501, -7.448429543257706 ], [ 109.472344147965501, -7.448699036610204 ], [ 109.471535667908014, -7.448699036610204 ], [ 109.471535667908014, -7.448968529962701 ], [ 109.469649214440523, -7.448968529962701 ], [ 109.469649214440523, -7.448699036610204 ], [ 109.469110227735541, -7.448699036610204 ], [ 109.469110227735541, -7.448429543257706 ], [ 109.468571241030546, -7.448429543257706 ], [ 109.468571241030546, -7.448160049905209 ], [ 109.46803225432555, -7.448160049905209 ], [ 109.46803225432555, -7.447890556552712 ], [ 109.467223774268049, -7.447890556552712 ], [ 109.467223774268049, -7.447621063200215 ], [ 109.466684787563054, -7.447621063200215 ], [ 109.466684787563054, -7.447351569847718 ], [ 109.466415294210563, -7.447351569847718 ], [ 109.466415294210563, -7.44708207649522 ], [ 109.466145800858058, -7.44708207649522 ], [ 109.466145800858058, -7.446812583142723 ], [ 109.465876307505567, -7.446812583142723 ], [ 109.465876307505567, -7.446543089790225 ], [ 109.465606814153077, -7.446543089790225 ], [ 109.465606814153077, -7.446273596437728 ], [ 109.465337320800572, -7.446273596437728 ], [ 109.465337320800572, -7.44600410308523 ], [ 109.464259347390581, -7.44600410308523 ], [ 109.464259347390581, -7.446273596437728 ], [ 109.463720360685585, -7.446273596437728 ], [ 109.463720360685585, -7.446543089790225 ], [ 109.462911880628099, -7.446543089790225 ], [ 109.462911880628099, -7.446812583142723 ], [ 109.462372893923103, -7.446812583142723 ], [ 109.462372893923103, -7.44708207649522 ], [ 109.462103400570612, -7.44708207649522 ], [ 109.462103400570612, -7.447351569847718 ], [ 109.461564413865617, -7.447351569847718 ], [ 109.461564413865617, -7.449777010020193 ], [ 109.461294920513112, -7.449777010020193 ], [ 109.461294920513112, -7.450854983430182 ], [ 109.461025427160621, -7.450854983430182 ], [ 109.461025427160621, -7.451393970135177 ], [ 109.460755933808116, -7.451393970135177 ], [ 109.460755933808116, -7.451663463487674 ], [ 109.460486440455625, -7.451663463487674 ], [ 109.460486440455625, -7.451932956840172 ], [ 109.46021694710312, -7.451932956840172 ], [ 109.46021694710312, -7.452202450192669 ], [ 109.45994745375063, -7.452202450192669 ], [ 109.45994745375063, -7.452471943545167 ], [ 109.459138973693129, -7.452471943545167 ], [ 109.459138973693129, -7.452741436897663 ], [ 109.455905053463169, -7.452741436897663 ], [ 109.455905053463169, -7.452471943545167 ], [ 109.455096573405669, -7.452471943545167 ], [ 109.455096573405669, -7.452202450192669 ], [ 109.454557586700687, -7.452202450192669 ], [ 109.454557586700687, -7.451932956840172 ], [ 109.454288093348183, -7.451932956840172 ], [ 109.454288093348183, -7.451663463487674 ], [ 109.454018599995692, -7.451663463487674 ], [ 109.454018599995692, -7.451393970135177 ], [ 109.453749106643187, -7.451393970135177 ], [ 109.453749106643187, -7.451124476782679 ], [ 109.453479613290696, -7.451124476782679 ], [ 109.453479613290696, -7.449238023315198 ], [ 109.453210119938191, -7.449238023315198 ], [ 109.453210119938191, -7.447890556552712 ], [ 109.452940626585701, -7.447890556552712 ], [ 109.452940626585701, -7.44708207649522 ], [ 109.452671133233196, -7.44708207649522 ], [ 109.452671133233196, -7.446812583142723 ], [ 109.451862653175709, -7.446812583142723 ], [ 109.451862653175709, -7.446543089790225 ], [ 109.449706706355727, -7.446543089790225 ], [ 109.449706706355727, -7.446812583142723 ], [ 109.449437213003236, -7.446812583142723 ], [ 109.449437213003236, -7.44708207649522 ], [ 109.449167719650731, -7.44708207649522 ], [ 109.449167719650731, -7.447351569847718 ], [ 109.44889822629824, -7.447351569847718 ], [ 109.44889822629824, -7.447621063200215 ], [ 109.448628732945735, -7.447621063200215 ], [ 109.448628732945735, -7.448160049905209 ], [ 109.448359239593245, -7.448160049905209 ], [ 109.448359239593245, -7.448429543257706 ], [ 109.44808974624074, -7.448429543257706 ], [ 109.44808974624074, -7.448699036610204 ], [ 109.447820252888249, -7.448699036610204 ], [ 109.447820252888249, -7.448968529962701 ], [ 109.447281266183253, -7.448968529962701 ], [ 109.447281266183253, -7.449507516667696 ], [ 109.447011772830763, -7.449507516667696 ], [ 109.447011772830763, -7.449777010020193 ], [ 109.446742279478258, -7.449777010020193 ], [ 109.446742279478258, -7.451393970135177 ], [ 109.447011772830763, -7.451393970135177 ], [ 109.447011772830763, -7.451663463487674 ], [ 109.447281266183253, -7.451663463487674 ], [ 109.447281266183253, -7.451932956840172 ], [ 109.447550759535744, -7.451932956840172 ], [ 109.447550759535744, -7.452202450192669 ], [ 109.447820252888249, -7.452202450192669 ], [ 109.447820252888249, -7.452471943545167 ], [ 109.44808974624074, -7.452471943545167 ], [ 109.44808974624074, -7.452741436897663 ], [ 109.448359239593245, -7.452741436897663 ], [ 109.448359239593245, -7.45301093025016 ], [ 109.448628732945735, -7.45301093025016 ], [ 109.448628732945735, -7.45408890366015 ], [ 109.448359239593245, -7.45408890366015 ], [ 109.448359239593245, -7.454358397012648 ], [ 109.44808974624074, -7.454358397012648 ], [ 109.44808974624074, -7.454627890365145 ], [ 109.447820252888249, -7.454627890365145 ], [ 109.447820252888249, -7.455166877070139 ], [ 109.447550759535744, -7.455166877070139 ], [ 109.447550759535744, -7.455436370422636 ], [ 109.447281266183253, -7.455436370422636 ], [ 109.447281266183253, -7.455705863775134 ], [ 109.445933799420771, -7.455705863775134 ], [ 109.445933799420771, -7.455436370422636 ], [ 109.445394812715776, -7.455436370422636 ], [ 109.445394812715776, -7.455166877070139 ], [ 109.44485582601078, -7.455166877070139 ], [ 109.44485582601078, -7.454897383717642 ], [ 109.444316839305785, -7.454897383717642 ], [ 109.444316839305785, -7.454627890365145 ], [ 109.44404734595328, -7.454627890365145 ], [ 109.44404734595328, -7.454358397012648 ], [ 109.443508359248284, -7.454358397012648 ], [ 109.443508359248284, -7.45408890366015 ], [ 109.44081342572332, -7.45408890366015 ], [ 109.44081342572332, -7.453819410307653 ], [ 109.440543932370815, -7.453819410307653 ], [ 109.440543932370815, -7.453280423602658 ], [ 109.440274439018324, -7.453280423602658 ], [ 109.440274439018324, -7.448429543257706 ], [ 109.439196465608333, -7.448429543257706 ], [ 109.439196465608333, -7.448699036610204 ], [ 109.438657478903338, -7.448699036610204 ], [ 109.438657478903338, -7.448968529962701 ], [ 109.438118492198342, -7.448968529962701 ], [ 109.438118492198342, -7.449238023315198 ], [ 109.437579505493346, -7.449238023315198 ], [ 109.437579505493346, -7.449507516667696 ], [ 109.437310012140856, -7.449507516667696 ], [ 109.437310012140856, -7.449777010020193 ], [ 109.43677102543586, -7.449777010020193 ], [ 109.43677102543586, -7.450046503372691 ], [ 109.436501532083355, -7.450046503372691 ], [ 109.436501532083355, -7.450315996725188 ], [ 109.436232038730864, -7.450315996725188 ], [ 109.436232038730864, -7.450854983430182 ], [ 109.435962545378374, -7.450854983430182 ], [ 109.435962545378374, -7.451663463487674 ], [ 109.436232038730864, -7.451663463487674 ], [ 109.436232038730864, -7.451932956840172 ], [ 109.43677102543586, -7.451932956840172 ], [ 109.43677102543586, -7.452202450192669 ], [ 109.437310012140856, -7.452202450192669 ], [ 109.437310012140856, -7.452471943545167 ], [ 109.437579505493346, -7.452471943545167 ], [ 109.437579505493346, -7.452741436897663 ], [ 109.437848998845851, -7.452741436897663 ], [ 109.437848998845851, -7.453549916955155 ], [ 109.437579505493346, -7.453549916955155 ], [ 109.437579505493346, -7.45408890366015 ], [ 109.437310012140856, -7.45408890366015 ], [ 109.437310012140856, -7.454627890365145 ], [ 109.437040518788351, -7.454627890365145 ], [ 109.437040518788351, -7.455166877070139 ], [ 109.43677102543586, -7.455166877070139 ], [ 109.43677102543586, -7.455436370422636 ], [ 109.436501532083355, -7.455436370422636 ], [ 109.436501532083355, -7.455705863775134 ], [ 109.436232038730864, -7.455705863775134 ], [ 109.436232038730864, -7.455975357127631 ], [ 109.435962545378374, -7.455975357127631 ], [ 109.435962545378374, -7.456244850480128 ], [ 109.435693052025869, -7.456244850480128 ], [ 109.435693052025869, -7.456514343832626 ], [ 109.435423558673378, -7.456514343832626 ], [ 109.435423558673378, -7.456783837185123 ], [ 109.434884571968382, -7.456783837185123 ], [ 109.434884571968382, -7.457053330537621 ], [ 109.434615078615877, -7.457053330537621 ], [ 109.434615078615877, -7.457322823890117 ], [ 109.434076091910882, -7.457322823890117 ], [ 109.434076091910882, -7.457592317242615 ], [ 109.433537105205886, -7.457592317242615 ], [ 109.433537105205886, -7.457861810595112 ], [ 109.4327286251484, -7.457861810595112 ], [ 109.4327286251484, -7.458131303947609 ], [ 109.432459131795895, -7.458131303947609 ], [ 109.432459131795895, -7.458400797300107 ], [ 109.431920145090913, -7.458400797300107 ], [ 109.431920145090913, -7.458670290652604 ], [ 109.431650651738408, -7.458670290652604 ], [ 109.431650651738408, -7.458939784005102 ], [ 109.431111665033413, -7.458939784005102 ], [ 109.431111665033413, -7.459209277357599 ], [ 109.430842171680922, -7.459209277357599 ], [ 109.430842171680922, -7.459478770710096 ], [ 109.430033691623422, -7.459478770710096 ], [ 109.430033691623422, -7.459209277357599 ], [ 109.429764198270931, -7.459209277357599 ], [ 109.429764198270931, -7.458939784005102 ], [ 109.429494704918426, -7.458939784005102 ], [ 109.429494704918426, -7.458670290652604 ], [ 109.429225211565935, -7.458670290652604 ], [ 109.429225211565935, -7.457861810595112 ], [ 109.42895571821343, -7.457861810595112 ], [ 109.42895571821343, -7.457322823890117 ], [ 109.42868622486094, -7.457322823890117 ], [ 109.42868622486094, -7.456244850480128 ], [ 109.428416731508449, -7.456244850480128 ], [ 109.428416731508449, -7.455166877070139 ], [ 109.428147238155944, -7.455166877070139 ], [ 109.428147238155944, -7.454897383717642 ], [ 109.427338758098458, -7.454897383717642 ], [ 109.427338758098458, -7.454627890365145 ], [ 109.427069264745953, -7.454627890365145 ], [ 109.427069264745953, -7.454897383717642 ], [ 109.426530278040957, -7.454897383717642 ], [ 109.426530278040957, -7.455166877070139 ], [ 109.425991291335961, -7.455166877070139 ], [ 109.425991291335961, -7.455436370422636 ], [ 109.425721797983471, -7.455436370422636 ], [ 109.425721797983471, -7.456514343832626 ], [ 109.425991291335961, -7.456514343832626 ], [ 109.425991291335961, -7.456783837185123 ], [ 109.426260784688466, -7.456783837185123 ], [ 109.426260784688466, -7.457053330537621 ], [ 109.426799771393462, -7.457053330537621 ], [ 109.426799771393462, -7.457322823890117 ], [ 109.427069264745953, -7.457322823890117 ], [ 109.427069264745953, -7.457592317242615 ], [ 109.427608251450948, -7.457592317242615 ], [ 109.427608251450948, -7.458670290652604 ], [ 109.427338758098458, -7.458670290652604 ], [ 109.427338758098458, -7.458939784005102 ], [ 109.427069264745953, -7.458939784005102 ], [ 109.427069264745953, -7.459209277357599 ], [ 109.425182811278475, -7.459209277357599 ], [ 109.425182811278475, -7.458939784005102 ], [ 109.424104837868484, -7.458939784005102 ], [ 109.424104837868484, -7.458670290652604 ], [ 109.423565851163488, -7.458670290652604 ], [ 109.423565851163488, -7.458939784005102 ], [ 109.423026864458492, -7.458939784005102 ], [ 109.423026864458492, -7.459209277357599 ], [ 109.422757371106002, -7.459209277357599 ], [ 109.422757371106002, -7.459748264062593 ], [ 109.423026864458492, -7.459748264062593 ], [ 109.423026864458492, -7.46001775741509 ], [ 109.423296357810997, -7.46001775741509 ], [ 109.423296357810997, -7.460287250767588 ], [ 109.423565851163488, -7.460287250767588 ], [ 109.423565851163488, -7.460556744120085 ], [ 109.423835344515993, -7.460556744120085 ], [ 109.423835344515993, -7.463521170997556 ], [ 109.424104837868484, -7.463521170997556 ], [ 109.424104837868484, -7.46406015770255 ], [ 109.424374331220989, -7.46406015770255 ], [ 109.424374331220989, -7.465677117817534 ], [ 109.424643824573479, -7.465677117817534 ], [ 109.424643824573479, -7.467833064637513 ], [ 109.424374331220989, -7.467833064637513 ], [ 109.424374331220989, -7.46810255799001 ], [ 109.424104837868484, -7.46810255799001 ], [ 109.424104837868484, -7.468372051342507 ], [ 109.423835344515993, -7.468372051342507 ], [ 109.423835344515993, -7.468911038047501 ], [ 109.423296357810997, -7.468911038047501 ], [ 109.423296357810997, -7.469180531399999 ], [ 109.423026864458492, -7.469180531399999 ], [ 109.423026864458492, -7.469450024752496 ], [ 109.422487877753497, -7.469450024752496 ], [ 109.422487877753497, -7.469719518104994 ], [ 109.421948891048501, -7.469719518104994 ], [ 109.421948891048501, -7.469989011457491 ], [ 109.421409904343506, -7.469989011457491 ], [ 109.421409904343506, -7.470258504809988 ], [ 109.420870917638524, -7.470258504809988 ], [ 109.420870917638524, -7.470527998162486 ], [ 109.420062437581024, -7.470527998162486 ], [ 109.420062437581024, -7.470797491514983 ], [ 109.419523450876028, -7.470797491514983 ], [ 109.419523450876028, -7.47106698486748 ], [ 109.418984464171032, -7.47106698486748 ], [ 109.418984464171032, -7.471336478219977 ], [ 109.418714970818542, -7.471336478219977 ], [ 109.418714970818542, -7.471605971572474 ], [ 109.418445477466037, -7.471605971572474 ], [ 109.418445477466037, -7.472144958277469 ], [ 109.418175984113546, -7.472144958277469 ], [ 109.418175984113546, -7.472953438334962 ], [ 109.418445477466037, -7.472953438334962 ], [ 109.418445477466037, -7.473222931687459 ], [ 109.418714970818542, -7.473222931687459 ], [ 109.418714970818542, -7.473492425039955 ], [ 109.418984464171032, -7.473492425039955 ], [ 109.418984464171032, -7.473761918392453 ], [ 109.419253957523537, -7.473761918392453 ], [ 109.419253957523537, -7.47403141174495 ], [ 109.419523450876028, -7.47403141174495 ], [ 109.419523450876028, -7.474570398449945 ], [ 109.419792944228533, -7.474570398449945 ], [ 109.419792944228533, -7.474839891802443 ], [ 109.420062437581024, -7.474839891802443 ], [ 109.420062437581024, -7.476187358564929 ], [ 109.419792944228533, -7.476187358564929 ], [ 109.419792944228533, -7.477534825327416 ], [ 109.419523450876028, -7.477534825327416 ], [ 109.419523450876028, -7.47807381203241 ], [ 109.419253957523537, -7.47807381203241 ], [ 109.419253957523537, -7.478612798737405 ], [ 109.418984464171032, -7.478612798737405 ], [ 109.418984464171032, -7.478882292089902 ], [ 109.418445477466037, -7.478882292089902 ], [ 109.418445477466037, -7.479151785442399 ], [ 109.417367504056045, -7.479151785442399 ], [ 109.417367504056045, -7.478882292089902 ], [ 109.414403077178576, -7.478882292089902 ], [ 109.414403077178576, -7.478612798737405 ], [ 109.41359459712109, -7.478612798737405 ], [ 109.41359459712109, -7.478343305384907 ], [ 109.412786117063604, -7.478343305384907 ], [ 109.412786117063604, -7.47807381203241 ], [ 109.412247130358608, -7.47807381203241 ], [ 109.412247130358608, -7.477804318679913 ], [ 109.411708143653613, -7.477804318679913 ], [ 109.411708143653613, -7.477265331974918 ], [ 109.411438650301108, -7.477265331974918 ], [ 109.411438650301108, -7.476456851917426 ], [ 109.411708143653613, -7.476456851917426 ], [ 109.411708143653613, -7.475917865212431 ], [ 109.411977637006103, -7.475917865212431 ], [ 109.411977637006103, -7.47510938515494 ], [ 109.412247130358608, -7.47510938515494 ], [ 109.412247130358608, -7.474300905097448 ], [ 109.412516623711099, -7.474300905097448 ], [ 109.412516623711099, -7.473492425039955 ], [ 109.412786117063604, -7.473492425039955 ], [ 109.412786117063604, -7.472683944982464 ], [ 109.413055610416095, -7.472683944982464 ], [ 109.413055610416095, -7.471875464924972 ], [ 109.413325103768599, -7.471875464924972 ], [ 109.413325103768599, -7.47106698486748 ], [ 109.413055610416095, -7.47106698486748 ], [ 109.413055610416095, -7.470797491514983 ], [ 109.412786117063604, -7.470797491514983 ], [ 109.412786117063604, -7.470527998162486 ], [ 109.411169156948617, -7.470527998162486 ], [ 109.411169156948617, -7.470797491514983 ], [ 109.410630170243621, -7.470797491514983 ], [ 109.410630170243621, -7.47106698486748 ], [ 109.410091183538626, -7.47106698486748 ], [ 109.410091183538626, -7.471336478219977 ], [ 109.40955219683363, -7.471336478219977 ], [ 109.40955219683363, -7.471605971572474 ], [ 109.409013210128634, -7.471605971572474 ], [ 109.409013210128634, -7.471336478219977 ], [ 109.407935236718643, -7.471336478219977 ], [ 109.407935236718643, -7.47106698486748 ], [ 109.407665743366152, -7.47106698486748 ], [ 109.407665743366152, -7.470797491514983 ], [ 109.407126756661157, -7.470797491514983 ], [ 109.407126756661157, -7.470527998162486 ], [ 109.406857263308652, -7.470527998162486 ], [ 109.406857263308652, -7.470258504809988 ], [ 109.406587769956161, -7.470258504809988 ], [ 109.406587769956161, -7.469989011457491 ], [ 109.406318276603656, -7.469989011457491 ], [ 109.406318276603656, -7.469719518104994 ], [ 109.405779289898675, -7.469719518104994 ], [ 109.405779289898675, -7.469450024752496 ], [ 109.40550979654617, -7.469450024752496 ], [ 109.40550979654617, -7.469180531399999 ], [ 109.405240303193679, -7.469180531399999 ], [ 109.405240303193679, -7.468911038047501 ], [ 109.404970809841174, -7.468911038047501 ], [ 109.404970809841174, -7.468641544695005 ], [ 109.404701316488683, -7.468641544695005 ], [ 109.404701316488683, -7.468372051342507 ], [ 109.404162329783688, -7.468372051342507 ], [ 109.404162329783688, -7.46810255799001 ], [ 109.403892836431183, -7.46810255799001 ], [ 109.403892836431183, -7.467833064637513 ], [ 109.403623343078692, -7.467833064637513 ], [ 109.403623343078692, -7.467563571285015 ], [ 109.403353849726187, -7.467563571285015 ], [ 109.403353849726187, -7.467294077932518 ], [ 109.400928409553714, -7.467294077932518 ], [ 109.400928409553714, -7.467563571285015 ], [ 109.400658916201223, -7.467563571285015 ], [ 109.400658916201223, -7.468372051342507 ], [ 109.400928409553714, -7.468372051342507 ], [ 109.400928409553714, -7.468911038047501 ], [ 109.401197902906219, -7.468911038047501 ], [ 109.401197902906219, -7.469180531399999 ], [ 109.40146739625871, -7.469180531399999 ], [ 109.40146739625871, -7.469450024752496 ], [ 109.401736889611215, -7.469450024752496 ], [ 109.401736889611215, -7.469719518104994 ], [ 109.402006382963705, -7.469719518104994 ], [ 109.402006382963705, -7.470258504809988 ], [ 109.40227587631621, -7.470258504809988 ], [ 109.40227587631621, -7.470527998162486 ], [ 109.402545369668701, -7.470527998162486 ], [ 109.402545369668701, -7.470797491514983 ], [ 109.402814863021192, -7.470797491514983 ], [ 109.402814863021192, -7.471336478219977 ], [ 109.403084356373697, -7.471336478219977 ], [ 109.403084356373697, -7.471875464924972 ], [ 109.403353849726187, -7.471875464924972 ], [ 109.403353849726187, -7.472683944982464 ], [ 109.403623343078692, -7.472683944982464 ], [ 109.403623343078692, -7.473761918392453 ], [ 109.403892836431183, -7.473761918392453 ], [ 109.403892836431183, -7.474300905097448 ], [ 109.403623343078692, -7.474300905097448 ], [ 109.403623343078692, -7.47510938515494 ], [ 109.403353849726187, -7.47510938515494 ], [ 109.403353849726187, -7.475378878507437 ], [ 109.403084356373697, -7.475378878507437 ], [ 109.403084356373697, -7.475648371859934 ], [ 109.402814863021192, -7.475648371859934 ], [ 109.402814863021192, -7.475917865212431 ], [ 109.40146739625871, -7.475917865212431 ], [ 109.40146739625871, -7.475648371859934 ], [ 109.400658916201223, -7.475648371859934 ], [ 109.400658916201223, -7.475378878507437 ], [ 109.399850436143723, -7.475378878507437 ], [ 109.399850436143723, -7.47510938515494 ], [ 109.399311449438727, -7.47510938515494 ], [ 109.399311449438727, -7.474839891802443 ], [ 109.398772462733731, -7.474839891802443 ], [ 109.398772462733731, -7.474570398449945 ], [ 109.397694489323754, -7.474570398449945 ], [ 109.397694489323754, -7.474300905097448 ], [ 109.39419107574129, -7.474300905097448 ], [ 109.39419107574129, -7.474570398449945 ], [ 109.393652089036294, -7.474570398449945 ], [ 109.393652089036294, -7.474839891802443 ], [ 109.393382595683789, -7.474839891802443 ], [ 109.393382595683789, -7.47510938515494 ], [ 109.393113102331299, -7.47510938515494 ], [ 109.393113102331299, -7.475378878507437 ], [ 109.392843608978794, -7.475378878507437 ], [ 109.392843608978794, -7.475648371859934 ], [ 109.392304622273798, -7.475648371859934 ], [ 109.392304622273798, -7.475917865212431 ], [ 109.391765635568802, -7.475917865212431 ], [ 109.391765635568802, -7.476187358564929 ], [ 109.390687662158825, -7.476187358564929 ], [ 109.390687662158825, -7.476456851917426 ], [ 109.389879182101325, -7.476456851917426 ], [ 109.389879182101325, -7.476726345269924 ], [ 109.388801208691333, -7.476726345269924 ], [ 109.388801208691333, -7.476995838622421 ], [ 109.387723235281342, -7.476995838622421 ], [ 109.387723235281342, -7.477265331974918 ], [ 109.386914755223856, -7.477265331974918 ], [ 109.386914755223856, -7.477534825327416 ], [ 109.38610627516637, -7.477534825327416 ], [ 109.38610627516637, -7.477804318679913 ], [ 109.385836781813865, -7.477804318679913 ], [ 109.385836781813865, -7.47807381203241 ], [ 109.385567288461374, -7.47807381203241 ], [ 109.385567288461374, -7.478343305384907 ], [ 109.385297795108869, -7.478343305384907 ], [ 109.385297795108869, -7.478612798737405 ], [ 109.385028301756378, -7.478612798737405 ], [ 109.385028301756378, -7.478882292089902 ], [ 109.384489315051383, -7.478882292089902 ], [ 109.384489315051383, -7.479151785442399 ], [ 109.383950328346387, -7.479151785442399 ], [ 109.383950328346387, -7.479421278794897 ], [ 109.383411341641391, -7.479421278794897 ], [ 109.383411341641391, -7.479690772147394 ], [ 109.382872354936396, -7.479690772147394 ], [ 109.382872354936396, -7.479960265499892 ], [ 109.382602861583905, -7.479960265499892 ], [ 109.382602861583905, -7.480229758852388 ], [ 109.3823333682314, -7.480229758852388 ], [ 109.3823333682314, -7.480499252204885 ], [ 109.382063874878909, -7.480499252204885 ], [ 109.382063874878909, -7.480768745557383 ], [ 109.381794381526404, -7.480768745557383 ], [ 109.381794381526404, -7.48103823890988 ], [ 109.381524888173914, -7.48103823890988 ], [ 109.381524888173914, -7.48211621231987 ], [ 109.381255394821409, -7.48211621231987 ], [ 109.381255394821409, -7.482655199024864 ], [ 109.380985901468918, -7.482655199024864 ], [ 109.380985901468918, -7.482924692377361 ], [ 109.380716408116413, -7.482924692377361 ], [ 109.380716408116413, -7.482655199024864 ], [ 109.380177421411418, -7.482655199024864 ], [ 109.380177421411418, -7.482385705672367 ], [ 109.379638434706436, -7.482385705672367 ], [ 109.379638434706436, -7.48211621231987 ], [ 109.37909944800144, -7.48211621231987 ], [ 109.37909944800144, -7.481846718967373 ], [ 109.378829954648936, -7.481846718967373 ], [ 109.378829954648936, -7.481577225614875 ], [ 109.37829096794394, -7.481577225614875 ], [ 109.37829096794394, -7.481307732262378 ], [ 109.378021474591449, -7.481307732262378 ], [ 109.378021474591449, -7.48103823890988 ], [ 109.377751981238944, -7.48103823890988 ], [ 109.377751981238944, -7.480768745557383 ], [ 109.377482487886454, -7.480768745557383 ], [ 109.377482487886454, -7.480499252204885 ], [ 109.377212994533949, -7.480499252204885 ], [ 109.377212994533949, -7.480229758852388 ], [ 109.376943501181458, -7.480229758852388 ], [ 109.376943501181458, -7.479960265499892 ], [ 109.376674007828953, -7.479960265499892 ], [ 109.376674007828953, -7.479421278794897 ], [ 109.376404514476462, -7.479421278794897 ], [ 109.376404514476462, -7.478882292089902 ], [ 109.375865527771467, -7.478882292089902 ], [ 109.375865527771467, -7.478612798737405 ], [ 109.375596034418976, -7.478612798737405 ], [ 109.375596034418976, -7.478343305384907 ], [ 109.37505704771398, -7.478343305384907 ], [ 109.37505704771398, -7.47807381203241 ], [ 109.374787554361475, -7.47807381203241 ], [ 109.374787554361475, -7.477804318679913 ], [ 109.373170594246488, -7.477804318679913 ], [ 109.373170594246488, -7.47807381203241 ], [ 109.372901100893998, -7.47807381203241 ], [ 109.372901100893998, -7.478612798737405 ], [ 109.372631607541493, -7.478612798737405 ], [ 109.372631607541493, -7.479960265499892 ], [ 109.372901100893998, -7.479960265499892 ], [ 109.372901100893998, -7.481846718967373 ], [ 109.373170594246488, -7.481846718967373 ], [ 109.373170594246488, -7.48211621231987 ], [ 109.372901100893998, -7.48211621231987 ], [ 109.372901100893998, -7.483194185729859 ], [ 109.372631607541493, -7.483194185729859 ], [ 109.372631607541493, -7.483733172434853 ], [ 109.372362114189002, -7.483733172434853 ], [ 109.372362114189002, -7.484272159139848 ], [ 109.372092620836511, -7.484272159139848 ], [ 109.372092620836511, -7.484541652492346 ], [ 109.371823127484006, -7.484541652492346 ], [ 109.371823127484006, -7.484811145844843 ], [ 109.371553634131516, -7.484811145844843 ], [ 109.371553634131516, -7.48508063919734 ], [ 109.37101464742652, -7.48508063919734 ], [ 109.37101464742652, -7.485350132549837 ], [ 109.37020616736902, -7.485350132549837 ], [ 109.37020616736902, -7.485619625902334 ], [ 109.368858700606538, -7.485619625902334 ], [ 109.368858700606538, -7.485889119254832 ], [ 109.36697224713906, -7.485889119254832 ], [ 109.36697224713906, -7.486158612607329 ], [ 109.366433260434064, -7.486158612607329 ], [ 109.366433260434064, -7.486428105959827 ], [ 109.365894273729069, -7.486428105959827 ], [ 109.365894273729069, -7.486697599312324 ], [ 109.365355287024073, -7.486697599312324 ], [ 109.365355287024073, -7.486967092664822 ], [ 109.364816300319077, -7.486967092664822 ], [ 109.364816300319077, -7.487236586017318 ], [ 109.363738326909086, -7.487236586017318 ], [ 109.363738326909086, -7.486967092664822 ], [ 109.363468833556595, -7.486967092664822 ], [ 109.363468833556595, -7.486697599312324 ], [ 109.363199340204091, -7.486697599312324 ], [ 109.363199340204091, -7.486428105959827 ], [ 109.3629298468516, -7.486428105959827 ], [ 109.3629298468516, -7.486158612607329 ], [ 109.362660353499095, -7.486158612607329 ], [ 109.362660353499095, -7.485889119254832 ], [ 109.362390860146604, -7.485889119254832 ], [ 109.362390860146604, -7.485619625902334 ], [ 109.361582380089104, -7.485619625902334 ], [ 109.361582380089104, -7.486428105959827 ], [ 109.361312886736613, -7.486428105959827 ], [ 109.361312886736613, -7.486697599312324 ], [ 109.361582380089104, -7.486697599312324 ], [ 109.361582380089104, -7.487775572722313 ], [ 109.361851873441609, -7.487775572722313 ], [ 109.361851873441609, -7.488853546132303 ], [ 109.362121366794099, -7.488853546132303 ], [ 109.362121366794099, -7.488584052779805 ], [ 109.363199340204091, -7.488584052779805 ], [ 109.363199340204091, -7.489662026189794 ], [ 109.363468833556595, -7.489662026189794 ], [ 109.363468833556595, -7.489931519542291 ], [ 109.363738326909086, -7.489931519542291 ], [ 109.363738326909086, -7.490470506247286 ], [ 109.363468833556595, -7.490470506247286 ], [ 109.363468833556595, -7.491009492952281 ], [ 109.363738326909086, -7.491009492952281 ], [ 109.363738326909086, -7.491278986304778 ], [ 109.364007820261591, -7.491278986304778 ], [ 109.364007820261591, -7.493434933124757 ], [ 109.363738326909086, -7.493434933124757 ], [ 109.363738326909086, -7.493704426477254 ], [ 109.363468833556595, -7.493704426477254 ], [ 109.363468833556595, -7.493973919829751 ], [ 109.363199340204091, -7.493973919829751 ], [ 109.363199340204091, -7.494512906534745 ], [ 109.3629298468516, -7.494512906534745 ], [ 109.3629298468516, -7.494782399887243 ], [ 109.363199340204091, -7.494782399887243 ], [ 109.363199340204091, -7.49505189323974 ], [ 109.363468833556595, -7.49505189323974 ], [ 109.363468833556595, -7.494782399887243 ], [ 109.364816300319077, -7.494782399887243 ], [ 109.364816300319077, -7.495590879944735 ], [ 109.364546806966587, -7.495590879944735 ], [ 109.364546806966587, -7.49612986664973 ], [ 109.365085793671568, -7.49612986664973 ], [ 109.365085793671568, -7.496399360002227 ], [ 109.365355287024073, -7.496399360002227 ], [ 109.365355287024073, -7.496668853354724 ], [ 109.365894273729069, -7.496668853354724 ], [ 109.365894273729069, -7.497477333412216 ], [ 109.365624780376564, -7.497477333412216 ], [ 109.365624780376564, -7.497746826764713 ], [ 109.365355287024073, -7.497746826764713 ], [ 109.365355287024073, -7.498016320117211 ], [ 109.365085793671568, -7.498016320117211 ], [ 109.365085793671568, -7.498285813469708 ], [ 109.365355287024073, -7.498285813469708 ], [ 109.365355287024073, -7.4990942935272 ], [ 109.364816300319077, -7.4990942935272 ], [ 109.364816300319077, -7.499363786879697 ], [ 109.3629298468516, -7.499363786879697 ], [ 109.3629298468516, -7.499902773584692 ], [ 109.362660353499095, -7.499902773584692 ], [ 109.362660353499095, -7.500172266937189 ], [ 109.3629298468516, -7.500172266937189 ], [ 109.3629298468516, -7.500441760289687 ], [ 109.363468833556595, -7.500441760289687 ], [ 109.363468833556595, -7.500711253642184 ], [ 109.364277313614082, -7.500711253642184 ], [ 109.364277313614082, -7.500980746994681 ], [ 109.364816300319077, -7.500980746994681 ], [ 109.364816300319077, -7.501519733699675 ], [ 109.365085793671568, -7.501519733699675 ], [ 109.365085793671568, -7.502328213757168 ], [ 109.364816300319077, -7.502328213757168 ], [ 109.364816300319077, -7.50313669381466 ], [ 109.365085793671568, -7.50313669381466 ], [ 109.365085793671568, -7.503406187167156 ], [ 109.365355287024073, -7.503406187167156 ], [ 109.365355287024073, -7.503675680519654 ], [ 109.365085793671568, -7.503675680519654 ], [ 109.365085793671568, -7.503945173872151 ], [ 109.364816300319077, -7.503945173872151 ], [ 109.364816300319077, -7.504484160577146 ], [ 109.365085793671568, -7.504484160577146 ], [ 109.365085793671568, -7.504753653929643 ], [ 109.364816300319077, -7.504753653929643 ], [ 109.364816300319077, -7.505292640634638 ], [ 109.364546806966587, -7.505292640634638 ], [ 109.364546806966587, -7.505831627339632 ], [ 109.364277313614082, -7.505831627339632 ], [ 109.364277313614082, -7.50610112069213 ], [ 109.364007820261591, -7.50610112069213 ], [ 109.364007820261591, -7.506640107397124 ], [ 109.364277313614082, -7.506640107397124 ], [ 109.364277313614082, -7.507179094102119 ], [ 109.365085793671568, -7.507179094102119 ], [ 109.365085793671568, -7.508257067512108 ], [ 109.364816300319077, -7.508257067512108 ], [ 109.364816300319077, -7.508526560864605 ], [ 109.365355287024073, -7.508526560864605 ], [ 109.365355287024073, -7.508257067512108 ], [ 109.365894273729069, -7.508257067512108 ], [ 109.365894273729069, -7.50798757415961 ], [ 109.366433260434064, -7.50798757415961 ], [ 109.366433260434064, -7.507718080807114 ], [ 109.367241740491551, -7.507718080807114 ], [ 109.367241740491551, -7.507448587454617 ], [ 109.368589207254047, -7.507448587454617 ], [ 109.368589207254047, -7.507179094102119 ], [ 109.369936674016529, -7.507179094102119 ], [ 109.369936674016529, -7.506909600749622 ], [ 109.371284140779011, -7.506909600749622 ], [ 109.371284140779011, -7.506640107397124 ], [ 109.372631607541493, -7.506640107397124 ], [ 109.372631607541493, -7.506370614044627 ], [ 109.373979074303989, -7.506370614044627 ], [ 109.373979074303989, -7.50610112069213 ], [ 109.375326541066471, -7.50610112069213 ], [ 109.375326541066471, -7.505831627339632 ], [ 109.376674007828953, -7.505831627339632 ], [ 109.376674007828953, -7.505562133987135 ], [ 109.378021474591449, -7.505562133987135 ], [ 109.378021474591449, -7.505292640634638 ], [ 109.379368941353931, -7.505292640634638 ], [ 109.379368941353931, -7.505023147282141 ], [ 109.382063874878909, -7.505023147282141 ], [ 109.382063874878909, -7.504753653929643 ], [ 109.385297795108869, -7.504753653929643 ], [ 109.385297795108869, -7.504484160577146 ], [ 109.388531715338843, -7.504484160577146 ], [ 109.388531715338843, -7.504214667224649 ], [ 109.392035128921307, -7.504214667224649 ], [ 109.392035128921307, -7.503945173872151 ], [ 109.396077529208767, -7.503945173872151 ], [ 109.396077529208767, -7.503675680519654 ], [ 109.400389422848718, -7.503675680519654 ], [ 109.400389422848718, -7.503406187167156 ], [ 109.402545369668701, -7.503406187167156 ], [ 109.402545369668701, -7.50313669381466 ], [ 109.404701316488683, -7.50313669381466 ], [ 109.404701316488683, -7.502867200462163 ], [ 109.406857263308652, -7.502867200462163 ], [ 109.406857263308652, -7.502597707109665 ], [ 109.409013210128634, -7.502597707109665 ], [ 109.409013210128634, -7.502328213757168 ], [ 109.410360676891116, -7.502328213757168 ], [ 109.410360676891116, -7.50205872040467 ], [ 109.410899663596112, -7.50205872040467 ], [ 109.410899663596112, -7.501789227052173 ], [ 109.411708143653613, -7.501789227052173 ], [ 109.411708143653613, -7.501519733699675 ], [ 109.412247130358608, -7.501519733699675 ], [ 109.412247130358608, -7.501250240347178 ], [ 109.413055610416095, -7.501250240347178 ], [ 109.413055610416095, -7.500980746994681 ], [ 109.413864090473581, -7.500980746994681 ], [ 109.413864090473581, -7.500711253642184 ], [ 109.414403077178576, -7.500711253642184 ], [ 109.414403077178576, -7.500441760289687 ], [ 109.415211557236077, -7.500441760289687 ], [ 109.415211557236077, -7.500172266937189 ], [ 109.415750543941073, -7.500172266937189 ], [ 109.415750543941073, -7.499902773584692 ], [ 109.416559023998559, -7.499902773584692 ], [ 109.416559023998559, -7.499633280232194 ], [ 109.417098010703555, -7.499633280232194 ], [ 109.417098010703555, -7.499363786879697 ], [ 109.41763699740855, -7.499363786879697 ], [ 109.41763699740855, -7.4990942935272 ], [ 109.418175984113546, -7.4990942935272 ], [ 109.418175984113546, -7.498824800174702 ], [ 109.418714970818542, -7.498824800174702 ], [ 109.418714970818542, -7.498555306822206 ], [ 109.419523450876028, -7.498555306822206 ], [ 109.419523450876028, -7.498285813469708 ], [ 109.420062437581024, -7.498285813469708 ], [ 109.420062437581024, -7.498016320117211 ], [ 109.420601424286019, -7.498016320117211 ], [ 109.420601424286019, -7.497746826764713 ], [ 109.421140410991015, -7.497746826764713 ], [ 109.421140410991015, -7.497477333412216 ], [ 109.42167939769601, -7.497477333412216 ], [ 109.42167939769601, -7.497207840059719 ], [ 109.422218384401006, -7.497207840059719 ], [ 109.422218384401006, -7.496938346707221 ], [ 109.422487877753497, -7.496938346707221 ], [ 109.422487877753497, -7.496668853354724 ], [ 109.422757371106002, -7.496668853354724 ], [ 109.422757371106002, -7.496399360002227 ], [ 109.423026864458492, -7.496399360002227 ], [ 109.423026864458492, -7.49612986664973 ], [ 109.423296357810997, -7.49612986664973 ], [ 109.423296357810997, -7.495860373297232 ], [ 109.423565851163488, -7.495860373297232 ], [ 109.423565851163488, -7.495590879944735 ], [ 109.423835344515993, -7.495590879944735 ], [ 109.423835344515993, -7.495321386592238 ], [ 109.424104837868484, -7.495321386592238 ], [ 109.424104837868484, -7.49505189323974 ], [ 109.424374331220989, -7.49505189323974 ], [ 109.424374331220989, -7.494782399887243 ], [ 109.424643824573479, -7.494782399887243 ], [ 109.424643824573479, -7.494512906534745 ], [ 109.42491331792597, -7.494512906534745 ], [ 109.42491331792597, -7.494243413182248 ], [ 109.425182811278475, -7.494243413182248 ], [ 109.425182811278475, -7.493973919829751 ], [ 109.425452304630966, -7.493973919829751 ], [ 109.425452304630966, -7.493704426477254 ], [ 109.425721797983471, -7.493704426477254 ], [ 109.425721797983471, -7.493434933124757 ], [ 109.425991291335961, -7.493434933124757 ], [ 109.425991291335961, -7.493165439772259 ], [ 109.426260784688466, -7.493165439772259 ], [ 109.426260784688466, -7.492895946419762 ], [ 109.42868622486094, -7.492895946419762 ], [ 109.42868622486094, -7.492626453067264 ], [ 109.431650651738408, -7.492626453067264 ], [ 109.431650651738408, -7.492895946419762 ], [ 109.432459131795895, -7.492895946419762 ], [ 109.432459131795895, -7.493165439772259 ], [ 109.433267611853395, -7.493165439772259 ], [ 109.433267611853395, -7.493434933124757 ], [ 109.433806598558391, -7.493434933124757 ], [ 109.433806598558391, -7.493704426477254 ], [ 109.434615078615877, -7.493704426477254 ], [ 109.434615078615877, -7.493973919829751 ], [ 109.437310012140856, -7.493973919829751 ], [ 109.437310012140856, -7.494243413182248 ], [ 109.439735452313329, -7.494243413182248 ], [ 109.439735452313329, -7.494512906534745 ], [ 109.442160892485802, -7.494512906534745 ], [ 109.442160892485802, -7.494782399887243 ], [ 109.444316839305785, -7.494782399887243 ], [ 109.444316839305785, -7.494512906534745 ], [ 109.444586332658275, -7.494512906534745 ], [ 109.444586332658275, -7.494243413182248 ], [ 109.445125319363271, -7.494243413182248 ], [ 109.445125319363271, -7.493973919829751 ], [ 109.445664306068267, -7.493973919829751 ], [ 109.445664306068267, -7.493704426477254 ], [ 109.445933799420771, -7.493704426477254 ], [ 109.445933799420771, -7.493434933124757 ], [ 109.446472786125767, -7.493434933124757 ], [ 109.446472786125767, -7.493165439772259 ], [ 109.447281266183253, -7.493165439772259 ], [ 109.447281266183253, -7.492895946419762 ], [ 109.453479613290696, -7.492895946419762 ], [ 109.453479613290696, -7.492626453067264 ], [ 109.454018599995692, -7.492626453067264 ], [ 109.454018599995692, -7.492356959714767 ], [ 109.454827080053178, -7.492356959714767 ], [ 109.454827080053178, -7.49208746636227 ], [ 109.455366066758174, -7.49208746636227 ], [ 109.455366066758174, -7.491817973009772 ], [ 109.45617454681566, -7.491817973009772 ], [ 109.45617454681566, -7.49208746636227 ], [ 109.459138973693129, -7.49208746636227 ], [ 109.459138973693129, -7.492356959714767 ], [ 109.45994745375063, -7.492356959714767 ], [ 109.45994745375063, -7.492626453067264 ], [ 109.460755933808116, -7.492626453067264 ], [ 109.460755933808116, -7.492895946419762 ], [ 109.461294920513112, -7.492895946419762 ], [ 109.461294920513112, -7.493165439772259 ], [ 109.461833907218107, -7.493165439772259 ], [ 109.461833907218107, -7.493434933124757 ], [ 109.462372893923103, -7.493434933124757 ], [ 109.462372893923103, -7.493704426477254 ], [ 109.463181373980589, -7.493704426477254 ], [ 109.463181373980589, -7.493973919829751 ], [ 109.463720360685585, -7.493973919829751 ], [ 109.463720360685585, -7.494243413182248 ], [ 109.464259347390581, -7.494243413182248 ], [ 109.464259347390581, -7.494512906534745 ], [ 109.464528840743085, -7.494512906534745 ], [ 109.464528840743085, -7.494782399887243 ], [ 109.465067827448081, -7.494782399887243 ], [ 109.465067827448081, -7.49505189323974 ], [ 109.465337320800572, -7.49505189323974 ], [ 109.465337320800572, -7.495321386592238 ], [ 109.465606814153077, -7.495321386592238 ], [ 109.465606814153077, -7.495590879944735 ], [ 109.466145800858058, -7.495590879944735 ], [ 109.466145800858058, -7.495860373297232 ], [ 109.468571241030546, -7.495860373297232 ], [ 109.468571241030546, -7.49612986664973 ], [ 109.470188201145518, -7.49612986664973 ], [ 109.470188201145518, -7.495860373297232 ], [ 109.470996681203019, -7.495860373297232 ], [ 109.470996681203019, -7.495590879944735 ], [ 109.471805161260505, -7.495590879944735 ], [ 109.471805161260505, -7.495321386592238 ], [ 109.473152628023001, -7.495321386592238 ], [ 109.473152628023001, -7.49505189323974 ], [ 109.474769588137974, -7.49505189323974 ], [ 109.474769588137974, -7.494782399887243 ], [ 109.476656041605466, -7.494782399887243 ], [ 109.476656041605466, -7.494512906534745 ], [ 109.478542495072944, -7.494512906534745 ], [ 109.478542495072944, -7.493434933124757 ], [ 109.478811988425434, -7.493434933124757 ], [ 109.478811988425434, -7.492356959714767 ], [ 109.479081481777939, -7.492356959714767 ], [ 109.479081481777939, -7.491009492952281 ], [ 109.47935097513043, -7.491009492952281 ], [ 109.47935097513043, -7.490470506247286 ], [ 109.479081481777939, -7.490470506247286 ], [ 109.479081481777939, -7.489662026189794 ], [ 109.478811988425434, -7.489662026189794 ], [ 109.478811988425434, -7.4891230394848 ], [ 109.478542495072944, -7.4891230394848 ], [ 109.478542495072944, -7.488314559427308 ], [ 109.478273001720439, -7.488314559427308 ], [ 109.478273001720439, -7.487775572722313 ], [ 109.478542495072944, -7.487775572722313 ], [ 109.478542495072944, -7.487236586017318 ], [ 109.478811988425434, -7.487236586017318 ], [ 109.478811988425434, -7.486697599312324 ], [ 109.479081481777939, -7.486697599312324 ], [ 109.479081481777939, -7.486158612607329 ], [ 109.47935097513043, -7.486158612607329 ], [ 109.47935097513043, -7.485889119254832 ], [ 109.479620468482935, -7.485889119254832 ], [ 109.479620468482935, -7.485619625902334 ], [ 109.479889961835426, -7.485619625902334 ], [ 109.479889961835426, -7.485350132549837 ], [ 109.480428948540421, -7.485350132549837 ], [ 109.480428948540421, -7.48508063919734 ], [ 109.480698441892926, -7.48508063919734 ], [ 109.480698441892926, -7.484811145844843 ], [ 109.481237428597908, -7.484811145844843 ], [ 109.481237428597908, -7.484541652492346 ], [ 109.481776415302903, -7.484541652492346 ], [ 109.481776415302903, -7.484272159139848 ], [ 109.482045908655408, -7.484272159139848 ], [ 109.482045908655408, -7.479960265499892 ], [ 109.481776415302903, -7.479960265499892 ], [ 109.481776415302903, -7.479690772147394 ], [ 109.480967935245417, -7.479690772147394 ], [ 109.480967935245417, -7.479421278794897 ], [ 109.480428948540421, -7.479421278794897 ], [ 109.480428948540421, -7.479151785442399 ], [ 109.479620468482935, -7.479151785442399 ], [ 109.479620468482935, -7.478882292089902 ], [ 109.479081481777939, -7.478882292089902 ], [ 109.479081481777939, -7.478612798737405 ], [ 109.478273001720439, -7.478612798737405 ], [ 109.478273001720439, -7.478343305384907 ], [ 109.477195028310447, -7.478343305384907 ], [ 109.477195028310447, -7.47807381203241 ], [ 109.476386548252961, -7.47807381203241 ], [ 109.476386548252961, -7.477804318679913 ], [ 109.475578068195475, -7.477804318679913 ], [ 109.475578068195475, -7.477534825327416 ], [ 109.474769588137974, -7.477534825327416 ], [ 109.474769588137974, -7.477265331974918 ], [ 109.474500094785483, -7.477265331974918 ], [ 109.474500094785483, -7.476726345269924 ], [ 109.474230601432978, -7.476726345269924 ], [ 109.474230601432978, -7.476187358564929 ], [ 109.473961108080488, -7.476187358564929 ], [ 109.473961108080488, -7.475917865212431 ], [ 109.473691614727983, -7.475917865212431 ], [ 109.473691614727983, -7.475378878507437 ], [ 109.473422121375492, -7.475378878507437 ], [ 109.473422121375492, -7.47510938515494 ], [ 109.473152628023001, -7.47510938515494 ], [ 109.473152628023001, -7.474300905097448 ], [ 109.473422121375492, -7.474300905097448 ], [ 109.473422121375492, -7.47403141174495 ], [ 109.473961108080488, -7.47403141174495 ], [ 109.473961108080488, -7.473761918392453 ], [ 109.474230601432978, -7.473761918392453 ], [ 109.474230601432978, -7.473492425039955 ], [ 109.474500094785483, -7.473492425039955 ], [ 109.474500094785483, -7.473222931687459 ], [ 109.474769588137974, -7.473222931687459 ], [ 109.474769588137974, -7.472953438334962 ], [ 109.475039081490479, -7.472953438334962 ], [ 109.475039081490479, -7.472683944982464 ], [ 109.47530857484297, -7.472683944982464 ], [ 109.47530857484297, -7.472414451629967 ], [ 109.475578068195475, -7.472414451629967 ], [ 109.475578068195475, -7.472144958277469 ], [ 109.475847561547965, -7.472144958277469 ], [ 109.475847561547965, -7.471875464924972 ], [ 109.476386548252961, -7.471875464924972 ], [ 109.476386548252961, -7.471605971572474 ], [ 109.476656041605466, -7.471605971572474 ], [ 109.476656041605466, -7.471336478219977 ], [ 109.476925534957957, -7.471336478219977 ], [ 109.476925534957957, -7.47106698486748 ], [ 109.477464521662952, -7.47106698486748 ], [ 109.477464521662952, -7.470797491514983 ], [ 109.478003508367948, -7.470797491514983 ], [ 109.478003508367948, -7.470527998162486 ], [ 109.478811988425434, -7.470527998162486 ], [ 109.478811988425434, -7.470258504809988 ], [ 109.479620468482935, -7.470258504809988 ], [ 109.479620468482935, -7.469989011457491 ], [ 109.480428948540421, -7.469989011457491 ], [ 109.480428948540421, -7.469719518104994 ], [ 109.481237428597908, -7.469719518104994 ], [ 109.481237428597908, -7.469450024752496 ], [ 109.481776415302903, -7.469450024752496 ], [ 109.481776415302903, -7.469180531399999 ], [ 109.482045908655408, -7.469180531399999 ], [ 109.482045908655408, -7.468911038047501 ], [ 109.482315402007899, -7.468911038047501 ], [ 109.482315402007899, -7.468641544695005 ], [ 109.482584895360404, -7.468641544695005 ], [ 109.482584895360404, -7.468372051342507 ], [ 109.482854388712894, -7.468372051342507 ], [ 109.482854388712894, -7.46810255799001 ], [ 109.483123882065399, -7.46810255799001 ], [ 109.483123882065399, -7.467833064637513 ], [ 109.48339337541789, -7.467833064637513 ], [ 109.48339337541789, -7.467563571285015 ], [ 109.483662868770395, -7.467563571285015 ], [ 109.483662868770395, -7.467294077932518 ], [ 109.483932362122886, -7.467294077932518 ], [ 109.483932362122886, -7.46702458458002 ], [ 109.484201855475391, -7.46702458458002 ], [ 109.484201855475391, -7.466755091227523 ], [ 109.484471348827881, -7.466755091227523 ], [ 109.484471348827881, -7.466485597875026 ], [ 109.484740842180372, -7.466485597875026 ], [ 109.484740842180372, -7.466216104522529 ], [ 109.485010335532877, -7.466216104522529 ], [ 109.485010335532877, -7.465946611170032 ], [ 109.485549322237873, -7.465946611170032 ], [ 109.485549322237873, -7.465677117817534 ], [ 109.485818815590363, -7.465677117817534 ], [ 109.485818815590363, -7.465407624465037 ], [ 109.486357802295359, -7.465407624465037 ], [ 109.486357802295359, -7.465138131112539 ], [ 109.486627295647864, -7.465138131112539 ], [ 109.486627295647864, -7.464868637760042 ], [ 109.486896789000355, -7.464868637760042 ], [ 109.486896789000355, -7.464599144407545 ], [ 109.48743577570535, -7.464599144407545 ], [ 109.48743577570535, -7.464329651055047 ], [ 109.489052735820337, -7.464329651055047 ], [ 109.489052735820337, -7.46406015770255 ], [ 109.49120868264032, -7.46406015770255 ], [ 109.49120868264032, -7.463790664350053 ], [ 109.495520576280271, -7.463790664350053 ], [ 109.495520576280271, -7.463521170997556 ], [ 109.496059562985266, -7.463521170997556 ], [ 109.496059562985266, -7.463790664350053 ], [ 109.497407029747748, -7.463790664350053 ], [ 109.497407029747748, -7.46406015770255 ], [ 109.498485003157739, -7.46406015770255 ], [ 109.498485003157739, -7.464329651055047 ], [ 109.499832469920221, -7.464329651055047 ], [ 109.499832469920221, -7.464599144407545 ], [ 109.501179936682718, -7.464599144407545 ], [ 109.501179936682718, -7.464868637760042 ], [ 109.502796896797705, -7.464868637760042 ], [ 109.502796896797705, -7.465138131112539 ], [ 109.504144363560187, -7.465138131112539 ], [ 109.504144363560187, -7.465407624465037 ], [ 109.505491830322669, -7.465407624465037 ], [ 109.505491830322669, -7.465677117817534 ], [ 109.506030817027664, -7.465677117817534 ], [ 109.506030817027664, -7.465946611170032 ], [ 109.50656980373266, -7.465946611170032 ], [ 109.50656980373266, -7.466216104522529 ], [ 109.507108790437655, -7.466216104522529 ], [ 109.507108790437655, -7.466485597875026 ], [ 109.507647777142651, -7.466485597875026 ], [ 109.507647777142651, -7.466755091227523 ], [ 109.508186763847647, -7.466755091227523 ], [ 109.508186763847647, -7.46702458458002 ], [ 109.508725750552642, -7.46702458458002 ], [ 109.508725750552642, -7.467294077932518 ], [ 109.509264737257638, -7.467294077932518 ], [ 109.509264737257638, -7.467563571285015 ], [ 109.509803723962634, -7.467563571285015 ], [ 109.509803723962634, -7.467833064637513 ], [ 109.51061220402012, -7.467833064637513 ], [ 109.51061220402012, -7.467563571285015 ], [ 109.511420684077606, -7.467563571285015 ], [ 109.511420684077606, -7.467294077932518 ], [ 109.512229164135107, -7.467294077932518 ], [ 109.512229164135107, -7.46702458458002 ], [ 109.513037644192593, -7.46702458458002 ], [ 109.513037644192593, -7.466755091227523 ], [ 109.513846124250094, -7.466755091227523 ], [ 109.513846124250094, -7.466485597875026 ], [ 109.514115617602585, -7.466485597875026 ], [ 109.514115617602585, -7.466216104522529 ], [ 109.51465460430758, -7.466216104522529 ], [ 109.51465460430758, -7.465946611170032 ], [ 109.515193591012576, -7.465946611170032 ], [ 109.515193591012576, -7.465677117817534 ], [ 109.515463084365066, -7.465677117817534 ], [ 109.515463084365066, -7.465407624465037 ], [ 109.516002071070062, -7.465407624465037 ], [ 109.516002071070062, -7.465138131112539 ], [ 109.516810551127563, -7.465138131112539 ], [ 109.516810551127563, -7.464868637760042 ], [ 109.517888524537554, -7.464868637760042 ], [ 109.517888524537554, -7.464599144407545 ], [ 109.51869700459504, -7.464599144407545 ], [ 109.51869700459504, -7.464329651055047 ], [ 109.519505484652527, -7.464329651055047 ], [ 109.519505484652527, -7.46406015770255 ], [ 109.520313964710027, -7.46406015770255 ], [ 109.520313964710027, -7.463790664350053 ], [ 109.523008898234991, -7.463790664350053 ], [ 109.523008898234991, -7.46406015770255 ], [ 109.524895351702483, -7.46406015770255 ], [ 109.524895351702483, -7.464329651055047 ], [ 109.526781805169961, -7.464329651055047 ], [ 109.526781805169961, -7.464599144407545 ], [ 109.528398765284948, -7.464599144407545 ], [ 109.528398765284948, -7.464868637760042 ], [ 109.529476738694925, -7.464868637760042 ], [ 109.529476738694925, -7.465138131112539 ], [ 109.530554712104916, -7.465138131112539 ], [ 109.530554712104916, -7.465407624465037 ], [ 109.531632685514907, -7.465407624465037 ], [ 109.531632685514907, -7.465677117817534 ], [ 109.532710658924898, -7.465677117817534 ], [ 109.532710658924898, -7.465946611170032 ], [ 109.53378863233489, -7.465946611170032 ], [ 109.53378863233489, -7.466216104522529 ], [ 109.535136099097372, -7.466216104522529 ], [ 109.535136099097372, -7.466485597875026 ], [ 109.535675085802367, -7.466485597875026 ], [ 109.535675085802367, -7.466755091227523 ], [ 109.536214072507363, -7.466755091227523 ], [ 109.536214072507363, -7.46702458458002 ], [ 109.536483565859868, -7.46702458458002 ], [ 109.536483565859868, -7.467294077932518 ], [ 109.536753059212359, -7.467294077932518 ], [ 109.536753059212359, -7.467563571285015 ], [ 109.537292045917354, -7.467563571285015 ], [ 109.537292045917354, -7.467833064637513 ], [ 109.537561539269845, -7.467833064637513 ], [ 109.537561539269845, -7.46810255799001 ], [ 109.53783103262235, -7.46810255799001 ], [ 109.53783103262235, -7.468372051342507 ], [ 109.538100525974841, -7.468372051342507 ], [ 109.538100525974841, -7.468641544695005 ], [ 109.538639512679836, -7.468641544695005 ], [ 109.538639512679836, -7.468911038047501 ], [ 109.54187343290981, -7.468911038047501 ], [ 109.54187343290981, -7.468641544695005 ], [ 109.542142926262301, -7.468641544695005 ], [ 109.542142926262301, -7.468372051342507 ], [ 109.542412419614806, -7.468372051342507 ], [ 109.542412419614806, -7.46810255799001 ], [ 109.542681912967296, -7.46810255799001 ], [ 109.542681912967296, -7.467563571285015 ], [ 109.542951406319801, -7.467563571285015 ], [ 109.542951406319801, -7.467294077932518 ], [ 109.543220899672292, -7.467294077932518 ], [ 109.543220899672292, -7.46702458458002 ], [ 109.543490393024797, -7.46702458458002 ], [ 109.543490393024797, -7.466485597875026 ], [ 109.543759886377288, -7.466485597875026 ], [ 109.543759886377288, -7.466216104522529 ], [ 109.544029379729793, -7.466216104522529 ], [ 109.544029379729793, -7.465946611170032 ], [ 109.544298873082283, -7.465946611170032 ], [ 109.544298873082283, -7.465407624465037 ], [ 109.544568366434774, -7.465407624465037 ], [ 109.544568366434774, -7.465138131112539 ], [ 109.544837859787279, -7.465138131112539 ], [ 109.544837859787279, -7.464599144407545 ], [ 109.54510735313977, -7.464599144407545 ], [ 109.54510735313977, -7.464329651055047 ], [ 109.545376846492275, -7.464329651055047 ], [ 109.545376846492275, -7.46406015770255 ], [ 109.545646339844765, -7.46406015770255 ], [ 109.545646339844765, -7.463790664350053 ], [ 109.54591583319727, -7.463790664350053 ], [ 109.54591583319727, -7.463521170997556 ], [ 109.546185326549761, -7.463521170997556 ], [ 109.546185326549761, -7.463251677645058 ], [ 109.546454819902266, -7.463251677645058 ], [ 109.546454819902266, -7.462982184292561 ], [ 109.546724313254757, -7.462982184292561 ], [ 109.546724313254757, -7.462712690940064 ], [ 109.546993806607261, -7.462712690940064 ], [ 109.546993806607261, -7.462443197587566 ], [ 109.547263299959752, -7.462443197587566 ], [ 109.547263299959752, -7.462173704235069 ], [ 109.548610766722234, -7.462173704235069 ], [ 109.548610766722234, -7.461904210882571 ], [ 109.550227726837221, -7.461904210882571 ], [ 109.550227726837221, -7.461634717530075 ], [ 109.551844686952208, -7.461634717530075 ], [ 109.551844686952208, -7.461365224177577 ], [ 109.553461647067195, -7.461365224177577 ], [ 109.553461647067195, -7.46109573082508 ], [ 109.554809113829677, -7.46109573082508 ], [ 109.554809113829677, -7.460826237472583 ], [ 109.555887087239668, -7.460826237472583 ], [ 109.555887087239668, -7.460556744120085 ], [ 109.556426073944664, -7.460556744120085 ], [ 109.556426073944664, -7.460287250767588 ], [ 109.556695567297155, -7.460287250767588 ], [ 109.556695567297155, -7.46001775741509 ], [ 109.55723455400215, -7.46001775741509 ], [ 109.55723455400215, -7.459748264062593 ], [ 109.557504047354655, -7.459748264062593 ], [ 109.557504047354655, -7.459478770710096 ], [ 109.558043034059651, -7.459478770710096 ], [ 109.558043034059651, -7.459209277357599 ], [ 109.558312527412141, -7.459209277357599 ], [ 109.558312527412141, -7.458939784005102 ], [ 109.558851514117137, -7.458939784005102 ], [ 109.558851514117137, -7.458670290652604 ], [ 109.559121007469642, -7.458670290652604 ], [ 109.559121007469642, -7.458400797300107 ], [ 109.559659994174623, -7.458400797300107 ], [ 109.559659994174623, -7.458131303947609 ], [ 109.559929487527128, -7.458131303947609 ], [ 109.559929487527128, -7.457861810595112 ], [ 109.560198980879619, -7.457861810595112 ], [ 109.560198980879619, -7.457592317242615 ], [ 109.560468474232124, -7.457592317242615 ], [ 109.560468474232124, -7.457322823890117 ], [ 109.56100746093712, -7.457322823890117 ], [ 109.56100746093712, -7.457053330537621 ], [ 109.56127695428961, -7.457053330537621 ], [ 109.56127695428961, -7.456783837185123 ], [ 109.561546447642115, -7.456783837185123 ], [ 109.561546447642115, -7.456514343832626 ], [ 109.561815940994606, -7.456514343832626 ], [ 109.561815940994606, -7.456244850480128 ], [ 109.562354927699602, -7.456244850480128 ], [ 109.562354927699602, -7.455975357127631 ], [ 109.562624421052107, -7.455975357127631 ], [ 109.562624421052107, -7.455705863775134 ], [ 109.562893914404597, -7.455705863775134 ], [ 109.562893914404597, -7.455436370422636 ], [ 109.563163407757088, -7.455436370422636 ], [ 109.563163407757088, -7.455166877070139 ], [ 109.563432901109593, -7.455166877070139 ], [ 109.563432901109593, -7.454897383717642 ], [ 109.563971887814589, -7.454897383717642 ], [ 109.563971887814589, -7.454627890365145 ], [ 109.564241381167079, -7.454627890365145 ], [ 109.564241381167079, -7.454358397012648 ], [ 109.564510874519584, -7.454358397012648 ], [ 109.564510874519584, -7.45408890366015 ], [ 109.564780367872075, -7.45408890366015 ], [ 109.564780367872075, -7.453819410307653 ], [ 109.56504986122458, -7.453819410307653 ], [ 109.56504986122458, -7.453549916955155 ], [ 109.56531935457707, -7.453549916955155 ], [ 109.56531935457707, -7.453280423602658 ], [ 109.565588847929575, -7.453280423602658 ], [ 109.565588847929575, -7.45301093025016 ], [ 109.566127834634571, -7.45301093025016 ], [ 109.566127834634571, -7.452741436897663 ], [ 109.566397327987062, -7.452741436897663 ], [ 109.566397327987062, -7.452471943545167 ], [ 109.566666821339567, -7.452471943545167 ], [ 109.566666821339567, -7.452202450192669 ], [ 109.566936314692057, -7.452202450192669 ], [ 109.566936314692057, -7.451932956840172 ], [ 109.567205808044548, -7.451932956840172 ], [ 109.567205808044548, -7.451663463487674 ], [ 109.567475301397053, -7.451663463487674 ], [ 109.567475301397053, -7.451393970135177 ], [ 109.567744794749544, -7.451393970135177 ], [ 109.567744794749544, -7.451124476782679 ], [ 109.568014288102049, -7.451124476782679 ], [ 109.568014288102049, -7.450854983430182 ], [ 109.568553274807044, -7.450854983430182 ], [ 109.568553274807044, -7.450585490077685 ], [ 109.568822768159535, -7.450585490077685 ], [ 109.568822768159535, -7.450315996725188 ], [ 109.56909226151204, -7.450315996725188 ], [ 109.56909226151204, -7.450046503372691 ], [ 109.569361754864531, -7.450046503372691 ], [ 109.569361754864531, -7.449777010020193 ], [ 109.569631248217036, -7.449777010020193 ], [ 109.569631248217036, -7.449507516667696 ], [ 109.569900741569526, -7.449507516667696 ], [ 109.569900741569526, -7.449238023315198 ], [ 109.570439728274522, -7.449238023315198 ], [ 109.570439728274522, -7.448968529962701 ], [ 109.570709221627013, -7.448968529962701 ], [ 109.570709221627013, -7.448699036610204 ], [ 109.571248208332008, -7.448699036610204 ], [ 109.571248208332008, -7.448429543257706 ], [ 109.571517701684513, -7.448429543257706 ], [ 109.571517701684513, -7.448160049905209 ], [ 109.572056688389509, -7.448160049905209 ], [ 109.572056688389509, -7.447890556552712 ], [ 109.572326181742, -7.447890556552712 ], [ 109.572326181742, -7.447621063200215 ], [ 109.572865168446995, -7.447621063200215 ], [ 109.572865168446995, -7.447351569847718 ], [ 109.5731346617995, -7.447351569847718 ], [ 109.5731346617995, -7.44708207649522 ], [ 109.573673648504496, -7.44708207649522 ], [ 109.573673648504496, -7.446812583142723 ], [ 109.573943141856986, -7.446812583142723 ], [ 109.573943141856986, -7.446543089790225 ], [ 109.574482128561982, -7.446543089790225 ], [ 109.574482128561982, -7.446273596437728 ], [ 109.574751621914473, -7.446273596437728 ], [ 109.574751621914473, -7.44600410308523 ], [ 109.575290608619468, -7.44600410308523 ], [ 109.575290608619468, -7.445734609732733 ], [ 109.575560101971973, -7.445734609732733 ], [ 109.575560101971973, -7.445465116380237 ], [ 109.576099088676969, -7.445465116380237 ], [ 109.576099088676969, -7.445195623027739 ], [ 109.57636858202946, -7.445195623027739 ], [ 109.57636858202946, -7.444926129675242 ], [ 109.576907568734455, -7.444926129675242 ], [ 109.576907568734455, -7.444656636322744 ], [ 109.57717706208696, -7.444656636322744 ], [ 109.57717706208696, -7.444387142970247 ], [ 109.577716048791956, -7.444387142970247 ], [ 109.577716048791956, -7.44411764961775 ], [ 109.577985542144447, -7.44411764961775 ], [ 109.577985542144447, -7.443848156265252 ], [ 109.578524528849442, -7.443848156265252 ], [ 109.578524528849442, -7.443578662912755 ], [ 109.579063515554438, -7.443578662912755 ], [ 109.579063515554438, -7.443309169560258 ], [ 109.579602502259434, -7.443309169560258 ], [ 109.579602502259434, -7.443039676207761 ], [ 109.580141488964429, -7.443039676207761 ], [ 109.580141488964429, -7.442770182855263 ], [ 109.580680475669425, -7.442770182855263 ], [ 109.580680475669425, -7.442500689502766 ], [ 109.58121946237442, -7.442500689502766 ], [ 109.58121946237442, -7.442231196150269 ], [ 109.581758449079402, -7.442231196150269 ], [ 109.581758449079402, -7.441961702797771 ], [ 109.582297435784398, -7.441961702797771 ], [ 109.582297435784398, -7.441692209445274 ], [ 109.582836422489393, -7.441692209445274 ], [ 109.582836422489393, -7.441422716092776 ], [ 109.583375409194389, -7.441422716092776 ], [ 109.583375409194389, -7.441153222740279 ], [ 109.583914395899384, -7.441153222740279 ], [ 109.583914395899384, -7.440883729387782 ], [ 109.584183889251889, -7.440883729387782 ], [ 109.584183889251889, -7.440614236035285 ], [ 109.58445338260438, -7.440614236035285 ], [ 109.58445338260438, -7.440344742682788 ], [ 109.584722875956885, -7.440344742682788 ], [ 109.584722875956885, -7.44007524933029 ], [ 109.584992369309376, -7.44007524933029 ], [ 109.584992369309376, -7.439805755977793 ], [ 109.585261862661881, -7.439805755977793 ], [ 109.585261862661881, -7.439536262625295 ], [ 109.585531356014371, -7.439536262625295 ], [ 109.585531356014371, -7.439266769272798 ], [ 109.585800849366862, -7.439266769272798 ], [ 109.585800849366862, -7.4389972759203 ], [ 109.586070342719367, -7.4389972759203 ], [ 109.586070342719367, -7.438727782567804 ], [ 109.586339836071858, -7.438727782567804 ], [ 109.586339836071858, -7.438458289215307 ], [ 109.586609329424363, -7.438458289215307 ], [ 109.586609329424363, -7.438188795862809 ], [ 109.586878822776853, -7.438188795862809 ], [ 109.586878822776853, -7.437919302510312 ], [ 109.587148316129358, -7.437919302510312 ], [ 109.587148316129358, -7.437649809157814 ], [ 109.587417809481849, -7.437649809157814 ], [ 109.587417809481849, -7.437380315805317 ], [ 109.587687302834354, -7.437380315805317 ], [ 109.587687302834354, -7.437110822452819 ], [ 109.587956796186845, -7.437110822452819 ], [ 109.587956796186845, -7.436571835747825 ], [ 109.58822628953935, -7.436571835747825 ], [ 109.58822628953935, -7.436302342395328 ], [ 109.58849578289184, -7.436302342395328 ], [ 109.58849578289184, -7.435763355690333 ], [ 109.588765276244345, -7.435763355690333 ], [ 109.588765276244345, -7.435493862337836 ], [ 109.589034769596836, -7.435493862337836 ], [ 109.589034769596836, -7.434954875632841 ], [ 109.589304262949327, -7.434954875632841 ], [ 109.589304262949327, -7.434685382280344 ], [ 109.589573756301832, -7.434685382280344 ], [ 109.589573756301832, -7.43414639557535 ], [ 109.589843249654322, -7.43414639557535 ], [ 109.589843249654322, -7.433876902222852 ], [ 109.590112743006827, -7.433876902222852 ], [ 109.590112743006827, -7.433337915517858 ], [ 109.590382236359318, -7.433337915517858 ], [ 109.590382236359318, -7.43306842216536 ], [ 109.590651729711823, -7.43306842216536 ], [ 109.590651729711823, -7.432798928812863 ], [ 109.590921223064313, -7.432798928812863 ], [ 109.590921223064313, -7.432259942107868 ], [ 109.591190716416818, -7.432259942107868 ], [ 109.591190716416818, -7.431990448755371 ], [ 109.591460209769309, -7.431990448755371 ], [ 109.591460209769309, -7.431451462050377 ], [ 109.591729703121814, -7.431451462050377 ], [ 109.591729703121814, -7.430912475345382 ], [ 109.591999196474305, -7.430912475345382 ], [ 109.591999196474305, -7.430373488640387 ], [ 109.59226868982681, -7.430373488640387 ], [ 109.59226868982681, -7.43010399528789 ], [ 109.5925381831793, -7.43010399528789 ], [ 109.5925381831793, -7.429565008582895 ], [ 109.592807676531805, -7.429565008582895 ], [ 109.592807676531805, -7.429026021877901 ], [ 109.593077169884296, -7.429026021877901 ], [ 109.593077169884296, -7.428487035172906 ], [ 109.593346663236787, -7.428487035172906 ], [ 109.593346663236787, -7.428217541820409 ], [ 109.593616156589292, -7.428217541820409 ], [ 109.593616156589292, -7.427678555115414 ], [ 109.593885649941782, -7.427678555115414 ], [ 109.593885649941782, -7.42713956841042 ], [ 109.594155143294287, -7.42713956841042 ], [ 109.594155143294287, -7.426600581705425 ], [ 109.594424636646778, -7.426600581705425 ], [ 109.594424636646778, -7.426331088352928 ], [ 109.594694129999283, -7.426331088352928 ], [ 109.594694129999283, -7.42606159500043 ], [ 109.594963623351774, -7.42606159500043 ], [ 109.594963623351774, -7.425792101647933 ], [ 109.595502610056769, -7.425792101647933 ], [ 109.595502610056769, -7.425522608295435 ], [ 109.595772103409274, -7.425522608295435 ], [ 109.595772103409274, -7.425253114942938 ], [ 109.59631109011427, -7.425253114942938 ], [ 109.59631109011427, -7.424983621590441 ], [ 109.596580583466761, -7.424983621590441 ], [ 109.596580583466761, -7.424714128237944 ], [ 109.597119570171756, -7.424714128237944 ], [ 109.597119570171756, -7.424444634885447 ], [ 109.597389063524247, -7.424444634885447 ], [ 109.597389063524247, -7.424175141532949 ], [ 109.597928050229243, -7.424175141532949 ], [ 109.597928050229243, -7.423905648180452 ], [ 109.598197543581747, -7.423905648180452 ], [ 109.598197543581747, -7.423636154827954 ], [ 109.598467036934238, -7.423636154827954 ], [ 109.598467036934238, -7.423366661475457 ], [ 109.598736530286743, -7.423366661475457 ], [ 109.598736530286743, -7.42309716812296 ], [ 109.599006023639234, -7.42309716812296 ], [ 109.599006023639234, -7.422827674770462 ], [ 109.599545010344229, -7.422827674770462 ], [ 109.599545010344229, -7.422558181417966 ], [ 109.599814503696734, -7.422558181417966 ], [ 109.599814503696734, -7.422288688065468 ], [ 109.600353490401716, -7.422288688065468 ], [ 109.600353490401716, -7.422019194712971 ], [ 109.600622983754221, -7.422019194712971 ], [ 109.600622983754221, -7.421749701360473 ], [ 109.601161970459216, -7.421749701360473 ], [ 109.601161970459216, -7.421480208007976 ], [ 109.601431463811707, -7.421480208007976 ], [ 109.601431463811707, -7.421210714655479 ], [ 109.601970450516703, -7.421210714655479 ], [ 109.601970450516703, -7.420941221302981 ], [ 109.602239943869208, -7.420941221302981 ], [ 109.602239943869208, -7.420671727950484 ], [ 109.602778930574203, -7.420671727950484 ], [ 109.602778930574203, -7.420402234597987 ], [ 109.603048423926694, -7.420402234597987 ], [ 109.603048423926694, -7.42013274124549 ], [ 109.603856903984195, -7.42013274124549 ], [ 109.603856903984195, -7.419863247892993 ], [ 109.604395890689176, -7.419863247892993 ], [ 109.604395890689176, -7.419593754540495 ], [ 109.605204370746677, -7.419593754540495 ], [ 109.605204370746677, -7.419324261187998 ], [ 109.606012850804163, -7.419324261187998 ], [ 109.606012850804163, -7.4190547678355 ], [ 109.606551837509159, -7.4190547678355 ], [ 109.606551837509159, -7.418785274483003 ], [ 109.607360317566659, -7.418785274483003 ], [ 109.607360317566659, -7.418515781130505 ], [ 109.608168797624145, -7.418515781130505 ], [ 109.608168797624145, -7.418246287778008 ], [ 109.608977277681632, -7.418246287778008 ], [ 109.608977277681632, -7.417976794425511 ], [ 109.609516264386627, -7.417976794425511 ], [ 109.609516264386627, -7.417707301073014 ], [ 109.609785757739132, -7.417707301073014 ], [ 109.609785757739132, -7.417437807720517 ], [ 109.610055251091623, -7.417437807720517 ], [ 109.610055251091623, -7.417168314368019 ], [ 109.610594237796619, -7.417168314368019 ], [ 109.610594237796619, -7.416898821015522 ], [ 109.610863731149124, -7.416898821015522 ], [ 109.610863731149124, -7.416629327663024 ], [ 109.611402717854119, -7.416629327663024 ], [ 109.611402717854119, -7.416359834310527 ], [ 109.61167221120661, -7.416359834310527 ], [ 109.61167221120661, -7.41609034095803 ], [ 109.611941704559101, -7.41609034095803 ], [ 109.611941704559101, -7.415820847605533 ], [ 109.612480691264096, -7.415820847605533 ], [ 109.612480691264096, -7.415551354253036 ], [ 109.612750184616601, -7.415551354253036 ], [ 109.612750184616601, -7.415281860900538 ], [ 109.613019677969092, -7.415281860900538 ], [ 109.613019677969092, -7.415012367548041 ], [ 109.613289171321597, -7.415012367548041 ], [ 109.613289171321597, -7.414473380843046 ], [ 109.613558664674088, -7.414473380843046 ], [ 109.613558664674088, -7.413934394138051 ], [ 109.613828158026593, -7.413934394138051 ], [ 109.613828158026593, -7.41312591408056 ], [ 109.614097651379083, -7.41312591408056 ], [ 109.614097651379083, -7.412586927375565 ], [ 109.614367144731588, -7.412586927375565 ], [ 109.614367144731588, -7.411778447318073 ], [ 109.614636638084079, -7.411778447318073 ], [ 109.614636638084079, -7.411239460613078 ], [ 109.614906131436584, -7.411239460613078 ], [ 109.614906131436584, -7.410700473908084 ], [ 109.615175624789075, -7.410700473908084 ], [ 109.615175624789075, -7.410161487203089 ], [ 109.615445118141565, -7.410161487203089 ], [ 109.615445118141565, -7.409891993850592 ], [ 109.615984104846561, -7.409891993850592 ], [ 109.615984104846561, -7.409622500498094 ], [ 109.616523091551556, -7.409622500498094 ], [ 109.616523091551556, -7.409353007145597 ], [ 109.616792584904061, -7.409353007145597 ], [ 109.616792584904061, -7.4090835137931 ], [ 109.617331571609057, -7.4090835137931 ], [ 109.617331571609057, -7.408814020440603 ], [ 109.617601064961548, -7.408814020440603 ], [ 109.617601064961548, -7.408544527088106 ], [ 109.618140051666543, -7.408544527088106 ], [ 109.618140051666543, -7.408275033735608 ], [ 109.618679038371539, -7.408275033735608 ], [ 109.618679038371539, -7.408005540383111 ], [ 109.619487518429025, -7.408005540383111 ], [ 109.619487518429025, -7.407736047030614 ], [ 109.620295998486526, -7.407736047030614 ], [ 109.620295998486526, -7.407466553678116 ], [ 109.620834985191522, -7.407466553678116 ], [ 109.620834985191522, -7.407197060325619 ], [ 109.621643465249008, -7.407197060325619 ], [ 109.621643465249008, -7.406927566973121 ], [ 109.622451945306508, -7.406927566973121 ], [ 109.622451945306508, -7.406658073620624 ], [ 109.62299093201149, -7.406658073620624 ], [ 109.62299093201149, -7.406388580268127 ], [ 109.62379941206899, -7.406388580268127 ], [ 109.62379941206899, -7.40611908691563 ], [ 109.624607892126477, -7.40611908691563 ], [ 109.624607892126477, -7.405849593563133 ], [ 109.625685865536468, -7.405849593563133 ], [ 109.625685865536468, -7.405580100210635 ], [ 109.628111305708941, -7.405580100210635 ], [ 109.628111305708941, -7.405310606858138 ], [ 109.630267252528924, -7.405310606858138 ], [ 109.630267252528924, -7.40504111350564 ], [ 109.632423199348906, -7.40504111350564 ], [ 109.632423199348906, -7.404771620153143 ], [ 109.633501172758898, -7.404771620153143 ], [ 109.633501172758898, -7.404502126800645 ], [ 109.634309652816384, -7.404502126800645 ], [ 109.634309652816384, -7.404232633448149 ], [ 109.63511813287387, -7.404232633448149 ], [ 109.63511813287387, -7.403963140095652 ], [ 109.636196106283862, -7.403963140095652 ], [ 109.636196106283862, -7.403693646743154 ], [ 109.637274079693853, -7.403693646743154 ], [ 109.637274079693853, -7.403424153390657 ], [ 109.638082559751339, -7.403424153390657 ], [ 109.638082559751339, -7.403154660038159 ], [ 109.639160533161331, -7.403154660038159 ], [ 109.639160533161331, -7.402885166685662 ], [ 109.640238506571322, -7.402885166685662 ], [ 109.640238506571322, -7.402615673333164 ], [ 109.641046986628822, -7.402615673333164 ], [ 109.641046986628822, -7.402346179980667 ], [ 109.642124960038799, -7.402346179980667 ], [ 109.642124960038799, -7.40207668662817 ], [ 109.643202933448791, -7.40207668662817 ], [ 109.643202933448791, -7.401807193275673 ], [ 109.644011413506291, -7.401807193275673 ], [ 109.644011413506291, -7.401537699923176 ], [ 109.645089386916283, -7.401537699923176 ], [ 109.645089386916283, -7.401268206570678 ], [ 109.64616736032626, -7.401268206570678 ], [ 109.64616736032626, -7.400998713218181 ], [ 109.648053813793751, -7.400998713218181 ], [ 109.648053813793751, -7.401268206570678 ], [ 109.649670773908724, -7.401268206570678 ], [ 109.649670773908724, -7.401537699923176 ], [ 109.651287734023711, -7.401537699923176 ], [ 109.651287734023711, -7.401807193275673 ], [ 109.652904694138698, -7.401807193275673 ], [ 109.652904694138698, -7.40207668662817 ], [ 109.653174187491189, -7.40207668662817 ], [ 109.653174187491189, -7.402346179980667 ], [ 109.653713174196184, -7.402346179980667 ], [ 109.653713174196184, -7.402615673333164 ], [ 109.65425216090118, -7.402615673333164 ], [ 109.65425216090118, -7.402885166685662 ], [ 109.654791147606176, -7.402885166685662 ], [ 109.654791147606176, -7.403154660038159 ], [ 109.655060640958681, -7.403154660038159 ], [ 109.655060640958681, -7.403424153390657 ], [ 109.655599627663676, -7.403424153390657 ], [ 109.655599627663676, -7.403693646743154 ], [ 109.656138614368672, -7.403693646743154 ], [ 109.656138614368672, -7.403963140095652 ], [ 109.656677601073653, -7.403963140095652 ], [ 109.656677601073653, -7.404232633448149 ], [ 109.656947094426158, -7.404232633448149 ], [ 109.656947094426158, -7.404502126800645 ], [ 109.657486081131154, -7.404502126800645 ], [ 109.657486081131154, -7.404771620153143 ], [ 109.658025067836149, -7.404771620153143 ], [ 109.658025067836149, -7.40504111350564 ], [ 109.658564054541145, -7.40504111350564 ], [ 109.658564054541145, -7.405310606858138 ], [ 109.658833547893636, -7.405310606858138 ], [ 109.658833547893636, -7.405580100210635 ], [ 109.659372534598631, -7.405580100210635 ], [ 109.659372534598631, -7.405849593563133 ], [ 109.659911521303627, -7.405849593563133 ], [ 109.659911521303627, -7.40611908691563 ], [ 109.660450508008623, -7.40611908691563 ], [ 109.660450508008623, -7.406388580268127 ], [ 109.660720001361113, -7.406388580268127 ], [ 109.660720001361113, -7.406658073620624 ], [ 109.661258988066109, -7.406658073620624 ], [ 109.661258988066109, -7.406927566973121 ], [ 109.661797974771105, -7.406927566973121 ], [ 109.661797974771105, -7.407197060325619 ], [ 109.6623369614761, -7.407197060325619 ], [ 109.6623369614761, -7.407466553678116 ], [ 109.662606454828605, -7.407466553678116 ], [ 109.662606454828605, -7.407736047030614 ], [ 109.663145441533601, -7.407736047030614 ], [ 109.663145441533601, -7.408005540383111 ], [ 109.663684428238597, -7.408005540383111 ], [ 109.663684428238597, -7.408275033735608 ], [ 109.663953921591087, -7.408275033735608 ], [ 109.663953921591087, -7.408544527088106 ], [ 109.664492908296083, -7.408544527088106 ], [ 109.664492908296083, -7.408814020440603 ], [ 109.665031895001079, -7.408814020440603 ], [ 109.665031895001079, -7.4090835137931 ], [ 109.665301388353569, -7.4090835137931 ], [ 109.665301388353569, -7.409353007145597 ], [ 109.665840375058565, -7.409353007145597 ], [ 109.665840375058565, -7.409622500498094 ], [ 109.66637936176356, -7.409622500498094 ], [ 109.66637936176356, -7.409891993850592 ], [ 109.667187841821061, -7.409891993850592 ], [ 109.667187841821061, -7.410161487203089 ], [ 109.668265815231038, -7.410161487203089 ], [ 109.668265815231038, -7.410430980555587 ], [ 109.669343788641029, -7.410430980555587 ], [ 109.669343788641029, -7.410700473908084 ], [ 109.670691255403526, -7.410700473908084 ], [ 109.670691255403526, -7.410969967260582 ], [ 109.671769228813503, -7.410969967260582 ], [ 109.671769228813503, -7.411239460613078 ], [ 109.673116695575999, -7.411239460613078 ], [ 109.673116695575999, -7.410969967260582 ], [ 109.67338618892849, -7.410969967260582 ], [ 109.67338618892849, -7.410700473908084 ], [ 109.673925175633485, -7.410700473908084 ], [ 109.673925175633485, -7.410430980555587 ], [ 109.67419466898599, -7.410430980555587 ], [ 109.67419466898599, -7.410161487203089 ], [ 109.674733655690986, -7.410161487203089 ], [ 109.674733655690986, -7.409891993850592 ], [ 109.675003149043476, -7.409891993850592 ], [ 109.675003149043476, -7.409622500498094 ], [ 109.675542135748472, -7.409622500498094 ], [ 109.675542135748472, -7.409353007145597 ], [ 109.676081122453468, -7.409353007145597 ], [ 109.676081122453468, -7.4090835137931 ], [ 109.676350615805958, -7.4090835137931 ], [ 109.676350615805958, -7.408814020440603 ], [ 109.676889602510954, -7.408814020440603 ], [ 109.676889602510954, -7.408544527088106 ], [ 109.677159095863459, -7.408544527088106 ], [ 109.677159095863459, -7.408275033735608 ], [ 109.677698082568455, -7.408275033735608 ], [ 109.677698082568455, -7.408005540383111 ], [ 109.677967575920945, -7.408005540383111 ], [ 109.677967575920945, -7.407736047030614 ], [ 109.678506562625941, -7.407736047030614 ], [ 109.678506562625941, -7.407466553678116 ], [ 109.679045549330937, -7.407466553678116 ], [ 109.679045549330937, -7.407197060325619 ], [ 109.679584536035932, -7.407197060325619 ], [ 109.679584536035932, -7.406927566973121 ], [ 109.679854029388423, -7.406927566973121 ], [ 109.679854029388423, -7.406658073620624 ], [ 109.680393016093419, -7.406658073620624 ], [ 109.680393016093419, -7.406388580268127 ], [ 109.680932002798414, -7.406388580268127 ], [ 109.680932002798414, -7.40611908691563 ], [ 109.68147098950341, -7.40611908691563 ], [ 109.68147098950341, -7.405849593563133 ], [ 109.681740482855915, -7.405849593563133 ], [ 109.681740482855915, -7.405580100210635 ], [ 109.68227946956091, -7.405580100210635 ], [ 109.68227946956091, -7.405310606858138 ], [ 109.682818456265892, -7.405310606858138 ], [ 109.682818456265892, -7.40504111350564 ], [ 109.683357442970888, -7.40504111350564 ], [ 109.683357442970888, -7.404771620153143 ], [ 109.683626936323392, -7.404771620153143 ], [ 109.683626936323392, -7.404502126800645 ], [ 109.683896429675883, -7.404502126800645 ], [ 109.683896429675883, -7.404771620153143 ], [ 109.685243896438379, -7.404771620153143 ], [ 109.685243896438379, -7.40504111350564 ], [ 109.686321869848356, -7.40504111350564 ], [ 109.686321869848356, -7.405310606858138 ], [ 109.687669336610853, -7.405310606858138 ], [ 109.687669336610853, -7.405580100210635 ], [ 109.688747310020844, -7.405580100210635 ], [ 109.688747310020844, -7.405849593563133 ], [ 109.690364270135817, -7.405849593563133 ], [ 109.690364270135817, -7.40611908691563 ], [ 109.691711736898313, -7.40611908691563 ], [ 109.691711736898313, -7.406388580268127 ], [ 109.693059203660795, -7.406388580268127 ], [ 109.693059203660795, -7.406658073620624 ], [ 109.694676163775782, -7.406658073620624 ], [ 109.694676163775782, -7.406927566973121 ], [ 109.695215150480777, -7.406927566973121 ], [ 109.695215150480777, -7.406658073620624 ], [ 109.695754137185773, -7.406658073620624 ], [ 109.695754137185773, -7.406388580268127 ], [ 109.696293123890769, -7.406388580268127 ], [ 109.696293123890769, -7.40611908691563 ], [ 109.696832110595764, -7.40611908691563 ], [ 109.696832110595764, -7.405849593563133 ], [ 109.69737109730076, -7.405849593563133 ], [ 109.69737109730076, -7.405580100210635 ], [ 109.697640590653251, -7.405580100210635 ], [ 109.697640590653251, -7.405310606858138 ], [ 109.698179577358246, -7.405310606858138 ], [ 109.698179577358246, -7.40504111350564 ], [ 109.698718564063242, -7.40504111350564 ], [ 109.698718564063242, -7.404771620153143 ], [ 109.699796537473233, -7.404771620153143 ], [ 109.699796537473233, -7.404502126800645 ], [ 109.701144004235715, -7.404502126800645 ], [ 109.701144004235715, -7.404232633448149 ], [ 109.702760964350702, -7.404232633448149 ], [ 109.702760964350702, -7.403963140095652 ], [ 109.704108431113184, -7.403963140095652 ], [ 109.704108431113184, -7.403693646743154 ], [ 109.70464741781818, -7.403693646743154 ], [ 109.70464741781818, -7.403424153390657 ], [ 109.705186404523175, -7.403424153390657 ], [ 109.705186404523175, -7.403154660038159 ], [ 109.705455897875666, -7.403154660038159 ], [ 109.705455897875666, -7.402885166685662 ], [ 109.705994884580662, -7.402885166685662 ], [ 109.705994884580662, -7.402615673333164 ], [ 109.706533871285657, -7.402615673333164 ], [ 109.706533871285657, -7.402346179980667 ], [ 109.707072857990653, -7.402346179980667 ], [ 109.707072857990653, -7.40207668662817 ], [ 109.707342351343158, -7.40207668662817 ], [ 109.707342351343158, -7.401807193275673 ], [ 109.707881338048153, -7.401807193275673 ], [ 109.707881338048153, -7.401537699923176 ], [ 109.70868981810564, -7.401537699923176 ], [ 109.70868981810564, -7.401268206570678 ], [ 109.709498298163126, -7.401268206570678 ], [ 109.709498298163126, -7.400998713218181 ], [ 109.710306778220627, -7.400998713218181 ], [ 109.710306778220627, -7.400729219865684 ], [ 109.711115258278113, -7.400729219865684 ], [ 109.711115258278113, -7.400459726513186 ], [ 109.712193231688104, -7.400459726513186 ], [ 109.712193231688104, -7.400190233160689 ], [ 109.713001711745591, -7.400190233160689 ], [ 109.713001711745591, -7.399920739808191 ], [ 109.715696645270569, -7.399920739808191 ], [ 109.715696645270569, -7.399651246455694 ], [ 109.715966138623074, -7.399651246455694 ], [ 109.715966138623074, -7.399381753103197 ], [ 109.716235631975565, -7.399381753103197 ], [ 109.716235631975565, -7.3991122597507 ], [ 109.717044112033051, -7.3991122597507 ], [ 109.717044112033051, -7.398842766398203 ], [ 109.717313605385556, -7.398842766398203 ], [ 109.717313605385556, -7.398573273045705 ], [ 109.717583098738046, -7.398573273045705 ], [ 109.717583098738046, -7.398303779693208 ], [ 109.719469552205538, -7.398303779693208 ], [ 109.719469552205538, -7.39803428634071 ], [ 109.72081701896802, -7.39803428634071 ], [ 109.72081701896802, -7.397764792988213 ], [ 109.721086512320511, -7.397764792988213 ], [ 109.721086512320511, -7.397495299635716 ], [ 109.721625499025507, -7.397495299635716 ], [ 109.721625499025507, -7.397225806283219 ], [ 109.721894992378012, -7.397225806283219 ], [ 109.721894992378012, -7.396956312930722 ], [ 109.722433979083007, -7.396956312930722 ], [ 109.722433979083007, -7.396686819578224 ], [ 109.722703472435498, -7.396686819578224 ], [ 109.722703472435498, -7.396417326225727 ], [ 109.722972965788003, -7.396417326225727 ], [ 109.722972965788003, -7.396147832873229 ], [ 109.723242459140494, -7.396147832873229 ], [ 109.723242459140494, -7.395878339520732 ], [ 109.723511952492998, -7.395878339520732 ], [ 109.723511952492998, -7.395608846168235 ], [ 109.723781445845489, -7.395608846168235 ], [ 109.723781445845489, -7.395339352815737 ], [ 109.72405093919798, -7.395339352815737 ], [ 109.72405093919798, -7.39506985946324 ], [ 109.724320432550485, -7.39506985946324 ], [ 109.724320432550485, -7.394800366110743 ], [ 109.724589925902976, -7.394800366110743 ], [ 109.724589925902976, -7.394530872758246 ], [ 109.725128912607971, -7.394530872758246 ], [ 109.725128912607971, -7.394261379405748 ], [ 109.727284859427954, -7.394261379405748 ], [ 109.727284859427954, -7.393991886053251 ], [ 109.729440806247936, -7.393991886053251 ], [ 109.729440806247936, -7.393722392700754 ], [ 109.731596753067905, -7.393722392700754 ], [ 109.731596753067905, -7.393452899348256 ], [ 109.732405233125405, -7.393452899348256 ], [ 109.732405233125405, -7.393183405995759 ], [ 109.733483206535396, -7.393183405995759 ], [ 109.733483206535396, -7.392913912643261 ], [ 109.734561179945388, -7.392913912643261 ], [ 109.734561179945388, -7.392644419290765 ], [ 109.735369660002874, -7.392644419290765 ], [ 109.735369660002874, -7.392374925938267 ], [ 109.73617814006036, -7.392374925938267 ], [ 109.73617814006036, -7.392644419290765 ], [ 109.738064593527852, -7.392644419290765 ], [ 109.738064593527852, -7.392913912643261 ], [ 109.739681553642825, -7.392913912643261 ], [ 109.739681553642825, -7.393183405995759 ], [ 109.741837500462807, -7.393183405995759 ], [ 109.741837500462807, -7.393452899348256 ], [ 109.744262940635281, -7.393452899348256 ], [ 109.744262940635281, -7.393722392700754 ], [ 109.746957874160259, -7.393722392700754 ], [ 109.746957874160259, -7.393991886053251 ], [ 109.749383314332732, -7.393991886053251 ], [ 109.749383314332732, -7.394261379405748 ], [ 109.751539261152715, -7.394261379405748 ], [ 109.751539261152715, -7.394530872758246 ], [ 109.761241021842608, -7.394530872758246 ], [ 109.761241021842608, -7.394800366110743 ], [ 109.765552915482573, -7.394800366110743 ], [ 109.765552915482573, -7.39506985946324 ], [ 109.767978355655046, -7.39506985946324 ], [ 109.767978355655046, -7.394530872758246 ], [ 109.768247849007551, -7.394530872758246 ], [ 109.768247849007551, -7.393991886053251 ], [ 109.768517342360042, -7.393991886053251 ], [ 109.768517342360042, -7.393722392700754 ], [ 109.768247849007551, -7.393722392700754 ], [ 109.768247849007551, -7.393183405995759 ], [ 109.76743936895005, -7.393183405995759 ], [ 109.76743936895005, -7.392913912643261 ], [ 109.764744435425072, -7.392913912643261 ], [ 109.764744435425072, -7.393183405995759 ], [ 109.7631274753101, -7.393183405995759 ], [ 109.7631274753101, -7.392913912643261 ], [ 109.762588488605104, -7.392913912643261 ], [ 109.762588488605104, -7.392644419290765 ], [ 109.762049501900108, -7.392644419290765 ], [ 109.762049501900108, -7.392374925938267 ], [ 109.761510515195113, -7.392374925938267 ], [ 109.761510515195113, -7.39210543258577 ], [ 109.760971528490117, -7.39210543258577 ], [ 109.760971528490117, -7.391835939233273 ], [ 109.760702035137626, -7.391835939233273 ], [ 109.760702035137626, -7.391566445880775 ], [ 109.760432541785121, -7.391566445880775 ], [ 109.760432541785121, -7.391296952528278 ], [ 109.760163048432631, -7.391296952528278 ], [ 109.760163048432631, -7.390757965823283 ], [ 109.759893555080126, -7.390757965823283 ], [ 109.759893555080126, -7.390488472470786 ], [ 109.759624061727635, -7.390488472470786 ], [ 109.759624061727635, -7.390218979118289 ], [ 109.75935456837513, -7.390218979118289 ], [ 109.75935456837513, -7.389679992413294 ], [ 109.759085075022639, -7.389679992413294 ], [ 109.759085075022639, -7.389410499060797 ], [ 109.758815581670135, -7.389410499060797 ], [ 109.758815581670135, -7.389141005708299 ], [ 109.758276594965139, -7.389141005708299 ], [ 109.758276594965139, -7.388871512355802 ], [ 109.754503688030184, -7.388871512355802 ], [ 109.754503688030184, -7.389141005708299 ], [ 109.753964701325188, -7.389141005708299 ], [ 109.753964701325188, -7.389410499060797 ], [ 109.753425714620192, -7.389410499060797 ], [ 109.753425714620192, -7.389679992413294 ], [ 109.752886727915197, -7.389679992413294 ], [ 109.752886727915197, -7.389949485765792 ], [ 109.752617234562706, -7.389949485765792 ], [ 109.752617234562706, -7.390218979118289 ], [ 109.75207824785771, -7.390218979118289 ], [ 109.75207824785771, -7.390488472470786 ], [ 109.751808754505205, -7.390488472470786 ], [ 109.751808754505205, -7.390757965823283 ], [ 109.750730781095214, -7.390757965823283 ], [ 109.750730781095214, -7.390218979118289 ], [ 109.751000274447719, -7.390218979118289 ], [ 109.751000274447719, -7.389410499060797 ], [ 109.75126976780021, -7.389410499060797 ], [ 109.75126976780021, -7.388602019003305 ], [ 109.751539261152715, -7.388602019003305 ], [ 109.751539261152715, -7.388332525650807 ], [ 109.751808754505205, -7.388332525650807 ], [ 109.751808754505205, -7.388063032298311 ], [ 109.75207824785771, -7.388063032298311 ], [ 109.75207824785771, -7.387524045593316 ], [ 109.752347741210201, -7.387524045593316 ], [ 109.752347741210201, -7.387254552240818 ], [ 109.752617234562706, -7.387254552240818 ], [ 109.752617234562706, -7.386715565535824 ], [ 109.752886727915197, -7.386715565535824 ], [ 109.752886727915197, -7.386176578830829 ], [ 109.753156221267702, -7.386176578830829 ], [ 109.753156221267702, -7.384559618715845 ], [ 109.753425714620192, -7.384559618715845 ], [ 109.753425714620192, -7.38402063201085 ], [ 109.754503688030184, -7.38402063201085 ], [ 109.754503688030184, -7.384290125363348 ], [ 109.755042674735179, -7.384290125363348 ], [ 109.755042674735179, -7.384559618715845 ], [ 109.75531216808767, -7.384559618715845 ], [ 109.75531216808767, -7.38509860542084 ], [ 109.755581661440175, -7.38509860542084 ], [ 109.755581661440175, -7.385368098773337 ], [ 109.755851154792666, -7.385368098773337 ], [ 109.755851154792666, -7.385907085478332 ], [ 109.756390141497661, -7.385907085478332 ], [ 109.756390141497661, -7.385637592125835 ], [ 109.757468114907653, -7.385637592125835 ], [ 109.757468114907653, -7.385368098773337 ], [ 109.758815581670135, -7.385368098773337 ], [ 109.758815581670135, -7.385637592125835 ], [ 109.75935456837513, -7.385637592125835 ], [ 109.75935456837513, -7.385907085478332 ], [ 109.759893555080126, -7.385907085478332 ], [ 109.759893555080126, -7.386176578830829 ], [ 109.760971528490117, -7.386176578830829 ], [ 109.760971528490117, -7.385907085478332 ], [ 109.761241021842608, -7.385907085478332 ], [ 109.761241021842608, -7.385368098773337 ], [ 109.761510515195113, -7.385368098773337 ], [ 109.761510515195113, -7.38402063201085 ], [ 109.761241021842608, -7.38402063201085 ], [ 109.761241021842608, -7.383212151953359 ], [ 109.760971528490117, -7.383212151953359 ], [ 109.760971528490117, -7.382942658600862 ], [ 109.761241021842608, -7.382942658600862 ], [ 109.761241021842608, -7.382673165248364 ], [ 109.761510515195113, -7.382673165248364 ], [ 109.761510515195113, -7.382942658600862 ], [ 109.762318995252599, -7.382942658600862 ], [ 109.762318995252599, -7.383212151953359 ], [ 109.763666462015095, -7.383212151953359 ], [ 109.763666462015095, -7.382942658600862 ], [ 109.763935955367586, -7.382942658600862 ], [ 109.763935955367586, -7.382673165248364 ], [ 109.764474942072582, -7.382673165248364 ], [ 109.764474942072582, -7.379439245018396 ], [ 109.764744435425072, -7.379439245018396 ], [ 109.764744435425072, -7.378900258313402 ], [ 109.765283422130068, -7.378900258313402 ], [ 109.765283422130068, -7.378630764960905 ], [ 109.765552915482573, -7.378630764960905 ], [ 109.765552915482573, -7.378361271608407 ], [ 109.765822408835064, -7.378361271608407 ], [ 109.765822408835064, -7.37809177825591 ], [ 109.766361395540059, -7.37809177825591 ], [ 109.766361395540059, -7.377822284903413 ], [ 109.766630888892564, -7.377822284903413 ], [ 109.766630888892564, -7.377552791550915 ], [ 109.766091902187569, -7.377552791550915 ], [ 109.766091902187569, -7.377283298198418 ], [ 109.765552915482573, -7.377283298198418 ], [ 109.765552915482573, -7.37701380484592 ], [ 109.764744435425072, -7.37701380484592 ], [ 109.764744435425072, -7.376744311493423 ], [ 109.764205448720091, -7.376744311493423 ], [ 109.764205448720091, -7.376474818140927 ], [ 109.76339696866259, -7.376474818140927 ], [ 109.76339696866259, -7.376205324788429 ], [ 109.762318995252599, -7.376205324788429 ], [ 109.762318995252599, -7.375935831435932 ], [ 109.760971528490117, -7.375935831435932 ], [ 109.760971528490117, -7.375666338083434 ], [ 109.759624061727635, -7.375666338083434 ], [ 109.759624061727635, -7.375396844730937 ], [ 109.758276594965139, -7.375396844730937 ], [ 109.758276594965139, -7.375127351378439 ], [ 109.756929128202657, -7.375127351378439 ], [ 109.756929128202657, -7.374857858025942 ], [ 109.755851154792666, -7.374857858025942 ], [ 109.755851154792666, -7.374588364673445 ], [ 109.74722736751275, -7.374588364673445 ], [ 109.74722736751275, -7.374857858025942 ], [ 109.743723953930285, -7.374857858025942 ], [ 109.743723953930285, -7.374588364673445 ], [ 109.732674726477896, -7.374588364673445 ], [ 109.732674726477896, -7.374318871320948 ], [ 109.729440806247936, -7.374318871320948 ], [ 109.729440806247936, -7.374049377968451 ], [ 109.726476379370467, -7.374049377968451 ], [ 109.726476379370467, -7.373779884615953 ], [ 109.723511952492998, -7.373779884615953 ], [ 109.723511952492998, -7.373510391263456 ], [ 109.720547525615515, -7.373510391263456 ], [ 109.720547525615515, -7.373240897910958 ], [ 109.719739045558029, -7.373240897910958 ], [ 109.719739045558029, -7.372971404558461 ], [ 109.719200058853033, -7.372971404558461 ], [ 109.719200058853033, -7.372701911205964 ], [ 109.718391578795547, -7.372701911205964 ], [ 109.718391578795547, -7.372432417853466 ], [ 109.717583098738046, -7.372432417853466 ], [ 109.717583098738046, -7.372162924500969 ], [ 109.717044112033051, -7.372162924500969 ], [ 109.717044112033051, -7.371893431148472 ], [ 109.716235631975565, -7.371893431148472 ], [ 109.716235631975565, -7.371623937795975 ], [ 109.715427151918078, -7.371623937795975 ], [ 109.715427151918078, -7.371354444443478 ], [ 109.714888165213083, -7.371354444443478 ], [ 109.714888165213083, -7.37108495109098 ], [ 109.714079685155582, -7.37108495109098 ], [ 109.714079685155582, -7.370815457738483 ], [ 109.713540698450586, -7.370815457738483 ], [ 109.713540698450586, -7.370545964385985 ], [ 109.713001711745591, -7.370545964385985 ], [ 109.713001711745591, -7.370276471033488 ], [ 109.7127322183931, -7.370276471033488 ], [ 109.7127322183931, -7.37000697768099 ], [ 109.712193231688104, -7.37000697768099 ], [ 109.712193231688104, -7.369737484328494 ], [ 109.711923738335614, -7.369737484328494 ], [ 109.711923738335614, -7.369467990975997 ], [ 109.711384751630618, -7.369467990975997 ], [ 109.711384751630618, -7.369198497623499 ], [ 109.711115258278113, -7.369198497623499 ], [ 109.711115258278113, -7.368929004271002 ], [ 109.710576271573117, -7.368929004271002 ], [ 109.710576271573117, -7.368659510918504 ], [ 109.710306778220627, -7.368659510918504 ], [ 109.710306778220627, -7.368390017566007 ], [ 109.709767791515631, -7.368390017566007 ], [ 109.709767791515631, -7.368120524213509 ], [ 109.709498298163126, -7.368120524213509 ], [ 109.709498298163126, -7.367851030861012 ], [ 109.708959311458131, -7.367851030861012 ], [ 109.708959311458131, -7.367581537508515 ], [ 109.70868981810564, -7.367581537508515 ], [ 109.70868981810564, -7.367312044156018 ], [ 109.708150831400644, -7.367312044156018 ], [ 109.708150831400644, -7.367042550803521 ], [ 109.707881338048153, -7.367042550803521 ], [ 109.707881338048153, -7.366773057451023 ], [ 109.707342351343158, -7.366773057451023 ], [ 109.707342351343158, -7.366503564098526 ], [ 109.707072857990653, -7.366503564098526 ], [ 109.707072857990653, -7.366234070746028 ], [ 109.706803364638162, -7.366234070746028 ], [ 109.706803364638162, -7.365695084041034 ], [ 109.706533871285657, -7.365695084041034 ], [ 109.706533871285657, -7.364886603983542 ], [ 109.706264377933167, -7.364886603983542 ], [ 109.706264377933167, -7.364347617278548 ], [ 109.705994884580662, -7.364347617278548 ], [ 109.705994884580662, -7.363539137221055 ], [ 109.705725391228171, -7.363539137221055 ], [ 109.705725391228171, -7.36300015051606 ], [ 109.705455897875666, -7.36300015051606 ], [ 109.705455897875666, -7.362730657163564 ], [ 109.705186404523175, -7.362730657163564 ], [ 109.705186404523175, -7.362461163811067 ], [ 109.704916911170685, -7.362461163811067 ], [ 109.704916911170685, -7.362191670458569 ], [ 109.70464741781818, -7.362191670458569 ], [ 109.70464741781818, -7.361652683753574 ], [ 109.704377924465689, -7.361652683753574 ], [ 109.704377924465689, -7.361383190401077 ], [ 109.704108431113184, -7.361383190401077 ], [ 109.704108431113184, -7.361113697048579 ], [ 109.703838937760693, -7.361113697048579 ], [ 109.703838937760693, -7.360844203696082 ], [ 109.703569444408188, -7.360844203696082 ], [ 109.703569444408188, -7.360305216991088 ], [ 109.703299951055698, -7.360305216991088 ], [ 109.703299951055698, -7.360035723638591 ], [ 109.703030457703193, -7.360035723638591 ], [ 109.703030457703193, -7.359766230286093 ], [ 109.702760964350702, -7.359766230286093 ], [ 109.702760964350702, -7.359496736933596 ], [ 109.702491470998197, -7.359496736933596 ], [ 109.702491470998197, -7.360035723638591 ], [ 109.702760964350702, -7.360035723638591 ], [ 109.702760964350702, -7.360574710343585 ], [ 109.703030457703193, -7.360574710343585 ], [ 109.703030457703193, -7.361113697048579 ], [ 109.703299951055698, -7.361113697048579 ], [ 109.703299951055698, -7.361652683753574 ], [ 109.703569444408188, -7.361652683753574 ], [ 109.703569444408188, -7.362191670458569 ], [ 109.703838937760693, -7.362191670458569 ], [ 109.703838937760693, -7.362730657163564 ], [ 109.704108431113184, -7.362730657163564 ], [ 109.704108431113184, -7.363269643868558 ], [ 109.704377924465689, -7.363269643868558 ], [ 109.704377924465689, -7.363808630573553 ], [ 109.704108431113184, -7.363808630573553 ], [ 109.704108431113184, -7.364886603983542 ], [ 109.703838937760693, -7.364886603983542 ], [ 109.703838937760693, -7.365695084041034 ], [ 109.703569444408188, -7.365695084041034 ], [ 109.703569444408188, -7.366773057451023 ], [ 109.703299951055698, -7.366773057451023 ], [ 109.703299951055698, -7.367581537508515 ], [ 109.703030457703193, -7.367581537508515 ], [ 109.703030457703193, -7.368120524213509 ], [ 109.702760964350702, -7.368120524213509 ], [ 109.702760964350702, -7.368659510918504 ], [ 109.702491470998197, -7.368659510918504 ], [ 109.702491470998197, -7.368929004271002 ], [ 109.702221977645706, -7.368929004271002 ], [ 109.702221977645706, -7.369467990975997 ], [ 109.701952484293201, -7.369467990975997 ], [ 109.701952484293201, -7.369737484328494 ], [ 109.701682990940711, -7.369737484328494 ], [ 109.701682990940711, -7.370276471033488 ], [ 109.701413497588206, -7.370276471033488 ], [ 109.701413497588206, -7.370545964385985 ], [ 109.701144004235715, -7.370545964385985 ], [ 109.701144004235715, -7.37108495109098 ], [ 109.700874510883224, -7.37108495109098 ], [ 109.700874510883224, -7.371354444443478 ], [ 109.700605017530719, -7.371354444443478 ], [ 109.700605017530719, -7.371893431148472 ], [ 109.700335524178229, -7.371893431148472 ], [ 109.700335524178229, -7.372432417853466 ], [ 109.700066030825724, -7.372432417853466 ], [ 109.700066030825724, -7.372701911205964 ], [ 109.699796537473233, -7.372701911205964 ], [ 109.699796537473233, -7.372971404558461 ], [ 109.699527044120728, -7.372971404558461 ], [ 109.699527044120728, -7.373510391263456 ], [ 109.699257550768237, -7.373510391263456 ], [ 109.699257550768237, -7.373779884615953 ], [ 109.698988057415733, -7.373779884615953 ], [ 109.698988057415733, -7.374049377968451 ], [ 109.698718564063242, -7.374049377968451 ], [ 109.698718564063242, -7.374318871320948 ], [ 109.698449070710737, -7.374318871320948 ], [ 109.698449070710737, -7.374588364673445 ], [ 109.698179577358246, -7.374588364673445 ], [ 109.698179577358246, -7.375127351378439 ], [ 109.697910084005741, -7.375127351378439 ], [ 109.697910084005741, -7.375396844730937 ], [ 109.697640590653251, -7.375396844730937 ], [ 109.697640590653251, -7.375666338083434 ], [ 109.69737109730076, -7.375666338083434 ], [ 109.69737109730076, -7.375935831435932 ], [ 109.697101603948255, -7.375935831435932 ], [ 109.697101603948255, -7.376474818140927 ], [ 109.696832110595764, -7.376474818140927 ], [ 109.696832110595764, -7.37701380484592 ], [ 109.696562617243259, -7.37701380484592 ], [ 109.696562617243259, -7.377822284903413 ], [ 109.696293123890769, -7.377822284903413 ], [ 109.696293123890769, -7.378630764960905 ], [ 109.696023630538264, -7.378630764960905 ], [ 109.696023630538264, -7.379708738370894 ], [ 109.695754137185773, -7.379708738370894 ], [ 109.695754137185773, -7.380517218428386 ], [ 109.695484643833268, -7.380517218428386 ], [ 109.695484643833268, -7.381325698485877 ], [ 109.695215150480777, -7.381325698485877 ], [ 109.695215150480777, -7.382673165248364 ], [ 109.694945657128272, -7.382673165248364 ], [ 109.694945657128272, -7.384559618715845 ], [ 109.694676163775782, -7.384559618715845 ], [ 109.694676163775782, -7.386446072183326 ], [ 109.694406670423277, -7.386446072183326 ], [ 109.694406670423277, -7.386985058888321 ], [ 109.694137177070786, -7.386985058888321 ], [ 109.694137177070786, -7.387524045593316 ], [ 109.693867683718281, -7.387524045593316 ], [ 109.693867683718281, -7.388063032298311 ], [ 109.69359819036579, -7.388063032298311 ], [ 109.69359819036579, -7.388602019003305 ], [ 109.6933286970133, -7.388602019003305 ], [ 109.6933286970133, -7.388871512355802 ], [ 109.693059203660795, -7.388871512355802 ], [ 109.693059203660795, -7.389410499060797 ], [ 109.692789710308304, -7.389410499060797 ], [ 109.692789710308304, -7.389949485765792 ], [ 109.692520216955799, -7.389949485765792 ], [ 109.692520216955799, -7.390488472470786 ], [ 109.692250723603308, -7.390488472470786 ], [ 109.692250723603308, -7.390757965823283 ], [ 109.691981230250803, -7.390757965823283 ], [ 109.691981230250803, -7.39102745917578 ], [ 109.691711736898313, -7.39102745917578 ], [ 109.691711736898313, -7.391296952528278 ], [ 109.691442243545808, -7.391296952528278 ], [ 109.691442243545808, -7.391566445880775 ], [ 109.691172750193317, -7.391566445880775 ], [ 109.691172750193317, -7.391835939233273 ], [ 109.690903256840812, -7.391835939233273 ], [ 109.690903256840812, -7.39210543258577 ], [ 109.690633763488322, -7.39210543258577 ], [ 109.690633763488322, -7.392374925938267 ], [ 109.689825283430835, -7.392374925938267 ], [ 109.689825283430835, -7.39210543258577 ], [ 109.688477816668339, -7.39210543258577 ], [ 109.688477816668339, -7.391835939233273 ], [ 109.687938829963343, -7.391835939233273 ], [ 109.687938829963343, -7.391296952528278 ], [ 109.687669336610853, -7.391296952528278 ], [ 109.687669336610853, -7.39102745917578 ], [ 109.687399843258348, -7.39102745917578 ], [ 109.687399843258348, -7.390488472470786 ], [ 109.687130349905857, -7.390488472470786 ], [ 109.687130349905857, -7.389949485765792 ], [ 109.686860856553352, -7.389949485765792 ], [ 109.686860856553352, -7.389679992413294 ], [ 109.686591363200861, -7.389679992413294 ], [ 109.686591363200861, -7.389141005708299 ], [ 109.686321869848356, -7.389141005708299 ], [ 109.686321869848356, -7.388602019003305 ], [ 109.686052376495866, -7.388602019003305 ], [ 109.686052376495866, -7.388332525650807 ], [ 109.685782883143375, -7.388332525650807 ], [ 109.685782883143375, -7.387793538945813 ], [ 109.68551338979087, -7.387793538945813 ], [ 109.68551338979087, -7.387254552240818 ], [ 109.685243896438379, -7.387254552240818 ], [ 109.685243896438379, -7.386985058888321 ], [ 109.684974403085874, -7.386985058888321 ], [ 109.684974403085874, -7.386446072183326 ], [ 109.684704909733384, -7.386446072183326 ], [ 109.684704909733384, -7.382673165248364 ], [ 109.684435416380879, -7.382673165248364 ], [ 109.684435416380879, -7.379708738370894 ], [ 109.684704909733384, -7.379708738370894 ], [ 109.684704909733384, -7.379169751665899 ], [ 109.684974403085874, -7.379169751665899 ], [ 109.684974403085874, -7.378630764960905 ], [ 109.685243896438379, -7.378630764960905 ], [ 109.685243896438379, -7.37809177825591 ], [ 109.68551338979087, -7.37809177825591 ], [ 109.68551338979087, -7.377552791550915 ], [ 109.685782883143375, -7.377552791550915 ], [ 109.685782883143375, -7.37701380484592 ], [ 109.686052376495866, -7.37701380484592 ], [ 109.686052376495866, -7.376474818140927 ], [ 109.686321869848356, -7.376474818140927 ], [ 109.686321869848356, -7.375935831435932 ], [ 109.686591363200861, -7.375935831435932 ], [ 109.686591363200861, -7.375396844730937 ], [ 109.686860856553352, -7.375396844730937 ], [ 109.686860856553352, -7.374857858025942 ], [ 109.687130349905857, -7.374857858025942 ], [ 109.687130349905857, -7.374318871320948 ], [ 109.687399843258348, -7.374318871320948 ], [ 109.687399843258348, -7.373779884615953 ], [ 109.687669336610853, -7.373779884615953 ], [ 109.687669336610853, -7.373240897910958 ], [ 109.687938829963343, -7.373240897910958 ], [ 109.687938829963343, -7.372701911205964 ], [ 109.688208323315848, -7.372701911205964 ], [ 109.688208323315848, -7.372162924500969 ], [ 109.688477816668339, -7.372162924500969 ], [ 109.688477816668339, -7.371623937795975 ], [ 109.688747310020844, -7.371623937795975 ], [ 109.688747310020844, -7.37108495109098 ], [ 109.689016803373335, -7.37108495109098 ], [ 109.689016803373335, -7.370545964385985 ], [ 109.68928629672584, -7.370545964385985 ], [ 109.68928629672584, -7.37000697768099 ], [ 109.68955579007833, -7.37000697768099 ], [ 109.68955579007833, -7.369467990975997 ], [ 109.689825283430835, -7.369467990975997 ], [ 109.689825283430835, -7.368929004271002 ], [ 109.690094776783326, -7.368929004271002 ], [ 109.690094776783326, -7.368390017566007 ], [ 109.690364270135817, -7.368390017566007 ], [ 109.690364270135817, -7.367851030861012 ], [ 109.690633763488322, -7.367851030861012 ], [ 109.690633763488322, -7.367312044156018 ], [ 109.690903256840812, -7.367312044156018 ], [ 109.690903256840812, -7.366773057451023 ], [ 109.691172750193317, -7.366773057451023 ], [ 109.691172750193317, -7.366234070746028 ], [ 109.691442243545808, -7.366234070746028 ], [ 109.691442243545808, -7.365964577393531 ], [ 109.691711736898313, -7.365964577393531 ], [ 109.691711736898313, -7.365425590688536 ], [ 109.691981230250803, -7.365425590688536 ], [ 109.691981230250803, -7.364617110631045 ], [ 109.692250723603308, -7.364617110631045 ], [ 109.692250723603308, -7.36407812392605 ], [ 109.692520216955799, -7.36407812392605 ], [ 109.692520216955799, -7.363269643868558 ], [ 109.692789710308304, -7.363269643868558 ], [ 109.692789710308304, -7.362461163811067 ], [ 109.693059203660795, -7.362461163811067 ], [ 109.693059203660795, -7.361922177106072 ], [ 109.6933286970133, -7.361922177106072 ], [ 109.6933286970133, -7.361113697048579 ], [ 109.69359819036579, -7.361113697048579 ], [ 109.69359819036579, -7.360574710343585 ], [ 109.693867683718281, -7.360574710343585 ], [ 109.693867683718281, -7.359766230286093 ], [ 109.694137177070786, -7.359766230286093 ], [ 109.694137177070786, -7.359227243581099 ], [ 109.694406670423277, -7.359227243581099 ], [ 109.694406670423277, -7.358688256876104 ], [ 109.694676163775782, -7.358688256876104 ], [ 109.694676163775782, -7.35814927017111 ], [ 109.694945657128272, -7.35814927017111 ], [ 109.694945657128272, -7.357879776818612 ], [ 109.695215150480777, -7.357879776818612 ], [ 109.695215150480777, -7.357610283466115 ], [ 109.695754137185773, -7.357610283466115 ], [ 109.695754137185773, -7.357340790113618 ], [ 109.696562617243259, -7.357340790113618 ], [ 109.696562617243259, -7.35707129676112 ], [ 109.69737109730076, -7.35707129676112 ], [ 109.69737109730076, -7.356801803408623 ], [ 109.698179577358246, -7.356801803408623 ], [ 109.698179577358246, -7.356532310056125 ], [ 109.697910084005741, -7.356532310056125 ], [ 109.697910084005741, -7.356262816703628 ], [ 109.697640590653251, -7.356262816703628 ], [ 109.697640590653251, -7.355993323351131 ], [ 109.69737109730076, -7.355993323351131 ], [ 109.69737109730076, -7.355723829998634 ], [ 109.697101603948255, -7.355723829998634 ], [ 109.697101603948255, -7.355184843293639 ], [ 109.696832110595764, -7.355184843293639 ], [ 109.696832110595764, -7.354915349941142 ], [ 109.696562617243259, -7.354915349941142 ], [ 109.696562617243259, -7.354645856588644 ], [ 109.696293123890769, -7.354645856588644 ], [ 109.696293123890769, -7.354376363236147 ], [ 109.695215150480777, -7.354376363236147 ], [ 109.695215150480777, -7.354106869883649 ], [ 109.69359819036579, -7.354106869883649 ], [ 109.69359819036579, -7.353837376531152 ], [ 109.691981230250803, -7.353837376531152 ], [ 109.691981230250803, -7.353567883178656 ], [ 109.690364270135817, -7.353567883178656 ], [ 109.690364270135817, -7.353298389826158 ], [ 109.689016803373335, -7.353298389826158 ], [ 109.689016803373335, -7.353028896473661 ], [ 109.687669336610853, -7.353028896473661 ], [ 109.687669336610853, -7.352759403121163 ], [ 109.686321869848356, -7.352759403121163 ], [ 109.686321869848356, -7.352489909768666 ], [ 109.684974403085874, -7.352489909768666 ], [ 109.684974403085874, -7.352220416416169 ], [ 109.68227946956091, -7.352220416416169 ] ] ] } }
]
}
