folder_name,title,no,jenis_kejadian,lokasi_kejadian_desa_kecamatan,lokasi_kejadian_dusun_rt_rw,koordinat_text,latitude,longitude,waktu_kejadian,jam_kejadian,kronologi_kondisi_umum,dampak_bangunan_fisik,dampak_jiwa_luka,dampak_pengungsian,penanganan,tim_terlibat,saran_tl,nara_sumber,petugas_bpbd,keterangan_lain,media_links
JANUARI-FEBRUARI 2022,"Tanah Longsor, Aribaya, Pagentan",1.0,Tanah Longsor,"Aribaya, Pagentan",Pringamba 5/3,"-7.3346617, 109.7538133",-7.3346617,109.7538133,"Sabtu, 01 Januari 2022",,"ANALISIS DAN DISKRIPSI PEMETAAN BENCANA
Terjadi bencana gerakan tanah jenis debris slide dan pensesaran susulan pada lokasi desa aribaya serta gerakan tanah susulan bebrapa titik lokasi . Pada wilayah pegunungan serayu utara, lokasi tersebut trdapat pada kelompok formasi rambatan merupakan daerah yang mempunyai morfologi perbukitan lereng sedang sampai lereng curam. Tersusun oleh pelapukan batuan breksi vulkanik, pasir tufaan, serpih, batu lempung. Daerah trsb dihuni warga desa yang mayoritas petani salak bercocok tanam disekitar wilayah tersebut. Kejadian bencana gerakan tanah disebabkan karena:
-Daerah tersebut terletak pada zona patahan dengan arah Barat daya
-Derajat kemiringan kontur rara rata 45° keatas, mempunyai kontur terjal
-Intensitas volume air hujan yang tinggi
-kurangnya pengendalian drainase yang baik
-kurangnya penataan teras sering yg menjadi pengendali longsoran
-Terjadinya aliran mata air kembali pada sumber rekahan, terindikasi ada suplay volume air secara kontinue diatasnya.
-Dijumpai telah diaktifkan kembali beberapa kolam ikan yang pada th 2020 telah di keringkan.",1 Rumah Rusak Ringan a.n nurdiyanto narwan,nihil,"2 KK 8 jiwa                           - KK Darus Al Ikson         1. Darus Al Ikson 23 Tahun
2. Dewi 19 Tahun
mengungsi di Aribaya, semenjak longsoran Oktober tahun 2020 lalu di rumah milik Bapak Warsono. 
3. Nurdiyanto 54 Tahun
4. Sajem 52 Tahun ( bekerja di luar kota) 
5. Sahidul Al Rohman 16 Tahun
mengungsi di rumah milik Bapak Priono RT 5 RW 3 Dusun Pringamba Desa Aribaya.                                 - KK Suhadi Sakun            1. Suhadi Sakun 55 Tahun
2. Ny. Binem 48 Tahun
3. Ny. Klimah ( Kasturi) 
mengungsi di rumah milik Bapak Mukhlas RT 3 RW 3 Dusun Pringamba Desa Aribaya.","-Assesmen Survey Pemetaan dan Diskripsi Bencana Geologi 
-Pengambilan foto udara drone
-Himbauan kepada Masyarakat lewat FPRB dan perangkat desa
-Pemantauan berkala oleh FPRB Kec. Pagentan         -- evakuasi penghuni rumah,                                  - droping logistik","FPRB Pagentan, BPBD, TAGANA, PMI, Pemdes Aribaya, RAPI, - KOKAM
- KSB KALITLAGA
- KARANG TARUNA DESA KASMARAN
- SATGAS BUDDHA
- FORMAP PRINGAMBA","-Pengosongan sementara 4 rumah warga terdampak pada selama musim penghujan
-Pemasangan ews
-Penutupan rekahan
-Pengendalian air pada drainase yang baik
-Pengosongan kolam ikan.
-Pemasangan rambu peringatan",Haryono (FPRB PAGENTAN) 085291393430,"1. Ir.Junaedi (Fungsional SP) 2. Jumali ( Staf ) 3. Budi Mulyawan/ Cek Lokasi                                 3. Romadhon, Daryoto, Alamsyah (Droping Logistik)","Potensi Ancaman
Masih dimungkinkan akan Terjadi gerakan tanah susulan di wilayah tersebut yang lebih parah dikarenakan sudah banyak rekahan yang terbuka memungkinkan memudahkan pelolosan air ke batuan dasar sebagai media sleding dari jenis debris slide berkembang menjadi debris flow (aliran masa tanah yg bercampur dengan air bila intensitas hujan lebat)                                                                           LAPORAN KEGIATAN

Kepada Yth :
Kepala Pelaksana BPBD Banjarnegara
CC
1. Sekretaris BPBD Banjarnegara;
2. Kabid Pencegahan dan Kesiapsiagaan;
3. Kabid Kedaruratan dan Logistik;
4. Kabid Rehabilitasi dan Rekonstruksi;
5. Kasubag
6. Pejabat Fungsional
===================
Dengan ini kami laporkan : 

A.	JENIS KEGIATAN
Droping Logistik

B.	WAKTU KEGIATAN
Hari 	: 	Kamis, 
Tgl 	: 13 Januari 2022
Waktu 	: 	Pukul 09.00 s/d selesai

C.	LOKASI KEGIATAN
1. Desa Aribaya, Dusun Pringamba RT 05/02, Kec Pagentan
2. Desa Majatengah RT 01/01, Kec. Kalibening.
3. Desa Penusupan RT 04/06, Kec. Pejawaran
4. Desa Kalibening, Kec. Kalibening.

D. HASIL KEGIATAN
- Bantuan langsung diserahkan kepada korban terdampak dan didampingi oleh pemdes setempat dan dari Kecamatan.
- Adapun bantuan yang diberikan antara lain : 
1. Logistik Paket Permakanan
2. Logistik Non Permakanan
Sesuai dengan kebutuhan

Demikian laporan kami sampaikan untuk menjadi periksa.

PETUGAS
- Romadon
- Slamet Riyadi
- Alam Syah Tri Putra","https://mymaps.usercontent.google.com/hostedimage/m/*/3AE5a_GxtfpIMskxAyTI0Tsjm4-IOfyaIytS5SIfWPFLx6uZxeCEXooCuIw17mbieL78EIMe5TMhv0-W1DQ0bTSiHSkMCj3P4fqExCgdwycPHfYcMTE2pB6yK2Aq9toN94GM3QONKvgvtxaaYFpfZRamaXERSDDM_kvaHX51uraevsT7qjvzBAqNzuyrW0_jYI_GvvS1TKg-gh65LBQ?fife=s16383, https://mymaps.usercontent.google.com/hostedimage/m/*/3AE5a_GzPnqXEgzd04ObDKyAT0XJzkygnt6wKv4ei-xf4BY6y3nXvyG01Bpti1OJREkQBmAraL5wPcpaoTR57hr5Qhf_AaWpdmKYHqg2qtHU3MaWsXmJ90s3ctvGuWO87Y_DY-F33Fnn8MBdBOpDls9VODco1WW6dy8GER7helfykyJlEbXMN049JSPbkvQOBl6vgyK8nI7Ns07iAFQ?fife=s16383, https://mymaps.usercontent.google.com/hostedimage/m/*/3AE5a_GwydlCYzswlkwno8Il2ZICOJjQ8YlDCcUvdP3ljissDiNZ5cFhKuK12fatJOBq3bW3pgM6NIgg5q1r0sY1cruzUe5uI8MiO4Gb2jfL_T2IcJFYsxFxME7YRStv1UFowMW7ruxaalc1rnjxyXdu7tf69ihQpR00t8dsjnwM8KwB5TGvXBU5uN2fc2oEvt-NgedJP0gGa2zJ4Qw?fife=s16383, https://mymaps.usercontent.google.com/hostedimage/m/*/3AE5a_Gx6rUEXeSog1y97KyWpPYNgdkJ_Nm-_ffjIr8GtGXRHVRO3zHPKGQCX4hJixRSJiZcnskFCn2XHoQXGsDbXBSpjoXsK0Yv_vVDmZsx2CcHa9KZ9Tfu6kM8FJF0rMkskV0H45bbwG88PLc4uQqPIVYKC6dt4JP6oii3Dg_Spup1okWLNbmcAxo--yc0I2MxrqT1UKxKvFX_ajr4?fife=s16383, https://mymaps.usercontent.google.com/hostedimage/m/*/3AE5a_GxdrrrEGvqiI9P2M9ugUEFR0Ac6Tb_4xI9U4GfTWjsNa3kKtygJOuS2UkuxnhSdSxoxbg2AFQA6y_9v0_CigZo8QHDE_1TWggDZKMKX0lspmDGUPOav571PxixpkJ9LpBDHmDU5MDyrK-LofFom4U6mMgKYOU3OIo06bUZKWldUUt9kbvce482MvX2eatgQ1iWzwoJL5_muITY?fife=s16383, https://mymaps.usercontent.google.com/hostedimage/m/*/3AE5a_GzybyrmgJYTUlekGzKLf_w2BBQvv7BHBoOD9FDwdS-gL7CugZa-1pVWcLMt2VBH6VJSFfM2KbVPeVHUGeXMSO6Hx4-NGaut84gwIJ3dzQtDK1CLM80nBxY_cM4FhFW4bdq464heR3nQtRLFF3U6mMoD1jy0uN7H5tcqssi3BJmi55GXCEie-ab1ylH1OaXxgrk54b9cz1ItZyY?fife=s16383, https://mymaps.usercontent.google.com/hostedimage/m/*/3AE5a_GzWQmxOHhT8ZKQKkV2mdowTPSMJ4mO99m609xbllXbHm6Aa3z1ij-2F3SH2V_Xab6itfyB7yTbxmBfF8vdle2KYIctezsDORwn9iIZ2oCyP1H7BntVRaINYQEZaMNmtYBmF1PT5RDsKcSp-TBSDZjXH0NATzyKyRTnHvNs8KLXihI9zqcYI1NNK8hGYsKKLVabCWiWCarAHWhg?fife=s16383, https://mymaps.usercontent.google.com/hostedimage/m/*/3AE5a_GwB91SCedtbUVF0nKl1_2h7_sq0KocoroHBNRWLGo08JtK-Js8xGEjXxCp9_9iPDofYgZ3XKB1UP1DHlf1ABOP350T65G0G-xXkBsr2BNzdGHEA4SeZ5gVGESpNfYaVFGt5zuXy6SJBJER4D4Dg7KfnCOrMfeIN4hBQod0VjuNYhQ-X-hCTZj6pImzYGlOKt2VgZ_YrvbzC2Q?fife=s16383, https://mymaps.usercontent.google.com/hostedimage/m/*/3AE5a_Gxw0tkd9r7WOLm5th3yl4LD-AXNeFMY96YlYMNiMIlLWCtvk9gMm4uGlZeyEXPXy52xgY7uKdwfMA69MK5VauSrShS41OK_m2Fi7Puvwlzie_vnAtIaKO69uk2e5fp5gkD448O4Mau9HU-wjnugwcouly2D-MzRTelUMJIvMBMGp6f36XTHR43ljcpi1hcO8GN7HO7P0-shNg?fife=s16383, https://mymaps.usercontent.google.com/hostedimage/m/*/3AE5a_Gz7c-NRlHNYZWKh1a7Qo4v-G5JBBU-2bBJHyz4NKvIwCYnywxQcWAwaS1pvhVSKt2Gwrl0SLrK_UXxVQAm-GdJOh4yXy5XBoBjp6gBTsfKmJ0SLMBehDJLc9t0JX60RS7v59zbBZo_mCnsMp4G2E-M8yJSVXu_xJf3l_s3cPBED11_4532-YEHJp9EMC7zdjCaEfOCSVCWpOw?fife=s16383"
JANUARI-FEBRUARI 2022,"Tanah Longsor, Kertosari, Kalibening",,Tanah Longsor,"Kertosari, Kalibening",Dusun Gunungtawang 1/1,"-7.218212, 109.672551",-7.218212,109.672551,"Selasa, 11 Januari 2022",,"hujan yang cukup lebat dan pada saat Saksi 2 sedang derada di ruangan depan rumah, selanjutnya saksi 2 mendengar suara gemuruh dari belakang rumah, selanjutnya saksi 2 melihat ke arah belakang rumah di bagian dapur dan sudah terdapat longsoran tanah dari tebing di belakang rumah milik Saksi 1 dengan ukuran tinggi sekira 5 meter dan lebar sekira 7 meter, selajutnya saksi 2 memberitahukan peristiwa tersebut kepada Saksi 1 yang sedang berada di rumah saodaranya yang masih tinggal tidak jauh dari rumah saksi 1.","1 rumah Rusak Ringan : tembok bangunan dapur 2,5 meter x 4 meter dan tembok kamar mandi milik Sdr Tarmo, yang di taksir sekira Rp 5.000.000,- (lima juta rupiah)",nihil,1 KK 2 JIWA,- evakuasi penghuni - pembersihan - cek lokasi - droping logistik,"Pemdes Kertosari, Banser, Relawan, Warga, BPBD",- Pengkajian Bansos,Agung (kades kertosari),"Romadhon, Daryoto",,"https://mymaps.usercontent.google.com/hostedimage/m/*/3AE5a_GybwftIA27_O_L0w1k2j4EMLpda0ztt5BQC6tlYX7-ETaDjGHlUw_HVAqwfh1I5OgkY57M2lz2eVzVVwuxN_pOE-3klykK_EjLGkFMjn4JOLazF6OMJoCakCWU28iU0-eTflL8I4kWP-5lKCbMkQvpq2pjkM1Pad1nNFbs_EMUHjZ-4LMQjlDuYXe3C-dkqsk7C4ui1Pnq6_TY?fife=s16383, https://mymaps.usercontent.google.com/hostedimage/m/*/3AE5a_Gw-Y2rC4tnI7Klimqd6uDDVHm7aLBbAtDKI8ySySnKruBzh8UXvEiv_ZY3GjCIErFVoiahKkMjvyqgDRv5gRdX_8A3OF4qGJyyTkG22LaCfEEmIlGBbFRrmJWH9hL8e4g1wt5ALjhGQAY4Cvr8kL5LGtrM3kCXc5bUvXHmDVotWDRMZBdbWSi3Jm2G4MBwOuLOkpWqELt-2wqk?fife=s16383, https://mymaps.usercontent.google.com/hostedimage/m/*/3AE5a_GwkN0FotPAAjuchP60CeORhx6_3S5a4NQ9N_A31OBuaSwQshUznui31F-AAOZSlvkSUcacCFxINIBIiSKALvWaPtEnSR89Eab7W0dPPjZEWR5wRPlNIKcXJu5-Rzq4UKjXkVPUehcNgZaRbzoQ7WQO0qAVXyNsgeaGWB0riOmaMvIXdfIM-HhLSusqxbS8mqSqqNvM5i52FAw?fife=s16383, https://mymaps.usercontent.google.com/hostedimage/m/*/3AE5a_GxgIlLIbuMXj3m1YcBEhs1yY-s9sz6Tyt4YBnfRbcPcfFg7tfnkCQifmYs-Reo3F01_-KikH-9FRYdRrWj2QCuICt2svSPz4fc2SFB41KY3H-hCXs0QvRU_dxz66UMveKUDPwd5V24Vk1FOtoHYdtHqQrNU74lLTo-Y9kDHxHhFVC-FZ9wDHjn3pOtWi_ZtzHVzdjC57lJtNw?fife=s16383, https://mymaps.usercontent.google.com/hostedimage/m/*/3AE5a_GwQ-iKFlTbFuxPqH2YKgKUWr_Op9UiYUSowgcpinCHQlLRhg9G-lXsmpdsMRHFSpkmbvp8ySaCkNoZkVwy0y8Lrt9q7MNePpZX2Hxh-D-TEvhQqdqkBsvIqENshTUh1-dd2237p0C--iVc3Dm_vjLjMIlKjfDD0gY-d1F61JY7e8GD3FLit1zIlQb9F_YbBMam2JCLvz4yGKQ?fife=s16383"
JANUARI-FEBRUARI 2022,"Tanah Longsor, Kalibening, Kalibening",,Tanah Longsor,"Kalibening, Kalibening",Dusun Palasari 1/4,"-7.217948, 109.635046",-7.217948,109.635046,"Selasa, 11 Januari 2022",,Hujan yang mengakibatkan tanah longsor belakang rumah bpk Kamal dengan tinggi tebing 3m lebar 10m dan tidak ada korban jiwa maupun luka,2 rumah terancam a.n Kamal,nihil,nihil,- pembersihan oleh warga - droping logistik,"pemdes kalibening, warga, relawan",Cek Lokasi,Riyadi Destana Kalibening,"- Romadon
- Daryoto","LAPORAN KEGIATAN

Kepada Yth :
Kepala Pelaksana BPBD Banjarnegara
CC
1. Sekretaris BPBD Banjarnegara;
2. Kabid Pencegahan dan Kesiapsiagaan;
3. Kabid Kedaruratan dan Logistik;
4. Kabid Rehabilitasi dan Rekonstruksi;
5. Kasubag
6. Pejabat Fungsional
===================
Dengan ini kami laporkan :

A. JENIS KEGIATAN
Droping Logistik

B. WAKTU KEGIATAN
Hari : Kamis,
Tgl : 13 Januari 2022
Waktu : Pukul 09.00 s/d selesai

C. LOKASI KEGIATAN
1. Desa Aribaya, Dusun Pringamba RT 05/02, Kec Pagentan
2. Desa Majatengah RT 01/01, Kec. Kalibening.
3. Desa Penusupan RT 04/06, Kec. Pejawaran
4. Desa Kalibening, Kec. Kalibening.

D. HASIL KEGIATAN
- Bantuan langsung diserahkan kepada korban terdampak dan didampingi oleh pemdes setempat dan dari Kecamatan.
- Adapun bantuan yang diberikan antara lain :
1. Logistik Paket Permakanan
2. Logistik Non Permakanan
Sesuai dengan kebutuhan

Demikian laporan kami sampaikan untuk menjadi periksa.

PETUGAS
- Romadon
- Slamet Riyadi
- Alam Syah Tri Putra","https://mymaps.usercontent.google.com/hostedimage/m/*/3AE5a_GwVs_JupiA1hLnFo4tk-47aQkP5d0327IcorFwfA4sBG5CUgtxE_S_a2xsVDuEH2HaCo7DZds_YRbOGj8yUZ7Xbs9F56s8o1prxpeS30D0i_2pAAIZ4uunfjpb17wDkONmyHFSHHrM8ZDJhEMmyrdF-eFmv80pHVwDjfYnKVelKAjLObQhcFjLRRaN7TJKnsfzG8IYYqWbPyw?fife=s16383, https://mymaps.usercontent.google.com/hostedimage/m/*/3AE5a_GxewNgYyEFVZo6gKareMz6opflhV3ZLmgokakfgTE0TPlLqAES8_zc-oKcsn3JQoWHXxNI0AoH50O9IprtzoVeogAznLg1sUIYsgu5KECTBSFDfpn5iNIZ59weC54H12cnifFhWxf-iVzTucNwmAm0P_fgMQMB7mgXvpnJybbLAcS4QW1qXb1HeMJNwvFo3_jKknXAAeq3ss-Q?fife=s16383, https://mymaps.usercontent.google.com/hostedimage/m/*/3AE5a_Gzh7qtNDORufirJ2X9uB3XWUgJDZcbMWQs9VG3GwVu85SKUuE2aSEoFAcSJlIELXBjdFAYiFYUDwD_FcDfP_lYU6NRRBDIYfuSsYEuzG8enPNYuJqcJpMaLdk06VmX1LobyTuHjY1KrJMxIe_YGJq8FEf6djmDaSfW0nqwKhvznGjTeWMlrt0dAYvbiMsboX4eGFRYrkDNCZQ?fife=s16383"
JANUARI-FEBRUARI 2022,"Tanah Longsor, Binangun, Karangkobar",,Tanah Longsor,"Binangun, Karangkobar",Dusun Gintung 3/1,"-7.257236, 109.712981",-7.257236,109.712981,"Senin, 10 Januari 2022",,"Hujan dengan intensitas tinggi pada hari Senin 10 Januari 2022 pukul 13.00 sampai dengan 15.00 Wib,","longsor menutup Sepertiga badan jalan, Jalur Kecamatan Karangkobar - Kalibening",nihil,nihil,- pembersihan,"- warga ,-pemdes,- TNI, POLRI",Cek Lokasi,Koptu Wahid Babinsa Binangun '081229121283,,,"https://mymaps.usercontent.google.com/hostedimage/m/*/3AE5a_GxkVEt-ccVdc79bSne2lmLuxA_v8GnyjXCvQNi3XeA203l0vc9dzCAHelJzsahQyQ907KfcsgCUzuraeKn-8NFkWiX9XHqmFKsA6brMDPJ-5WMzuz1X9XaIw1jltrlgMdrZvRgLBgSOdqt-gdzidewOn3s_KSXUgoVTjWr4N-iusVzbtUrFWuspLa5_sHtZCqd7mb3cDO5Fsw?fife=s16383, https://mymaps.usercontent.google.com/hostedimage/m/*/3AE5a_GwGIja18Mu8e_sOYhYvTxS7H01QN5XKljdqEDzZg18Fxhc-h6RWJtOMjhEUzY5xLzsX-1YL4wniW94NNYdYXzEvBABnKpYKL7QBBUSmFE0jrtebeRGoSf2c0o9bYWpGiQAoBxx7expcb6L5GQHBERmSMAxsJ2kQyIQByo_2fpS1V1TWubaQyD7H3JT6lpmFWOtL8VsaKk85dw?fife=s16383"
JANUARI-FEBRUARI 2022,"Tanah Longsor , Asinan, Kalibening",,Tanah Longsor,"Asinan, Kalibening",Dusun Asinan 3/1,"-7.27162, 109.65689",-7.27162,109.65689,"Selasa, 11 Januari 2022",,- Hujan deras dengan intensitas tinggi yang mengguyur wilayah Kabupaten Banjarnegara bagian atas pada hari Selasa 11 Januari 2022 Sehingga talud yg semi permanen longsor,1 rumah terancam a.n Misrun Miswardi,nihil,nihil,-warga setempat beserta pemdes asinan melakukan penanganan yg bersifat sementara.       - Droping Logistik,"pemdes Asinan, warga",pemantauan berkala,Warso Pemdes Asinan,"- Romadon
- Daryoto",,"https://mymaps.usercontent.google.com/hostedimage/m/*/3AE5a_GzGCruq-tQKXtogptpH1uK-8e8zGEMkwsxFWfvaG0MQ1POYT2WqnoZkp5deYFblpBkqQQ-DfqB4-hgMwkAEM8Rnob0t1_qLI2nFikAKmyzMt2uvE_3S4fxVgOeMSPcQCjwWSkmVz8UBJMhHQOG31j8Yajv595CibcMQYcuWOq-B1SCvU1KVFQaQfiI9I7N2Oc_aB1XZsJ7xaw?fife=s16383, https://mymaps.usercontent.google.com/hostedimage/m/*/3AE5a_GxJPGKnFWKhaBthU9OoMQSoyr-ZfCwQyklLeloudS4OgBEgatJOMoX9BqIGmOhpBJjkVXEs_0vZud62bZhb_YaOiroX3nHFBn1cC8OswUf4DHF2W0HVAe4fAYNvkBZwIcwJDPhBQIT9EqEc2c2mUQO52maGC1j9gqXRE5C_fqjuMugVpI03CbZE5DCm41WstOJi-0Q-DFAJXUI?fife=s16383, https://mymaps.usercontent.google.com/hostedimage/m/*/3AE5a_GwUMhDqmHW6tSaiNS_GvuN7Wo7V9EBKFwdZlTMdsvXgiD0B9yxckH7-oeN7Qj9MygGjP02xlZCQwJVJzO6cDecm7MVMzIn-1Ds8orBfBcBR2_TB4_xOHgvF64yPqhHYClg1mYjrn3P9j3nfxHgQt7WMdZ5i-B_SN4uVZey1CEKxP5q9ZSojcY2yv6uQA4JzsZ4VChJe2gdnMvI?fife=s16383"
JANUARI-FEBRUARI 2022,"Tanah Longsor, Gununglangit Kalibening",,Tanah Longsor,Gununglangit Kalibening,,"-7.209834, 109.629442",-7.209834,109.629442,"Selasa, 11 Januari 2022",,,1 Rumah Rusak Ringan,nihil,nihil,"- cek lokasi, - Pembersihan, -droping logistik","BPBD, Pemdes Gununglangit",,,"-Romadhon, -Daryoto","LAPORAN KEGIATAN

Kepada Yth :
Kepala Pelaksana BPBD Banjarnegara
CC
1. Sekretaris BPBD Banjarnegara;
2. Kabid Pencegahan dan Kesiapsiagaan;
3. Kabid Kedaruratan dan Logistik;
4. Kabid Rehabilitasi dan Rekonstruksi;
5. Kasubag
6. Pejabat Fungsional
===================
Dengan ini kami laporkan :

A. JENIS KEGIATAN
Droping Logistik

B. WAKTU KEGIATAN
Hari : Kamis,
Tgl : 13 Januari 2022
Waktu : Pukul 09.00 s/d selesai

C. LOKASI KEGIATAN
1. Desa Aribaya, Dusun Pringamba RT 05/02, Kec Pagentan
2. Desa Majatengah RT 01/01, Kec. Kalibening.
3. Desa Penusupan RT 04/06, Kec. Pejawaran
4. Desa Kalibening, Kec. Kalibening.

D. HASIL KEGIATAN
- Bantuan langsung diserahkan kepada korban terdampak dan didampingi oleh pemdes setempat dan dari Kecamatan.
- Adapun bantuan yang diberikan antara lain :
1. Logistik Paket Permakanan
2. Logistik Non Permakanan
Sesuai dengan kebutuhan

Demikian laporan kami sampaikan untuk menjadi periksa.

PETUGAS
- Romadon
- Slamet Riyadi
- Alam Syah Tri Putra","https://mymaps.usercontent.google.com/hostedimage/m/*/3AE5a_Gx2jPae7EDDPWFM357OAn-tlct8o3gcxfAyVas2wiztinOyajyLA8WAyk880qiNJj4PEFmMDnBij8Z8iKVl2wd2nKufpX26tBjuew_xFJ5xWchVBt6X3fpjM2nmcHxCaK5r2hXi2TJv-415Jmz3KeAbUVk-eoSmsxHS11AZvMO-0CnzClhuQ2yflxdFkHa1v2h88mq5tKnn-nQ?fife=s16383, https://mymaps.usercontent.google.com/hostedimage/m/*/3AE5a_GzHEi-RKVJPxSahPWoVs4OJl-HXnv6ddrAcK4ytuJ3dHCBpw5VNxHdeSiVl9khyKCx0hMgUquFE8zOk0Olmb8YaXoPhJaXy2wbMh7pjoRr9n4PfBXPOGCgCZwK95BYrz6Q0wJv2B9IYAH7mTLf0jjUpf4lutBpgdrnLyAoSjeLB8AncUXyHwq_Td3yC9f2HorFUJ_GNzqMes-8?fife=s16383, https://mymaps.usercontent.google.com/hostedimage/m/*/3AE5a_GwNe7mCbZaYfPMf2GbMb-P98Zx7w2lXVd1hTcM3qGIHUumQL7Fn272_tgPqoqRzWR3_6d5lq-w9tC2iwPiShZq6chWy4UOq7lNBcEXiopOK600xYHE-a0Ttkdt85wxojQSb0klTSdXbmeuWGzCdJGLsgTi5MHIHNIa2B0Q0JMc-2aS5CfYVQDqZj_iB8pd2-AX7Kjvym18KKMM?fife=s16383"
JANUARI-FEBRUARI 2022,"Tanah Longsor, Penusupan Pejawaran",,Tanah Longsor,Penusupan Pejawaran,Dusun Bojong 04/06,"-7.246568, 109.800065",-7.246568,109.800065,"Selasa, 11 Januari 2022",,Hujan intensitas sedang hingga lebat terjadi di wilayah Kec Pejawaran dengan durasi yang lama. Mengakibatkan rumah amblas / pergerakan tanah dan mengakibatkan kerusakan rumah milik Bpk. Suprih (50/5 jiwa),1 rumah mengalami rusak sedang dan belum bisa di bongkar di karenakan saja lahan dan rumah itu saja yang di miliki oleh Bpk. Suprih,nihil,1 KK 5 Jiwa a.n KK Bapak Suprih,"- evakuasi penghuni , - cek lokasi, - Droping Logistik","Pemdes Penusupan, Warga, BPBD",- Relokasi mengingat rumah dan lahan yang berbahaya dan sudah tidak layak huni,"Sekdes Penusupan
082313985786",Bambang Tri Anggoro,"LAPORAN KEGIATAN

Kepada Yth :
Kepala Pelaksana BPBD Banjarnegara
CC
1. Sekretaris BPBD Banjarnegara;
2. Kabid Pencegahan dan Kesiapsiagaan;
3. Kabid Kedaruratan dan Logistik;
4. Kabid Rehabilitasi dan Rekonstruksi;
5. Kasubag
6. Pejabat Fungsional
===================
Dengan ini kami laporkan : 

A.	JENIS KEGIATAN
Droping Logistik

B.	WAKTU KEGIATAN
Hari 	: 	Kamis, 
Tgl 	: 13 Januari 2022
Waktu 	: 	Pukul 09.00 s/d selesai

C.	LOKASI KEGIATAN
1. Desa Aribaya, Dusun Pringamba RT 05/02, Kec Pagentan
2. Desa Majatengah RT 01/01, Kec. Kalibening.
3. Desa Penusupan RT 04/06, Kec. Pejawaran
4. Desa Kalibening, Kec. Kalibening.

D. HASIL KEGIATAN
- Bantuan langsung diserahkan kepada korban terdampak dan didampingi oleh pemdes setempat dan dari Kecamatan.
- Adapun bantuan yang diberikan antara lain : 
1. Logistik Paket Permakanan
2. Logistik Non Permakanan
Sesuai dengan kebutuhan

Demikian laporan kami sampaikan untuk menjadi periksa.

PETUGAS
- Romadon
- Slamet Riyadi
- Alam Syah Tri Putra","https://mymaps.usercontent.google.com/hostedimage/m/*/3AE5a_GxyBHtrLEbmKLDvlPIwQ_0REHsUfZhsM1F351ClxCviDHnM3a2-EsgKM-ivycvIFE_uSEs436rBvjvoZQa9jyWFxMVqrz_hGadE08fv5_L3BAXQT-Swb7pYkqQzJqsXRf5UbkRgfVN3sLPPpXghqFT9PexKFBBFFw6K_aMK70NzDJDCl3scBBcSbxdq6Ex3nTOFRIkZ1Y53aW0?fife=s16383, https://mymaps.usercontent.google.com/hostedimage/m/*/3AE5a_GxlcUiGFPn9Zmajzxa-QIO4wWQXGyT6OCMArTM6KEnPFFVnwJkH1ehyT_ehByyAjk1dxez_QxUQuF80TtTz7CkYikjxf257K8Fb-i8aVaY6_JqwKV6YIUJRx195A4vvdoreoNqtEdfXUHZnDX9y4PFeEd2WPbVNDIHBC6yvHWChI3FjOCRA8zrbTnmxXeK3knUX2faW4Am7AFw?fife=s16383, https://mymaps.usercontent.google.com/hostedimage/m/*/3AE5a_Gx--zE61bhQ2_YJiAKk9WWeExWtuZwcxe27z2PEdOexh2elC4hvhdIxRuBvT2Vxh6_TUI5SBKk4kVEIe6Rf388MRMTNe-An5L2VkmTtY6Q3Sy7v3uRljNuLL6iTF5xC-P-gCGDgLKLODoIUI39FYvuHfqh_EoNHVT3XxdwkZdfFZ4fE8u0FslQbGukuTznlKchH92vj8iQqnPo?fife=s16383, https://mymaps.usercontent.google.com/hostedimage/m/*/3AE5a_GxcgpUGOrtzm-HY91bAxt07yeOAnH3J0uDDbP_8bkOEMHj0ym5dOkytT4anJaM_Kt5Pp9GQmwd4fGBu4ecMTwTwcchU6I9BmvvK6qSv2pYH7ktHgQRSZcCarOUI3y-_8zDVf-7g6Y3lM2n9OZTllbKKHWp_0s_mLUIqxZotH8IASsIDw7w8inf4OTHXW6gmcaqg7ZGC84horzU?fife=s16383, https://mymaps.usercontent.google.com/hostedimage/m/*/3AE5a_Gy-NM__59yyQBNIOc0deFhEb2RVNpjt9-xqtBdgUABvNJUQby6DPym5g-OkspNMUIUk_poUPvhGnDoUX1JmGP8DBNWpMfVdUBDf00pcbVNdTItQb_ECF-z9ekxadpAvK8myo0w0FJtISTF03xxgKvM1ZNd1iUqcF6VWr3RuClFN-FW1tOYCDwBOEixXziId_8jghhq4bzYqKfY?fife=s16383, https://mymaps.usercontent.google.com/hostedimage/m/*/3AE5a_GxZ2sDt5oZdQDHWEdEGzYQfkKLEUUT4fsUDok3vNGufMJ-JKzGQHsxRNPLHm2nSL87Hd0eir715gRxb3y07WbS6w3U9lAqpnAEpbm5AkW-MCt2wf-ynF_v3H0707duOa950E37Dix9QYvZ7N0abBmq4L390wFB-iLc9_8URgsvSha6cMzGlNLAwFPwSqsj_GOcrjM2zAFEZXMo?fife=s16383, https://mymaps.usercontent.google.com/hostedimage/m/*/3AE5a_Gwu5wM32U4HNrtSW0NgwyrxXdUA12RtFqXsw7mAJ1pDP_RXUgBpRU65-D0JHp0YBzpY9tvt19Z9KSi7xp4uTtiC-KLbiCBr_UsUho9XHpoa7yWW2AIMJTNOL3cEQddQv0l67p8QZeDZwhojRvpetqEMZLoAX6dJIjVxQlCG6E1jchNGBF7S5s3nARJ7-yIHn22cw0EiAtafYQ?fife=s16383"
JANUARI-FEBRUARI 2022,"Tanah Longsor, Majatengah Kalibening",,Tanah Longsor,Majatengah Kalibening,Majatengah 1/1,"-7.222251, 109.64814",-7.222251,109.64814,"Selasa, 11 Januari 2022",,Curah hujan tinggi menyebabkan tebing longsor dan menimpa rumah milik Bapak Hadi sehingga tembok dapur jebol.,"1 rumah rusak ringan, diperkirakan kerugian materil Rp. 2.500.000,00",nihil,nihil,"- pembersihan,","pemdes Majatengah, petugas Kecamatan Kalibening",-Cek lokasi,Bpk Kodam (staf kecamatan Kalibening) 0813900400006,"- Romadon
- Slamet Riyadi
- Alam Syah Tri Putra","LAPORAN KEGIATAN

Kepada Yth :
Kepala Pelaksana BPBD Banjarnegara
CC
1. Sekretaris BPBD Banjarnegara;
2. Kabid Pencegahan dan Kesiapsiagaan;
3. Kabid Kedaruratan dan Logistik;
4. Kabid Rehabilitasi dan Rekonstruksi;
5. Kasubag
6. Pejabat Fungsional
===================
Dengan ini kami laporkan : 

A.	JENIS KEGIATAN
Droping Logistik

B.	WAKTU KEGIATAN
Hari 	: 	Kamis, 
Tgl 	: 13 Januari 2022
Waktu 	: 	Pukul 09.00 s/d selesai

C.	LOKASI KEGIATAN
1. Desa Aribaya, Dusun Pringamba RT 05/02, Kec Pagentan
2. Desa Majatengah RT 01/01, Kec. Kalibening.
3. Desa Penusupan RT 04/06, Kec. Pejawaran
4. Desa Kalibening, Kec. Kalibening.

D. HASIL KEGIATAN
- Bantuan langsung diserahkan kepada korban terdampak dan didampingi oleh pemdes setempat dan dari Kecamatan.
- Adapun bantuan yang diberikan antara lain : 
1. Logistik Paket Permakanan
2. Logistik Non Permakanan
Sesuai dengan kebutuhan

Demikian laporan kami sampaikan untuk menjadi periksa.

PETUGAS
- Romadon
- Slamet Riyadi
- Alam Syah Tri Putra","https://mymaps.usercontent.google.com/hostedimage/m/*/3AE5a_GzksvE2C0pOIiwnR-h7mZs4jOWyjDiT5rmKVEOYQsSQS4mc5OHqdxFPO15-5S9j5WixVNkdLnsrMik9EWy-QHPvZsZbDUfv_dLL-wogMfxY5-Ge-jucUrHk7f5pAOC_gSbm98UAjouQY2iob5jMyk0up2FuI5fbKwiOIYfEReSYLTRcc7ljC-1J9HQLIV8qHIuuIT7ohwIk_w?fife=s16383, https://mymaps.usercontent.google.com/hostedimage/m/*/3AE5a_Gwv2InW1NM4ujUW3_o1hF-ZHNS2Nx4RN4LRxCnHzaj9W53UgOMVhRG-XG3jEqOVsD5hqGyAynBRApxKBebiG2x-5JOEa94agM1RnXV9ZRyiUGDr92paIFilW3En2Av59dhoxE0lpSQwZncIbV4DlmDuz9OrqaOHrFZ1AMrrQnNhdQHBa6zfBxkcsD89HJcnct_BbaEZ2kvtouk?fife=s16383, https://mymaps.usercontent.google.com/hostedimage/m/*/3AE5a_GyAaNi_-5QqTNb8hcVbQStc1DfZnA3eiNkdYRf7_TQWz-4OpJHjPAbD1kKxnheDvGivH_ONDSO9QtxXMaMsh08tDVjm3LstJflaD3qQhljehxRKfIhqsR0t5I82ib5Y_wP8PeohrODlEnjRR10gIraggSSA_SKRPpk68hmAPEZ8miwRo7c0xsBDtvROO9p2PSd2CxIY5pl0UA?fife=s16383"
JANUARI-FEBRUARI 2022,"Tanah Longsor, Limbangan, Pagentan",,Tanah Longsor,"Limbangan, Pagentan",Dusun Pelipiran RT 4 RW 3,"-7.363563, 109.774739",-7.363563,109.774739,"Minggu, 16 Januari 2022",,Telah terjadi tanah longsor jalan raya penghubung madukara dan pegetan dekat jembatan pelipiran,Ruaas Jalan Kabupaten Banjarnegara Pagentan via pelipiran tertutup,nihil,nihil,"- Membuka akses jalan sementara untuk pengendara roda dua 
 - Pengamanan lalu lintas di area kejadian
- Menghimbau kepada masyarakat untuk selalu berhati-hati
- Berkoordinasi dengan pihak DPUPR untuk penanganan dengan menggunakan alat berat dan bekerjasama dengan pihak desa terkait kendaraan dam truk pemindahan material longsor
- Pembersihan hari ini belum selesai 100% karena material cukup banyak, akan dilanjutkan besok pagi.","- BPBD BANJARNEGARA
- FPRB PAGENTAN
- DPUPR
- PEMERINTAH DESA
- POLSEK PAGENTAN
- KORAMIL PAGENTAN
- MASYARAKAT SEKITAR",,Wanidi (FPRB PAGETAN) 0812 2866 8898,"Tujono, SIP
Slamet Riyadi
Ryo Ramadhan NR",,"https://mymaps.usercontent.google.com/hostedimage/m/*/3AE5a_GwiGjSQjnqdv86yz_Rr4UJ9TY8ZyQlyAeJzZg-3SroS60v7av3k9po4lL-wDLtCA5yPnf8fe2wVBHPgXW0dPMMPYDKkh1fHKOJ3FSoIVFaQqlNlLPY5tMSJi3RBHzGkkbE8uys0QW4hLWCOEXwVwFOTdg_DDBOAeuzAUBDbVXynTeIdu-O01h0dPE8700Je_a_2T6pThTesy5E?fife=s16383, https://mymaps.usercontent.google.com/hostedimage/m/*/3AE5a_GxdwH2z4fF-jkgf8ApuYAIFV8sBA3QyJUAbnSf2k3EDIBgRgYaPnLOOTPSXoKOavw9zODOB-fztRcwiLJtpgdLiiHJ2FZrR_fri76gLuPLx7iBQSZJRwZwVBbJyV3yj2_y15_QznsoFOITpqkgC4bQCzWX-v0_8tVNU-uE8-reSwk5EZnGK4SlC2S35ulWDaLRlnYEfYA4jZRM?fife=s16383, https://mymaps.usercontent.google.com/hostedimage/m/*/3AE5a_GzIEGeHj7egIEozI2idyE3Gxm9vOcKUswBLKtsdH9g8e3CdW7RCLkxpDiTiTIhPO3G7Icy5GtCbu9yUG4P34OE4JQ78k8FCg18lhVo-CrvcsHnIc8jfBLRMQwRTrTafzyqUwFqAeg5yW80eNnxQd16UUD5qwIUImjrLw9dGfq61RTmmYw2H9hdt9zeva8ZzH_yTiqDhwfk4rSk?fife=s16383, https://mymaps.usercontent.google.com/hostedimage/m/*/3AE5a_GwaYOXUDC66EjsNSDIU6098xA9gVh3NWBS5tW9X0kcaztDrDWHJHvfMvw7ethrRUAc6XJf89SdE_tlw232JCDyOodOlh343HQZDeglwRA144sTFmLATpmKD6SIavrSprlIoMRDNbg4NmERWu7S6XQCvxLGMTAG0A2QwvvPpZPSAiPj3EKR3d2ZShAJqKPHSk60SK-_AWw_Y4M4?fife=s16383"
JANUARI-FEBRUARI 2022,"Tanah Longsor, Majatengah, Kalibening",,Tanah Longsor,"Majatengah, Kalibening",Objek Wisata Parakan,"-7.221641, 109.643462",-7.221641,109.643462,"Rabu, 19 Januari 2022",,Hujan intesitas tinggi,,,,- pelaporan,,cek lokasi,Fuad (Relawan Gununglangit) 081910780666,,,"https://mymaps.usercontent.google.com/hostedimage/m/*/3AE5a_GzMFQ1_RuLIWGlBiIRXC5gF3Fdstnz2WB_rUsa6ZSyBiYkUlASzO-OoBe438eX8A-Ktp18v4blt2cFz4KVG-m5rwD2usp-wbf6kCgUK2UZ0DHvyL_r35C8-A1TXWG7-xBZeJZ9JTKWKDNZV3zvGCydYvYIcS_4GTPx1_oFT6LCF8MoDdUbd9VdzxrrwVUc-ExPQnJQ2yznoYXY?fife=s16383, https://mymaps.usercontent.google.com/hostedimage/m/*/3AE5a_GykS7gqOdYHveHSYNwBrAo5QDN8APj-rK1fl0gyQ9XFKaSFBNwXBgUwFgipgBgBIAWW-s1l7-092VwO2ReQP9IkgaCOn6MTq53GmPR4Q3W_n0LSe5S4cb3dDoHEnO4DkbOOoKJcQ-bG2KXvE9YuKHf5HtVUcObv_sNm2ETpTynmVFRFC8yeSiBw98qKwhCOdnrwwSZSXIvpzIU?fife=s16383, https://mymaps.usercontent.google.com/hostedimage/m/*/3AE5a_GzhPxg--4x7b9Ycg-jbsqadQSEOTiEpqksi52aq0XGb9cL6Mm8CkxHyc2EIvJyj_T5SneHFhTuzsbfrcEKdAVTDwse05RLXP7CwSNrWpQyGrf4CCAifLsNbc26IUw1w6S9Cbs9jjBFwWfrCm3aKAzUbFanhZXEcOG8dHFJpJdDZ2ficArACrbLANof4X2pWzAY-IzGDo-51s-0?fife=s16383"
JANUARI-FEBRUARI 2022,"Tanah Longsor, Kaliurip, Madukara",,Tanah Longsor,"Kaliurip, Madukara",ruas jalan kabupatenRuas Jalan Kabupaten penghubung Desa Kaliurip - Desa Pakelen Kec.Madukara,"-7.382445, 109.746454",-7.382445,109.746454,"Minggu, 23 Januari 2022",,-Hujan Dengan Intensitas sedang Hingga Lebat dan Disertai Angin kencang Pada Malam Hari hingga Dini hari yg terjadi di wilayah kec.madukara Menyebabkan Rumpun Bambu Longsor Hingga Menutup Ruas Jalan Kabupaten Penghubung Desa Kaliurip - Desa Pekelen,Jalur penghubung Desa Kaliurip - Desa Pakelen Tertutup Rumpun Bambu,nihil,nihil,Asassment,"1. BPBD Banjarnegara
2. TNI/Polri
3. TAGANA Banjarnegara
4.Warga Masyarakat",,Destana Kaliurip,"- Pujianto
- Ahmad Arifin",,"https://mymaps.usercontent.google.com/hostedimage/m/*/3AE5a_GwuHfPF_ZszvbA-DYfek4sbfPCs7aqplTm0iqPmLAP5lOIPqTFJflo7732h96fgpUAGw9tgIYPfJ1CQNP1K-_LnzMT58c1z8Gya1BKQuPMA8-iLGUkoz34Qmaf9h9RwBCibbMzhfK7H58TMxLpoJ1j9RlA_PX8KXzNC9fjR7RtkplyXPC0kER7xVDgWvTNiNO9KvFcZjDbCj8M?fife=s16383, https://mymaps.usercontent.google.com/hostedimage/m/*/3AE5a_GyJrRTa_UJC3z6ggmfT-1iRr0uP5zqwrfBVYyzvYDLS51vt55xqw_GKrc4-lbqVtvy90qfPfosaPC3LAOWB9WY8Nc54q194eO83eOB6RuU1qf_d1bwKy1Q5I1TBtSVNBiAVkg30DQsVy-nUWEZ_i6aHKlNEWo5ca6-h5ojbz-q30mesVuYQWXTyQGQnoc-XpbjT1L4g95WJKA?fife=s16383, https://mymaps.usercontent.google.com/hostedimage/m/*/3AE5a_GwHcNKf7seeBrN7HMQImsadpdkWHj8tGrMUNUgTna4WYZKPGvtpH20PaCnjsYmBLSHgQPXozxKrFJHHNstnLz8KTGSSQ2yf465lgRf59qQQfxLXdKilaJsbiao8xXm1uwtf9Yo1aEcGov0NDRwEV9-MdY5w5bZ-udGIFni7HXFbveucLmNH4Clg-CaMG7CzxnN7EhJCfRLawg?fife=s16383"
JANUARI-FEBRUARI 2022,"Tanah Longsor, Pingit Lor, Pandanarum",,Tanah Longsor,"Pingit Lor, Pandanarum","1. Dusun Pingit Rt 1/2 dan Dusun Plipiran Desa Pingit Lor, Kec. Pandanarum, 2. Ruas Jalan Lawen - Pingit Lor","-7.249212, 109.554542",-7.249212,109.554542,"Sabtu, 22 Januari 2022",,"Dusun Tamansari : Hujan dg intensitas sedang hingga lebat terjadi pada pukul 15.30 hingga pukul 00.00 pada tanggal 22 Januari 2022, mengakibatkan talud dg tinggi -+10 M, dg panjang -+10 M mengalami longsor, tdk ada korban jiwa dlm kejadian ini namun rumah bpk tarmin mengalami jebol pada dinding dapur Dusun Plipiran : Hujan dg intensitas sedang hingga lebat terjadi pada pukul 15.30 hingga pukul 00.00 pada tanggal 22 Januari 2022 mengakibatkan jalan raya pingit lor mengalami rekahan pada jalan sepanjang 30 meter",1 rumah rusak ringan a.n Bapak Tarmin dan akses jalan desa ambles,nihil,nihil,"kerjabakti, droping logisitk","1. BPBD Banjarnegara
2. Destana Pingit Lor
3. Pemdes Desa Pingit Lor",,,"- Jumali
- Slamet Riyadi
- Wisnu (Destana Wanayasa)","JENIS LOGISTIK
*Permakanan
- Beras 10 Kg
- Mie Instan 1 Dus
- Gula Pasir 1 Kg
- Minyak Goreng 2 Liter
- Daging Kaleng 2 Kaleng
- Sarden 2 Kaleng 
- Saos 2 Botol
- Kecap 2 Botol
- Teh Celup 1 Pack 
- Yogurt 3 Pcs
*Non Permakanan
- Kasau 4 Buah
- Triplek 3 Buah","https://mymaps.usercontent.google.com/hostedimage/m/*/3AE5a_Gy7wUCRdndgGmybXyFCRj_npQmfDovvYE3EbUN0aEzd19SW1HP-CFUr_K6m36UydP2TdDGiOyTkTJimdFRI3NQDZZEHT4ZsCdVs2nndQt799ACaFqKvXH37V-beNi7Cf9nQEJqc-9_hA0Q5r9OUEeVVmmFzKEUu79ja6sXmy4p0t4zRQsaYrsy8MHFqSiO9jmQLGtTRypniTw?fife=s16383, https://mymaps.usercontent.google.com/hostedimage/m/*/3AE5a_Gzdr5Gms3MTdIsQvJkTwAehV5yR836C3bldWAt5NWcG_9sIGi0MW_TgVns-LBCVm58sCM7nRe2ujoETiQ8-sIhGW-dcwSBdrn6TZHgUTSM-vSn5dJjPd5Z0UnWZisS1TgJSZjy3kgdcXqow5nIcZhbHz1nTflENbNJ1NkI0YaesxtRls8ejHRpw4SA1HKYDA4b8cKVdXsMZIsA?fife=s16383, https://mymaps.usercontent.google.com/hostedimage/m/*/3AE5a_GzMP42luMJPVl6PFKePuMp7vZYO3Hrd7bgFIziCNAo_uTv18ZugGdXf6PycfY4moQj844Kgo3PMqmF_I-SpTbCXA2sSl6fLJt04HPL_ezl0HAyUpo8ju8QHmYgDWxOxIMWgBbsks2TWwfg1wRCM4dNtVPM8mkJxwSaxNGHQB-sP1jhWJE3ZN_rb1vqnlc3k1qNR0ZeR6kaJ1Q?fife=s16383, https://mymaps.usercontent.google.com/hostedimage/m/*/3AE5a_GwVrvAgwzsdh22f3RliyPXbnPfQ947rtvfF6XQ6R6LRvOv0_0EBKh6OJ8PMheCwHdvo21M1QQe8xuaFiulNJO53wHoguJBeHa8dRCXvLXz4PQ1RwltOp0jsV_QclI4CpuvvroiL0TtCjNwqlHDzfGuMWbngA8I4nBbzD_2P-DbXlCqQ2k-154Gtp6IAB5ieEaE0p-DgBuNKWw?fife=s16383, https://mymaps.usercontent.google.com/hostedimage/m/*/3AE5a_GxTOX6xKrISs0Pu0mAi1meTl-X6R53isRytvNkbb5cfd25AVNvuwrKdZNt7WnPfYywVtR8i42AJoQBFTbpUPLlkfiix9QFbZMi5NQ-Gakfbok5SOcWHI6AjO5jFds24NHJT7T28Sju7QiPqWWiweL19s5J6w6En2aAFATscMkBK5wRY_mxTuKhQgsvZ042kTSnBelxANgNxoQ?fife=s16383"
JANUARI-FEBRUARI 2022,"Tanah Longsor, Karanganyar, Purwanegara",,Tanah Longsor,"Karanganyar, Purwanegara","Grumbul Kaligaru 
Dusun Sawangan 05/01","-7.4808101, 109.556399",,,"Selasa, 28 Desember 2021",,"Intensitas hujan yang tinggi, kemiringan lereng dan jenis tanah dilokasi tersebut menyebabkan tanah longsor di tiga titik lokasi.","1 Lokasi 1 : jalan desa mengalami amblas ke arah Timur Laut dengan panjang 10 meter. Sampai saat ini tidak bisa dilalui oleh kendaraan roda 4.
2. Lokasi 2 : Tebing longsor tinggi tebing 15 meter dengan kemiringan lereng 65° longsor berarah ke Tenggara menutup setengan badan jalan Desa serta mengancam 1 rumah a.n : Ny. Kasturi ( 1 jiwa )
3. Lokasi 3 : Tebing longsor tinggi tebing 21 meter dengan kemiringan lereng 70° longsor berarah ke Tenggara menutup setengan badan jalan Desa serta mengancam 1 rumah (2 KK / 7 jiwa )
- Hadi Suwito ( 4 jiwa )
- Rantiem ( 3 jiwa )",nihil,nihil,"- Cek lokasi 
- Menghimbau ke warga untuk mengungsi saat turun hujan dengan intensitas sedang hingga tinggi.",-Pemdes -BPBD,- Pihak Pemdes mengajukan peminjaman alat berat.,,"-- Anif Khamidi
- Fahri Susanto",,"https://mymaps.usercontent.google.com/hostedimage/m/*/3AE5a_Gw7FWdTkt07g_P0crg36jewEp6b8xNWarFSyKxUHNZWtJC_fIH9zh0kMBhBpLL5DZ0du-R_vQD3J3_i0rwpCSyVLbCh_xY_UMeZTTCII7AW3yjvg7zUKv_1fSKLUkbzrVBcqDbLnL1MAnxkVXZ2voQTWgg4wDkTPl9mltteT4gEnTpzS85ZToBMsxN4nom7t87p7X8bowxgOnM?fife=s16383, https://mymaps.usercontent.google.com/hostedimage/m/*/3AE5a_Gw3hhCSiL5NDDk1rCYmCb_h3td1C7Wqz43zd9ojsyr5f3d7pfaeYofCn2O0-X6sERfvRPujTQS7RpyXT3wgSVWiADuC6Z48W_boppCwKbck6MgxA5XtRqnwwO-_VY1Sz08-U1Av9aziVhqfa2DE6jUrqKjDXRcRstLAPcLETu2VNuvuIH6AgqAQev6z8rfRS90NfvWjNA5XoJk?fife=s16383, https://mymaps.usercontent.google.com/hostedimage/m/*/3AE5a_Gz7h2TjU-2m0MTtNXQL6waBnzzxVYm7hVGUKOO7tclS29hSqfKKJfRdntxY5kx9iBS5PdEU5R1CyX723L-4oNi8c_PENp3vGhzsYhKdxThkkFX6bGc0VX4Uslru_pl9WDJig7f-CXuTpZEWYXRfZGjBPmkhtDZeTHAvdZHVyToTY0KbuduRaXJGNJa8oYbA5e_j9GtYdg5QIi0?fife=s16383, https://mymaps.usercontent.google.com/hostedimage/m/*/3AE5a_GwFDpZFP1idwATTH7NR5AdkXmBeThYg2E3mjQV1wHT_REqTQmASxrPsA2BNvWWV4QHzZsUZnoxYNH9ZufMlU1wTThEXgFRk79tprOmQvudnB_wRwYC1FfynwvgLgRxMu3JAlHSGmCynT14y24C0PbwsoK_oF28ZRK29KZoiICXEkd8WFZpNPmYOE7c5NJz9p416PbuUiApKY8s?fife=s16383"
JANUARI-FEBRUARI 2022,"Tanah Longsor, Beji, Pandanarum",,Tanah Longsor,"Beji, Pandanarum",Beji,"-7.252993, 109.603951",-7.252993,109.603951,"Selasa, 11 Januari 2022",,"Intensitas hujan yang tinggi memicu terjadinya talud pengaman rumah berukuran +- P : 15 m T : m ambruk, hal ini juga dipicu kurangnya suling2 pada Talud tersebut dan kurangnya penataan saluran pembuangan air rumah tangga.","- 1 (Satu) rumah terdampak rusak pada bagian dinding belakang dan talud pengaman rumah ambruk kategori rusak sedang (60 %)
 - Pemilik rumah atas nama : Mundori (50 Th) Rt 02 Rw 01
 - Kondisi rumah saat ini belum diperbaiki secara permanen, namun talud pengaman rumah sudah diperbaiki.",nihil,nihil,"- Pelaporan ke OPD terkait
- Cek lokasi oleh BPBD
- Pemberian bantuan logistik Oleh BPBD
- Penutupan sementara lokasi terdampak bencana dengan terpal oleh warga setempat",,-- Untuk rumah terdampak atas nama Mundori Rt 02/01 Desa Beji perlu diajukan Bansos untuk perbaikan rumah.,,"- Tujono, SIP
- Agung Septiyanto","JENIS BANTUAN
1. Beras
2. Mie Instan
3. Gula Pasir
4. Minyak Goreng
5. Daging Kaleng
6. Sarden
7. Saos
8. Kecap
9. Teh Celup
10. Yogurt
11. Hygiene Kit","https://mymaps.usercontent.google.com/hostedimage/m/*/3AE5a_GzgwTY5Y0N4X5wxG3qYzL-Gl91sL6Y11ATTQt1wVVs1XOiS_NyjcUEerNsbQBdfr0VO6QaBCp_sKUlimBpZfkw1JRQJJGbpG2kGwbcBFpvsw74fDbsagvvHns-WDb9At2HuDifRbNBZHTtnDznP46ix_LWZRwA9ck6bXcjZId-WqvzZGVvUUfciMVAwYN270QfelbxX0A03_Q?fife=s16383, https://mymaps.usercontent.google.com/hostedimage/m/*/3AE5a_GySqzYRCO0NgZo34p1XbreQ3G2dbxI697NZTv5-0mU07v0PXNekAhu4ovsmb94-QJqoxst3k6DsQu6x7W1GcPNgq70zguEHQSSB33pnjlir6Ch8zI528gAkFk4jKIH1Gzb3oeRjzHP0O6F5eg9uxUqXQOHUd0CUzncx8IcMIwFgAK9uxmnLBX_-8vKxLo3h6HhtJ2iU10te2Q?fife=s16383, https://mymaps.usercontent.google.com/hostedimage/m/*/3AE5a_GxutZfbo5Fj07MB4TqYM1aIF-Cw2g7gbuXCDGBi47xb3LQKCSJYLnIFLa1iSxcl6L4gVjtgmLM25oFu2eLTZFO46Sc2YGuncTbFX8Mucph2d8hcM4of97OCIP9YtHt_vtEdIR-zJtCI_a7pAPMhO2RYsQlw9vugR1B-NEspqgTJwZR-KXtW2EE0uAFnBb-DFUTebdN58c2x8Q?fife=s16383"
JANUARI-FEBRUARI 2022,"Tanah Longsor, Pringamba, Pandanarum",,Tanah Longsor,"Pringamba, Pandanarum",Pringamba,"-7.243883, 109.601042",-7.243883,109.601042,"Selasa, 11 Januari 2022",,"Intensitas hujan yang tinggi sehingga air sungai sokaraja Desa Pringamba meluap dan terjadi abrasi yang mengakibatkan talud pengaman rumah yang berada ditepian sungai sokaraja, talud berukuran +- P : 15 m dan L : 3 m mengalami ambruk dan mengancam rumah warga.",- 1 (Satu) unit rumah terdampak mengalami retak-retak pada bagian dinding dan kolom kategori rusak ringan (30 %). - Pemilik rumah atas nama : Sukisno (50 Th) Rt 01 Rw 05 - Kondisi rumah hingga kini belum diperbaiki dan terancam karena talud pengaman rumah belum diperbaiki.,nihil,nihil,"- Pelaporan ke OPD terkait
- Cek lokasi oleh BPBD
- Pemberian bantuan logistik Oleh BPBD
- Penutupan sementara lokasi terdampak bencana dengan terpal oleh warga setempat",,-Untuk lokasi terdampak pemilik rumah atas nama : Sukisno Rt 01 Rw 05 Desa Pringamba perlu berkordinasi dengan Balai Besar Serayu Opak (BBWSO) karena rumah berada di atas bantaran sungai sokaraja Desa Pringamba dan membutuhkan bronjong untuk talud pengaman yang tergerus oleh air sungai sokaraja tersebut.,,"- Tujono, SIP
- Agung Septiyanto","JENIS BANTUAN
1. Beras
2. Mie Instan
3. Gula Pasir
4. Minyak Goreng
5. Daging Kaleng
6. Sarden
7. Saos
8. Kecap
9. Teh Celup
10. Yogurt
11. Hygiene Kit","https://mymaps.usercontent.google.com/hostedimage/m/*/3AE5a_GxNfFMQAQndlpUPw3Qlwn2JroytoVn11mcjno6ybiUSGpdg-S3jW5K55HvebnzDoubWoOBsTmrE00tK6T8224Y55qrtyG6bYuVHzRfe4yV2c4fC8bJ1_yc4YSeAHvUOwozVrku-Od2bCilB55zYB3AOg_hAt5GZXzDLuuYaa3EVc1Zd7orPl3G8n3UwXr_9B1tqkttqSTlLhQ?fife=s16383, https://mymaps.usercontent.google.com/hostedimage/m/*/3AE5a_GyOZMVuUH9yiSZt0wOY9Oqh832THQ4APqx0yqyN0zMlvIPNV40y_v_RO8YcfnArGW_KnCShMDotDGUjYGWPakEdrkJf7j3fSqzmxf9FA6Ce1H3fGcnkBR4h22LDJyLztb3yq6bi5szXtUfLqBFQrdSPzAHO40m41vO_kQpA3pyDm1FMLILLZVMT3dfQyK3rABcqowVG1YfVsQ?fife=s16383, https://mymaps.usercontent.google.com/hostedimage/m/*/3AE5a_GyXlrYySAKRe3E2iKsc7pKg50ikUNIB81pOxSLRYz4Qb5dGfwi9wOEojnbkhCuLG_gjUDGvL-o_NAmuq50GBv_pOwBKXAaYVBJzwZamVZFnFle3AsepHN2dC0P9C9DKtIMq4gnCl8QrdGRM9X5xPAZizMhrV-S4TN903UF5woyskXxmoViPD4Og5sf8h73iMJvh7h9YdxW9lg?fife=s16383"
JANUARI-FEBRUARI 2022,"Tanah Longsor, Desa Sijeruk, Kec. Banjarmangu",,Tanah Longsor,"Desa Sijeruk, Kec. Banjarmangu",Rt 05 Rw 02 Dusun Sijeruk,"-7.318803, 109.711175",-7.318803,109.711175,"Kamis, 27 Januari 2022",,"- Hujan intensitas sedang hingga lebat terjadi di wilayah tersebut. 
-Pada pukul 16:00 wib Tebing setinggi -+ 1,5 meter Panjang 5 meter Ambruk dan menutup Drainase jalan propinsi.","- 1 rumah rusak ringan
 
Rumah terdampak Atas nama:
Bahri umur 36 Tahun 3 Anggota Keluarga",nihil,nihil,"-- pembersihan matrial longsor secara manual oleh warga
- Pelaporan kepada instansi terkait. 
-Asesmen -Droping logistik",- Pemdes Sijeruk - BPBD,-Kerja bhakti lanjutan,Rohyanto Pemdes Sijeruk,"- Ismail
- Yusmiko Nur Azis","LOGISTIK YANG DI DISTRIBUSIKAN :
- Beras10 Kg
- Mie Instan 2 Dus
- Gula 1 Kg
- Saos 2 Botol
- Kecap 2 Botol
- Sarden 2 Kaleng
- Daging 2 Kaleng
- Biskuit 1 Buah
- Minya Goreng 2 Liter
- Teh 1 Pack
- Yogurt 5 Pcs","https://mymaps.usercontent.google.com/hostedimage/m/*/3AE5a_GzPfDup9mfc0UqLGMwL-3nhcG65ji5dYa3kC6TIqtHhCR20HNpQ_vofSodydOc0ViIQvzzIzJcpysR8kmWOT8-HIxpXAwaCNk9Xf5nVwKWWZ4rK7ZOtbBtM2mgFMU0-3pisZgsA6MBiEFzg5NS8DFCPes69_VM10X7pdhHemphexi5mu_H3SPBoNY9R4wpRr1mhjGqfNZgqSA?fife=s16383, https://mymaps.usercontent.google.com/hostedimage/m/*/3AE5a_GwtrV6USj2IlpVTRfvOOVgl0xFaFPDL6CZhP0V76BnuwV9FuFvXB_IJr4wClQwpd2-B3UHztRAUaHLHC0wuz6HT-CIkypgTDmtum4dOYHmdlFxAMo2OCV3uXEsKkQkA5cv7KCaSAvbqRkn6Ctl9FS1nMmai-H_YQlvBscS8rkrCIzf5100YjkT0BLUaHTohPliRnYZ09-Y85w?fife=s16383, https://mymaps.usercontent.google.com/hostedimage/m/*/3AE5a_GxmxNdHeqVsYEaRrNF9n24q7O4ijryYrUFa1i2h7bpwrGYd0dsnETo_QJPYY4qQNJN_ZO5FVMZsto1c-gjmy311XdhYzih_VQBDC98DJPsnewYPT6diJhzUv9vTMRc8b8ajTRK2ALu1W1VaM4FBB8ry6Caqef5K2oddFpwD7Ls6TE6UK1ysfRK5vFdxoVJcSVWbRCzt7EzWz08?fife=s16383, https://mymaps.usercontent.google.com/hostedimage/m/*/3AE5a_Gztok5ZucUYbC9B3cLnE863zRv7cDsk4aBe1wpQQ5Ka6O9mrc1P46bY5wonx2OQy_K3zBBzIO6RoM1DdmYEU2ur06Fu3NVUXMZM_dyz91WOtwYSFjc-lYISa15ysiuHV6SLu8GFaj0t2mcnMVZ-bCWUTlsE-7-1ZdWIDB1JDeAY0-ddzuq-Cu8zeoCWqfPTxB-iRtpaHvjXyw?fife=s16383"
JANUARI-FEBRUARI 2022,"Tanah Longsor, Desa  Bakal, Kec Batur",,Tanah Longsor,"Desa  Bakal, Kec Batur",Dusun Bakal Rt 02/022,"-7.218785, 109.876507",-7.218785,109.876507,"Kamis, 3 Februari 2022",,Hujan deras dengan intensitas tinggi dari jam 12:30 -13:30 mengakibatkan tebing rumah longsor atas nama pak khusdi umur 41th (3 jiwa) yang terletak di rt 02 rw 02 desa bakal kec batur mengalami longsor dengan lebar 3 meter kedalaman 25 meter . Sehingga mengancam rumah bagian dapur milik bapak khusdi,- Longsor mengancam rumah bagian dapur yang tepat di tepi  tebing - +  1 meter,nihil,nihil,"-Pelaporan ke OPD terkait
- Cek lokasi dan Droping Logistik oleh BPBD
-Kerja bhakti memajukan bagian dapur oleh warga masyarakat setempat","-BPBD Banjarnegara
-Bagana
-Pemdes Bakal
-Warga Masyarakat","-- Koordinasi dengan pihak pemdes untuk membuat surat laporan kejadian guna Menindak lanjuti kejadian tersebut 
-Droping Logistik Permakanan Untuk Kerja bhakti 
-2  buah terpal Untuk menutup longsoran 
-Karung untuk membuat talud","1.Pak Khusdi ( Pemilik Rumah) 
2.Pak Ahyaudin (Kadus):085201717717","- Sapto Hudiono
- Widia Dwi Kurniawan -Suwito
- Agung Septiyanto","JENIS BANTUAN
1. Beras
2. Mie Instan
3. Gula Pasir
4. Minyak Goreng
5. Daging Kaleng
6. Sarden
7. Saos
8. Kecap
9. Teh Celup
10. Yogurt","https://mymaps.usercontent.google.com/hostedimage/m/*/3AE5a_GwOM8NtP2mUH__xQLtGzvIReiauqu1Cdbd0gK2TghHwC9Y63LKhzfn_pGL6ZrjMR4D_BHGKNurSI92wbIGoB0EBt3DtmZsCvVM2bIUOxN2vikugqHFZltZXFu02swJUBEcYMRlNYjgOQtEXX9VsIWrOtLQVmZhAot24BX6i9EWhVIVjiwk1FdzNfEvBApvSMtJL8g-ZXknGHFs?fife=s16383, https://mymaps.usercontent.google.com/hostedimage/m/*/3AE5a_Gzu_8FlK8FVwWTXomuwfIPZZz-2RceN5QVTt0yoRmz_2UNeWqGZqjMZFnM2T4zYdU-oNOctgWklE5wwUWOxcaQWsPleYaycTWytONxIProvk1FLZfyBAXIX7h5o62D29rM7AEe9X8cTLqlTo9rdOxcIrhYZk8_qfOstsKlhbfdN5XgZtfzjzp3AyVfrrYYb298lbFKoZ0KFMw?fife=s16383, https://mymaps.usercontent.google.com/hostedimage/m/*/3AE5a_Gzb9wqgOj7LlpV4b-rTuQycvQmJCuYYiU7cYFHAp1imFJKZshPBg4M0Zm1Q6WLLWT7mNZ9qfSHmbNtIPWc_tJrRjpkmzRkqlNRANdEWrnxLerIfrcdyPRI7zDEmaZxjJbKz1hV3W60PYsV7zGFYOAGkV63we1b3Z4MTdZihsJuhFolyP0rnhAI8gKai0qoSZQiXTeYg8Cwieg?fife=s16383, https://mymaps.usercontent.google.com/hostedimage/m/*/3AE5a_GxP3IbXv4SJUdVQFWJZM4kMPeaFdKPjf1ghMmovodLCVHDJG3UbFPBaQ4tUyD1Df9rR5I4J-DXLMUlG3TJYwKDybZdQo9MGoXvtLheUA300sYrMGz5b09N1eUKhPaMFxiJ8nZffE-ZOIsGKnKpsGl7xgxpsNZ8_KyGW4Q3fOYN7fmSVh6H40B08r1OZ7tuKqxkY4VdeP1TfHQ?fife=s16383, https://mymaps.usercontent.google.com/hostedimage/m/*/3AE5a_GyjHHN0g7s6OrAJZoaEZHzAdQ2GJp1HfQkkMNU8BRmvebddZ4uhjJvhovQzFozPraRHTDpvu4U-jqXeZJxhstOMUKDAxa6Iqx79CM3vXb29y979Mt7vFZA6OXJ4LMKGvmGkjxk09RGOSwV2TinH_6AJWTsH5KLa4uaMS3BcmS5D-tyMGj7p6X1PSdaOKWaIuKSJlfmle6Huzg?fife=s16383, https://mymaps.usercontent.google.com/hostedimage/m/*/3AE5a_GwkmOKrDRt8s0s137IaCx-97I3CxFGjNtY8FNLwetaVsqGhgtq1AfoCqbrAIcwyoGExjsU_3a04W36zONp9WCJ0Zb1ruw657aNr6B2lTvg1fiNlXq5CMN3psSlirTOUX2GZQVmq9yroa4BGCiFxIKgPEJXjnKea8Gq406ON5vR-h9sNyABGzafBBB6xX3BumrTUw6i6d_HfGGE?fife=s16383, https://mymaps.usercontent.google.com/hostedimage/m/*/3AE5a_Gxf7fSz4WrPMUWvWanWOIcsWVzsF5ZqO752bhxdbCcqvCYzU8ZxFMyCDWOI6iV-MrXOfXOlz3qJOtB8aO2l9TcKOJboQHHt4_yRZVjWTdOSVqnjHxK54myEh9hHMs53ky22kLe7bw4prYSnmoaMyubxzRvvRW0BnMUP34LFwz0g1je-qsJgGZtWsoAFtaEz0CJEq4Kmq3zIEzg?fife=s16383"
JANUARI-FEBRUARI 2022,"Tanah Longsor, Desa Kalilunjar, Kec Banjarmangu",,Tanah Longsor,"Desa Kalilunjar, Kec Banjarmangu","Rt 03 Rw 03
Dusun Kaliarus","-7.335556, 109.715278",-7.335556,109.715278,"Kamis, 3 Februari 2022",,"- Hujan intensitas sedang hingga lebat terjadi di wilayah tersebut, sehingga menyebabkan bagian bangunan samping selatan rumah amblas.","- Bangunan rumah mengalami kerusakan 5 % (bagian KM/WC retak, dan tembok rumah bagian belakang sebelah selatan retak)
- Bp. Sugeng Edi Prabowo (1 KK, 3 jiwa)",nihil,nihil,- Asesment,-BPBD Banjarnegara -PEMDES,"- Pembuatan saluran air
- Pemindahan tempat penampung air",,"-Suwito
- Agung Septiyanto",,"https://mymaps.usercontent.google.com/hostedimage/m/*/3AE5a_Gww5w8ZcsCvl4zYl-OXTJNw_FusKZiHYirxAHdPFryM109C-eOq1BUu8u5V34Ie5eSwwzmVd1W2Jk5zVfVOF7lGpdOq_ROihYdF73tmnxjD9Hen_ngrylt5ki3aE6x1bPWcpE_FZG7pceNrUB0vEso-Hz_okdwOFYz6MwXTvHWD1C13a9udsDgatoRem3vcK01AnHv0ruePAmY?fife=s16383, https://mymaps.usercontent.google.com/hostedimage/m/*/3AE5a_GxfplbjH7qj6NX_6BGmajBskXcvbdcCtJo8NivrMuTZvy0INNYWbrznA3qrm6FXbuso_GkB77dCADZYTB3y4wD-BmjUhGcRrbY0Q18WoaKMOOThQgsCCURk7roYz6LqDb9IjcE71xdyomskfcVgJQwZFjOsK_5cx8l9CEk3Lr4N0Pls0TUKqAuueWL725_m2hC7AVKHQfg0QZw?fife=s16383, https://mymaps.usercontent.google.com/hostedimage/m/*/3AE5a_Gymtz2srYJv1vulFeD8GQw-jKy8PAxDp2JQst4oOtINyv9iUVp_ckXT_e9MsBSa0mZpl4Rhsl64Gcv2gRFEQMwqcoqLeu0p-ATerRD_Rxskw_58hF1ma2qyL_SXkZw3xmXqUZEWHuSOzzhIbL6lWnriW02PCNraObY4loNv4PRfXmKLAwxO9hC-IK3L0y2_qMViX6YspIg0I3s?fife=s16383"
JANUARI-FEBRUARI 2022,"Tanah Longsor, Desa Beji
Kec.Banjarmangu",,Tanah Longsor,"Desa Beji
Kec.Banjarmangu",Jalan kabupaten turut gemantung dusun Bendawuluh,"-7.308663, 109.676222",-7.308663,109.676222,"Sabtu, 5 Februari 2022",,Pada pukul 20.00 WIB akibat hujan deras yang mengguyur daerah Beji dan sekitarnya pada hari Sabtu mengakibatkan ruas jalan gemantung anjlok setinggi kurang lebih 2 meter,mengakibatkan ruas jalan gemantung anjlok setinggi kurang lebih 2 meter,nihil,nihil,- Pengurugan jalan menggunakan material batu dan pasir,"- CAMAT BANJARMANGU
- POLSEK BANJARMANGU
- PEMDES BEJI
- BABINSA BANJARMANGU
- SATPOL-PP
- RAPI 
- DESTANA BEJI
- WARGA SEKITAR",,,,,"https://mymaps.usercontent.google.com/hostedimage/m/*/3AE5a_Gw7iHQsCNwnw9__I_W9lOAUyY0xzI7RVhr2A5qJrjCejgSHxvJRRm2RjUF50jVL_lISLWQ0wbdJIXJBfq5oq3LXYCZlmSbILPLiQHu0wpSHtV0x5ZeNS0tCDYqhr1lKUdAv0zMUW9gKOz-XJJxX1oif9e5rbeAl0xJ6j0q36ec7BzNrJPHkQKjOaFi3dtiqgn5RIXM1jTyLJxE?fife=s16383, https://mymaps.usercontent.google.com/hostedimage/m/*/3AE5a_GynoZWfP4Nu2SsA-NJxv88poarB07enU-VKL_U8uA-bQh-R8nWa31BJtaWQh_eGIAEQI6SOBoyxfBWUJ4-7gRgoMP6DHVUXJzKDcGf-rXB_rwdsagPi1i_RB5iMMRK0lmoNXFJkrjc_AVagaJ8P7Hmh9cKkDk9RqPslkGZmh8xCBJgidU3Qc1j1IbN-EGevqzRc2M0BRGUxweA?fife=s16383"
JANUARI-FEBRUARI 2022,"Tanah Longsor, Kel. Wangon Kec. Banjarnegara",,Tanah Longsor,Kel. Wangon Kec. Banjarnegara,SDN 2 Wangon RT/ RW 2/5,"-7.408402, 109.678103",-7.408402,109.678103,"Rabu, 9 Februari 2022",,"Hujan deras dengan intensitas tinggi
Longsor terjadi menutup jalan",Longsor terjadi menutup jalan,nihil,nihil,pembersihan,"1. BPBD Banjarnegara
2. Damkar Banjarnegara
3. KODIM 0704 Banjarnegara
4. PMI Banjarnegara
5. Koramil Mandiraja
6. SARKAB Banjarnegara
7. Warga Masyarakat",,"Pak agus ariyanto
082138159816","- Aris Sudaryanto, S.Pd, MM
- Raib Sekhudin, S.ST, M.KL
- Rakiwan, SH
- Agus Susilo
- Agung Septyanto
- Daryoto
- Ismail
- Widia Dwi K.",,"https://mymaps.usercontent.google.com/hostedimage/m/*/3AE5a_GwY7ZMBAuFC0g46RKXfboBbnqAPgMsDChHocgiWW0y1lCvEG-Ghlj_58_TKDL08wgihCxoITNzbmuJE0rmZccxIVADLPqIkqliIW-U_9_hFAqeIclgv0v26yDe8I2JJ6rdYwE0pL_3HmdCoMCDiqW1y-13VemhpFWslk9FCPCmfwZnqmkxFhvE2PdHE5tRPFHI6bSKu632h3Wg?fife=s16383, https://mymaps.usercontent.google.com/hostedimage/m/*/3AE5a_GxWKd-U6S7V4dqaIdTkHIWCDbHwzpM0DEn6O2FW5W8KTAaYMbqQirxXcm7Ezve2zhvcDFjdycR0lC2V6cYs3-qUICYXgZrf2OIFUoubMadt6f57muB6MRnumkO8_K6WY_zqf5npaE6P8LvsT7vjZ3eDlC0D0B1e0RObR69y0nEII7HZK_uik84RGRXBsqQAixhaB7R_hVs-3bg?fife=s16383, https://mymaps.usercontent.google.com/hostedimage/m/*/3AE5a_GztS_q0jsnRHW3N_rv9A-xGIgGX5TwwRzEdSMuMnG4FKgUUxuP2k3Ed__SC7k9lBWXYRlbvULOJ7earb3ZjKMFEQGpwBhKb2SIFnVgmY7sq3Da_E_UPN5G-EVjPnL76dPNaAn3Sr8fj_O6xo8m1XHbyTZ3zvHqJFT2JbDnubosdFgTlo9Oj6Jj6PW6FiDi9QXIcubjSqvxWQWU?fife=s16383, https://mymaps.usercontent.google.com/hostedimage/m/*/3AE5a_GxmZPfBhnanMDpLjlaa3sYGC-JDxAxSxCdOH77J8dd1Y-C5xePqXERLnzCFSxPMSy2b9FzaODTYl8mZPnA73A-LHNy30lYzdfZi1N0ZXv5aHK5jj2OMUNTqKPpzjr80Ym9wxJ6tOAdKYVfLFs97oqZakGUE-g6gtapg2KYggu6loVBWNjVeN-TqMhpo45AIX9VZlc54AKyugwM?fife=s16383"
JANUARI-FEBRUARI 2022,"Tanah Longsor, Kelurahan  Wangon Kec Banjarnegara",,Tanah Longsor,Kelurahan  Wangon Kec Banjarnegara,Dusun Silempid 02/04,"-7.408214, 109.678067",-7.408214,109.678067,"Rabu, 9 Februari 2022",,Hujan deras dengan intensitas tinggi mengakibatkan 2 kolam yang berada di atas tebing meluap dan mengakibatkan tebing - + 5 meter longsor dan menutup seluruh bagian jalan desa wangon,"- Longsor menutupi seluruh bagian jalan 
- Lumpur mengenai 3 pekarangan rumah  milik warga  
kolam ikan milik Bp. Muslihun alamat Rt 03 Rw 04 dsn. Sayangan, Ds. Twelagiri Pagedongan. Longsor menutup akses jalan  dan menimpa 4 rumah warga an An. Hadi Suwarno umur 73 th pejerjaan Tani agama islam, M. Iskak umur 55 th pekerjaan swasta Rt 2 rw 4 Kel. wangon kec. Banjarnegara, Agus Aryanto umur 47 th pekerjaan pedagang ibu Syam, umur65 th pekerjaan Irt, Iksan Nudin umur 60 th pekerjaan tani.",nihil,nihil,"- pembersihan oleh warga dan BPBD
- cek lokasi BPBD","- Warga 
- BPBD Banjarnegara
- pemerintah kelurahan wangon
- Koramil Kota Banjarnegara",,- Mujito Kodim,- Widia Dwi Kurniawan,,"https://mymaps.usercontent.google.com/hostedimage/m/*/3AE5a_GzIFWzR_VZXMjIf5chn2tDqU2jzHGFIXcUoaKCzVoDbT2IHcwxwmBD75e6aAkeAbWgMhT_R_lEJ_OkYCUwkgiqvNM1rNUZK_SxwwIjPpts6Cn9LPP8xHn8pMljC10zW4WG0hTWLhtcbitYY7bxiFQ13Pb1xMNjBXP6ClgbwjRWS_rMmUaol933jnNTq_aVQumYFZdRRCuOcWg?fife=s16383, https://mymaps.usercontent.google.com/hostedimage/m/*/3AE5a_GykfZ650ZQOVOEQfGWjle01e-Oj2Zx2zUT5yQAlPmPHt-wFDtATDs8Ms0P36t-ZSIfYr1ZRqNckAo7Ua8psZRl9lPM_J8Ln-qEZGuRW_VdAUxyzZIxuZKCZ53qp-38jgE4xNzg8S5uPJvPtJ3-xm8lZi-cTNhHym1409xws5700tcIzxs76FZcFK_GTvKcYBUdmKhJ1DWzQTw?fife=s16383, https://mymaps.usercontent.google.com/hostedimage/m/*/3AE5a_GwHlGbRaDkQtbP_VjvRxTQKsCHIHvfa6dDhpTzegCLFe0-_6Sg99cyNyXG_-ckw7egeY8OJn97LjNCSVigzAOEf_ynd4c7FonfBnSTsJsUCMgfr0iMb8T5diaPSWTw6e6PgxyerWpRA-vy4Ky-d6q4ccGqHVoMnkIreOzEivZozQbAotkmZx6UCwoUJ-bZWjJc6cD6Tr1g1Hg?fife=s16383, https://mymaps.usercontent.google.com/hostedimage/m/*/3AE5a_GwIR5TiJmVOj6flzINLjU4FmQKCwSa55AN_K59tZHi8AMPPvWNDtrxeJlywGNZqULQwTbiJdUJftRD3cl_KI2RHzI8-irsy7uzEWG_5g-jL_cOTm-M8kCDOG7SPY50wNYfre8BMCbaLf2l5r-oF3YlP5CCzATzwWBlmngqwyG4CwIJf05PbBGx5RBuE6B6xu2at7BKjO2nALw?fife=s16383, https://mymaps.usercontent.google.com/hostedimage/m/*/3AE5a_GyrcBqV34xn2Iat4tm1r6hogMN5PkRzXLwBqasiirXw8CLOmH5sQhvEt-Da9R6wGhl_8SjAp74N2UvVNmUj_3E1hv9rs8kFvYIIzaONEKC0CcZ8dGpAZyPyfgnSCpIqFAZWCl3StOsXBewTXSG1ugWI8KnUX2nrRKoAwXRFksdH04ZMr3sWteuJKxsRUuRAfg9LWwJHnm6G7g?fife=s16383"
JANUARI-FEBRUARI 2022,"Tanah Longsor, Desa Tunggara, kec.Sigaluh",,Tanah Longsor,"Desa Tunggara, kec.Sigaluh",Rt 05 Rw 02,"-7.423056, 109.831667",-7.423056,109.831667,"Rabu, 9 Februari 2022",,- Akibat hujan deras yang mengguyur wilayah Desa Tunggoro Kec. Sigaluh selama -+3 jam mengakibatkan tebing/tanah longsor dengan tinggi 6 m lebar 8 m Masjid Al Iman dan merusak Pagar keliling tempat wudu masjid,mendampak rusak rinnga Masjid Al Iman dan merusak Pagar keliling tempat wudu masjid,nihil,nihil,"- Cek lokasi 
- Kerja Bakti untuk pembersihanTanah longsor
- Memberikan Logistik untuk kerja bakti","1. BPBD Kab.Banjarnegara
2. PEMDES Tunggoro
3. Masyarakat",,Pemdes Tunggoro,"1. Jumali
2. Alam syah tri Putra","- Beras 10 kg
- Mie instant 2 dus
- Minyak 2 ltr
- Gula pasir 1 kg
- Sarden 2 klg
- Daging kaleng 2 klg
- Kecap 2 btl
- Saos 2 btl
- Air meneral gelas 2 dua
- Cimory 4 ktg","https://mymaps.usercontent.google.com/hostedimage/m/*/3AE5a_GwffKZmzpCnyceLicbRy1trCEXZn4ss_Hs5cBVD3Sxzrvt9hu_CE8LmfSCpz33kfh8GwP7Yc928TX_jQlCF77Yi9DjPZRbUmwLHtgqbOnjGu7nC3vce_JA3wwM204XvxqT-ztSPKMkQ-z5-J0DvrPSqT8BNxmFcmwlghXJ55wI5FaoV1neBTRWZnowvkaNa6QaumT4y5GR3xVQ?fife=s16383, https://mymaps.usercontent.google.com/hostedimage/m/*/3AE5a_GxtlkkOwT8S_vtDYMsXt8fzKuRvyKuTdXXedZ3EZ2LxI-lslvbSMd30h4SYAH14CM6MuzGpFJMPzVYO5AHrbIqBy5DFzFFREMAN1Tv4otWV1FNT8cWf59LKG9sGmcABjnv13X9z52hkJDj01zWFmxmKh3b-0rLrBJPNdQtrW3DnY0zREqzRjKprcJPpZqtiTjwrqWQ2OBSlrT4?fife=s16383, https://mymaps.usercontent.google.com/hostedimage/m/*/3AE5a_Gw60-BC5zljCEsBND83FrAv8dglPY0V38SRlpfIhgxQB9KyRWVEihPShwurMSrDDnc9FcFsZ5Q4zMCBsA_mkGvhhRd9L-5yIDrc9xkM5NMS1xrziCPacqYXGwazgR7ttMjPTVpB7rAuYJd5CEZal_aIGnywln71QwaSpD3cIouAdI1ja_YhNtK_w_nLQrcUsgYuErPyuyyNHg?fife=s16383"
JANUARI-FEBRUARI 2022,"Tanah Longsor, Desa Karangsari Kec Punggelan",,Tanah Longsor,Desa Karangsari Kec Punggelan,Dusun Klontong Rt 02 Rw 03,"-7.340278, 109.568056",-7.340278,109.568056,"Rabu, 9 Februari 2022",,-Pada pukul 15.30 WIB terjadi hujan dengan intensitas lebat di sertai angin kencang sehingga pada pukul 17.10.wib terjadi tebing setinggi 10 m dan lebar 12 m longsor dan menutupi akses jalan Desa di dusun Klontong Desa Karangsari.Kec Punggelan,material longsor menutupi akses jalan Desa di dusun Klontong Desa Karangsari.Kec Punggelan,nihil,nihil,"- Cek lokasi 
- Kerja Bakti untuk pembersihan tanah longsor
- Memberikan Logistik untuk kerja bakti","1. BPBD Kab.Banjarnegara
2. KORAMIL Punggelan
3. POLSEK Punggelan
4. Kecamatan Punggelan
5. PEMDES Tunggoro
6. Ketua Forum Destana
7. Masyarakat",,Pemdes karangsari,"1. Jumali
2. Alam syah tri Putra","- Beras 10 kg
- Mie instant 2 dus
- Minyak 2 ltr
- Gula pasir 1 kg
- Sarden 2 klg
- Daging kaleng 2 klg
- Kecap 2 btl
- Saos 2 btl
- Air meneral gelas 2 dua
- Cimory 4 ktg","https://mymaps.usercontent.google.com/hostedimage/m/*/3AE5a_GwbbfmnV7iZ2nqK6VAVCUqrrbnwCL6n6UdqEhaWbkso-3IbPJHezNdQ8gb-u6B6wc6W-koFtEvpz5SXFfO9DhF7r_11uHZzaTM08cwupIgDDfw3iWC3ac1vdZhfKyXx_4Q9ZkXRhnjVFOGFhbf4TTiOX2d3baA4t1c_sJm_4QAhAntCiUuNnUQ0c-292GoaHmUJ5s1gpYfY9PA?fife=s16383, https://mymaps.usercontent.google.com/hostedimage/m/*/3AE5a_GxiSbZK3yk65UKL9M0HTjOF44BDFzPfvkzYGuTRYQwr9nHpT5ce2RdBi0ujhPh26H8t_dWT2b-QRMAq4tzr1w8KaCbKj1At2ucmEYcWi10jrqTJLhIy0w0DGvQSA-XLW_e1foNrZBdxzLBHCPGHhECnUaXlD0__y6iq68pQT3eR3ezr7jYH3RXCw_G8VdlwKA8VHAFA3gS8woc?fife=s16383, https://mymaps.usercontent.google.com/hostedimage/m/*/3AE5a_GyTb_kdkU10HMNCyZUTSisk44uJkkJSo9TUd0wrNqCNPiJA24xKUuzDF1Mg1d5yPv4qc2g7D9NX9tu82kyhjOOFLMlUjFB5UhNmwZsm0yLxD9FuhRPWGx_FAoaZ9AUru0RQwBWuMTMG0r6KSfFcgC1-Av6W64UP8YC5lNyjuPABwn3FU1ss3wz_ZIxrvdUO0Yci5ny1WPtevgQ?fife=s16383"
JANUARI-FEBRUARI 2022,"Tanah Longsor, Desa Sidengok Kec.Pejawaran",,Tanah Longsor,Desa Sidengok Kec.Pejawaran,"Dusun Siwadas,Rt 04/04","-7.243306, 109.827641",-7.243306,109.827641,"Jumat, 11 Februari 2022",,Hujan intensitas lebat disertai angin Pada Hari Jumat di wilayah kec.pejawaran Menyebabkan Talud Dengan Panjang 8 Meter Lebar 3 meter Longsor,"1 rumah terdampak, bagian Dapur Rumah a.n Bpk Darno(70thun) 2 KK 5 Jiwa Ambruk",1 Orang Luka Luka Pada Bagian Kepala Serta Bahu Di Rawat Di Puskesmas Batur(kondisi saat ini membaik dan sudah dibawa pulang),nihil,"-Assasment 
-Kerja Bakti Warga 
-Droping logistik permakan dan Non Permakan Serta Bahan Bangunan.
 
Dan Logistik Dari PMI
-Paket Permakan 1 box
-Paket Family Kita 1 box","-BPBD Banjarnegara
-Pemdes Sidengok
-Warga Masyarakat",- kordinasi dengan pihak pemdes dan bansos,- kuat Destana Sidengok,"-Pujianto
-A.Arifin",-Droping logistik permakan dan Non Permakan Serta Bahan Bangunan. -Beras 15 kg -Mie instan 1 Dus -Gula Pasir 1 Kg -Minyak Goreng 2 Liter -Sarden 2 kaleng -Daging 2 kaleng -Saos 2 botol -Kecap 2 Botol -Yogurth 5 pcs -Paket Higiens Kit 1box -Paket Rekreasional 1 Box -Kompor 1Tungku 1 Buah -Wajan 1 Buah -Panci 1 buah -Sorok 1 buah -Spatula 1 Buah -Seng 5 Lembar -Kaso 6 Batang -Triplek 5 lembar Dan Logistik Dari PMI -Paket Permakan 1 box -Paket Family Kita 1 box,"https://mymaps.usercontent.google.com/hostedimage/m/*/3AE5a_Gz9cAHGQZkcqcnxJNAJ1GdfREVjOxftrAwjqZ2ly2PqaN4ZNJ8v1Y-vfWFQ1x_fKcY9-FNkht2nSUgDU8kmupqmpK9a1cP22miGIs_c7j6teyfleyFPpB2XVYauqPl0mfMIewxzVja2gzKyIlHXuHy0aY4ZNnALM-xCMcJi_AagUedzlofoQEIq1K4AMQ3ie9piTThtsRu2h_M?fife=s16383, https://mymaps.usercontent.google.com/hostedimage/m/*/3AE5a_Gxd1Lx_59feTgnvQpd8W8jn2arzVCJXfMtU0BAlgr_zclYHrEIg2J3nGYE7DxE2MJvmQ_1qbPQ9xOU3B0_kNLjKmop3Q2L2md0-9Ytvp6knE366ZVNkBnx6odFemzjJoY-hZ5ykAjieOqBUUC2VGrw3aA8tnWZeo4gKEWdDTqgwTw8PkQZe1P74alVQ5uoUx6_LTi4L0NXS2uA?fife=s16383, https://mymaps.usercontent.google.com/hostedimage/m/*/3AE5a_Gyxa7m0IQRZZDg_Q5OrzVVg4sERD4CYATzeTqwuTOpOkC4NxBPq2_16egnAabNN0oamTOSq9Wrzo3dMT5ivBq92jVsP-pvg2hknNi-GKcOKwu754-Q6z2ST30CEvUHeRc5Sek8Ps69xv0ssKkaAURDiNFLw_NZXgIpPjM4l3WeijRMdr2Ck1FKRpTOEZWEqO5uw3mymYV5VsM4?fife=s16383, https://mymaps.usercontent.google.com/hostedimage/m/*/3AE5a_Gyv1-ZjEvXF6wP5bn37Mtho7v7ntAQ4otRXlS9p-fPmqWBpfUkkRaQDjUF6KwzOlqbUFneT-glGRcE7_VNi3BWvmGubr2_yAQODB-iAc_THJVVV2ypPPjrXBjEhiOTU4iDREeXgaTw-3OyK80xo1GUj9WU700CMCKqrf8BKuGepYFlCSjAdntABIh6YHKHiehDLeazEVfjmh_I?fife=s16383"
JANUARI-FEBRUARI 2022,"Tanah Longsor, Desa Pekasiran Kec. Batur",,Tanah Longsor,Desa Pekasiran Kec. Batur,Dusun Santren RT.03 RW..03,"-7.206312, 109.852318",-7.206312,109.852318,"Senin, 14 Maret 2022",,talud longsor samping rumah,1 rumah rusak,nihil,nihil,- info awal,,,"Ahmad Farizal Ali
085319147297",,,"https://mymaps.usercontent.google.com/hostedimage/m/*/3AE5a_GyxfoGKdE3azlAe1LLWZYrE4Ai8ubx2E3i-mgbZzkI45TXM77LQWAwa5na4_R_QkBma-CgSM3kORmh_deZtH57ZhYGZYbtXR_z6STuLpQYFfx4hHdsACg2QN4s4cHmzZQ-CmyNz1fs9Q2NoROambrvZQn2KiQsrhD-2jCAJXeFuoftirH_frsO5rCIpeGXJTxBQthVhp7BJaUw?fife=s16383, https://mymaps.usercontent.google.com/hostedimage/m/*/3AE5a_GwZ4vfCMnX1Pz1wKFRC3elb0lYKc-7X8b1lCQtGME6oajK523O9YF_Uq8Xyp8FOkA0isDgDsFVn-AtL5YjeLkeStLswfDv88kONa7mjxVyBZrUq7RB2QL4m3V3fhHlPX2Df5WVvzfOEhId6JJsipy3kx8mZeEesIjVGfBknO5CgAi2oaff9_0opIgpyWijNI0-WKYeMutTFIA?fife=s16383, https://mymaps.usercontent.google.com/hostedimage/m/*/3AE5a_GxmBLK44BGEqJPQYTFKVa30x8FNSQxV4D0DnSAB3nwn50EI62RoDbvshQY9K7OZOX91tmnMas0WWXgMun7zTxTjt_k6Y5uKyCreL0oHxzEAY524drKzJZJ9qgNGB0ChyvFOQ9VxI0PvRKIxU6boiWf0LokSXNA1wV7TJf0-I1cjol87CbvCOfOf3D0kxxSLT1M-B4PuiN6OFp8?fife=s16383"
JANUARI-FEBRUARI 2022,"Tanah Longsor, Desa Kalipelus Kec Purwonegoro",,Tanah Longsor,Desa Kalipelus Kec Purwonegoro,Dusun Karangpucung,"-7.420922, 109.572554",-7.420922,109.572554,"Minggu, 13 Februari 2022",,"- Akibat hujan deras yang mengguyur wilayah Kec. Banjarnegara mengakibatkan tebing/Ruas jalan setinggi +- 30m lebar +- 15m longsor, dan mengakibatkan separuh jalan terbawa longsoran.",ruas jalan desa rusak,nihil,nihil,"- Cek lokasi 
- Penutupan longsor menggunakan terpal","BPBD Banjarnegara
Pemdes Kalipelus",,,"1. Pujianto
2. Aldi
3. Aprilian Wisnu",,"https://mymaps.usercontent.google.com/hostedimage/m/*/3AE5a_GyUpshNFD7y0A3vdYB7_gZ7-CnFexGgLCWl-XAuCTE36QJ7nFblW5ycmqXSIDRHTIW3Jrb27Ht0aQ_oy_XCFckcuLH1hMxJuyvyRdEhcFWz-T8bouSATi7nbVta39tuUQpjCynaLihfZxoXX4Af8Xfw0DRaeylNKWrXsDFBY_SqwaZiV2qRCps8qINouWaeWE0fuQ4RkB1y1Xw?fife=s16383, https://mymaps.usercontent.google.com/hostedimage/m/*/3AE5a_Gx5Gox9yEDDggGbqM6AeqOi4wrrkCcKh_abaIJtFhfZaF2TI4RkB-j5J9z_pRmNoog8kv-sM-RLDKfv-OWVovSefsgb2xCQjHC_S3bRsa3xqdtuZv13gLu1vhb3ZNDDs8opDD9uKbGKa_i4zIaoOfdVI4-87gYkvotgCrwcxRF_y0pqkRZQnA12P8KAbODuZIq9JBhTIbfAEEI?fife=s16383, https://mymaps.usercontent.google.com/hostedimage/m/*/3AE5a_GwwLnPey8jygxJY0GdnfQTgn6eJ30lNhOc-po__UqUqeLc6X5rJwcnEctiMiiiY1atdtjY0i7yS9qlSyCLCrdaTShx-dJln_nTdAgJAs9S1oPKgs24cRU1F4bbsN5wiZATUjMa-p9_rpVlaZYYUOnOfP2MDW1ExJmonf9_woCCWU582csXY91eLyqj8O3k1M7XAXWkY1QdAYC0?fife=s16383, https://mymaps.usercontent.google.com/hostedimage/m/*/3AE5a_GxpvKHhokRPADuhgsNOli2NyO5lj3Dzr_aE7NuE5K1DJYsBpCeV_JmkTuxXZwvXpd3twSMP0b9RMpHQCjx4WTHIuBugzWmjeSqF08ISv4rWnl6yUUz7Md-0Wlr7iApfpYcOZUT9GEiCkWCo9BMbIQtyvNPZ9-toS31vZjLxWtYs7hKhKeNxd31_LAkBoxQKufSXdTTEOHH8ww?fife=s16383"
JANUARI-FEBRUARI 2022,"Tanah Longsor, Desa Petir Kec. Purwanegara",,Tanah Longsor,Desa Petir Kec. Purwanegara,Rt 05 rw 05 Dusun Krinjing,"-7.504249, 109.579239",-7.504249,109.579239,"Senin, 14 Februari 2022",,Intensitas hujan yang tinggi mulai pkl 17.00 Wib hingga pukul 10.00 WIB mengakibatkan tebing tebing setinggi -+ 5 m panjang -+4 m. longsor menimpa tembok belakang rumah bpk Mad nasri rt 05 rw 05,1 rumah rusak ringan a.n bpk Mad nasr,nihil,nihil,"- cek lokasi 
- menghimbau kpd warga untuk waspada dan menjuh dari tempat rawan bencana","- pemdes petir
-babinsa
-destana petana petir","- Kerja bakti pembersihan material tanah longsor.
- personil dan alat pembersihan material
-angkong
-skop
-cangkul
-karung
POTENSI ANCAMAN
Terjadinya longsor susulan","* Pak Achmadi(kades)
* Pak Andri w ( Babinsa petir)
*wasman supanter .suratman .( petana destana desa petir)",,,"https://mymaps.usercontent.google.com/hostedimage/m/*/3AE5a_GxS-DXz-DxYxCrtdUASObjGSQQCm3pFO6wyGU8106vKUXvKbLAM-0Unk3Q7z0ZkQ3AE77zssTvmGTFkO54NB0X5FzsjL6i7B7R0sqL6r-kP3g4jAZSNEEd6OGqKsZDgEyRLeKfZjEIMMG9logg2rV7kYNUejpmKM12KqsTDUi1NzsztgtFFeNsYX4QOMjdHjjwatPAv491alg?fife=s16383, https://mymaps.usercontent.google.com/hostedimage/m/*/3AE5a_Gy6Uyfrug6TmKe5M_GWjU1CwHUKKz3s5usVfR67dvNteIiUep--ftadjaKe_5kbI5dSuUOSOuhFN3L4Bw8h70ixt8PoYK-ji5Yppsgagbs2vpFhK-DERkJ0tOA47w0IUbigzhq97RhNRf6CuuMVo8UI6mAHIDwG_qec3M8ACom8JRQswfAB-N-JfjpIPDzMTR2dzZQxLP81FQ?fife=s16383, https://mymaps.usercontent.google.com/hostedimage/m/*/3AE5a_GynIJ-hwlFg2BnvgotcVFJgOQpf7Myh8m-TsnbmAnwnky87sczkkwy_xSsiSZy7kH7w4EAHbxHlCkYd_kKJ0WJvKx1L-vf7WkdoIBi2gqFkCFyX0vRZgV8CtP3Bx_t9tu3rBNCJXst7smwkeesOBJFHSpT9B8vEJFhE2ia1Maetk75eYQf6Ayw2XLICqBOxmwlpHZ6d80skHQ?fife=s16383, https://mymaps.usercontent.google.com/hostedimage/m/*/3AE5a_GxNk--WtDwt_SbJNyEVUybNqP0EWaqS05HeokRI0Hz8SJqTAKY0jOlQ63_xRWqTwAwUng71oeHS1URIKXEeqKIJ4_84b2UAuydbMHs8wpX-5-ZQOopwhQer890af43VJWsazuWS8JE4wu7wYT0fXgSXJD8USV5gv62szy4LJ8mQp0Do033Q45oKXPLIN-a6k3NOFkEGQ8TaBJo?fife=s16383, https://mymaps.usercontent.google.com/hostedimage/m/*/3AE5a_GxqJYNAOFn1KvceF_6BwCyS596jgXysL5jbhqCdTFrt80aDCZ3c_vQ75sEjAGlpvTmJjoU3zebYCfDMpEURpf9Dl_nqqtItmOui03L_UNxfElpKmgZljC9qFP7Q-txoP09aVbABDucJr8CjV3vIVFbkhUv_GgFzxJ6lTTl58rz0Pk-Sxm7BrKuyN9SUA-wpkss3UMdOXe7Deg?fife=s16383"
JANUARI-FEBRUARI 2022,"Tanah Longsor, Desa Gumelem Kulon Kec. Susukan",,Tanah Longsor,Desa Gumelem Kulon Kec. Susukan,"Rt.02 Rw.09 Dusun gunungduwur, Dukuh Kunir","-7.522056, 109.421451",-7.522056,109.421451,"Senin, 14 Februari 2022",,"Hujan intensitas tinggi, mengakibatkan tebing atas rumah ibu sumarni RT.02 RW.09 grumbul kunir Desa Gumelem Kulon, menerjang tembok rumah.","- Kerusakan : Tembok Belakang rumah jebol menimpa tempat tidur dan perabotan rumah tangga.
- Kategori Kerusakan : Rusak Ringan ( 20%) (Untuk membantu perbaikan rumah perlu diusulkan Bansos)""
""- Kerugian matriil
Ditaksir 5 jt rupiah",nihil,nihil,"- Pemdes melaporkan kejadian bencana ke OPD terkait.
- Cek Lokasi Kejadian bencana oleh BPBD Kab. Banjarnegara.
- Pembersihan matrial longsoran oleh warga sekitar lokasi.
- Koordinasi dengan Pemdes terkait laporan kejadian secara tertulis. - DROPING LOGISTIK","BPBD Banjarnegara
 Pemdes Gumelem kulon","I. KEBUTUHAN MENDESAK
1. Terpal
2. Logistik Permakanan
3. Bahan Bangunan
4. Perlengkapan Tidur/Family Kit.","1. BPBD Kab. Banjarnegara
2. Polsek Susukan
3. Pemdes Gumelem Kulon
4. Warga Masyarakat.","1. Sutrisno 
2. Agung Septiyanto","JENIS KEGIATAN
Droping Logistik Korban Bencana

WAKTU PELAKSANAAN
Hari : Selasa
Tgl : 15 Februari 2022

LOKASI KEGIATAN
Desa Gumelem Kulon Kec. Susukan

JENIS LOGISTIK
▪Logistik Permakanan 1 Paket antara lain :
- Beras 10 kg
- Mie instan 1 Dus
- Gula Pasir 1 Kg
- Minyak Goreng 2 Liter
- Sarden 2 kaleng
- Daging 2 kaleng
- Saos 2 botol
- Kecap 2 Botol
- Yogurth 5 pcs
- Kopi 10 shaset
- Roti 1 pak 
 ▪Logistik Non Permakanan antara lain :
- Seng 5 Lembar
- Kaso 6 Batang
- Paket Family Kit 1 box
- Terpal 1 buah
 ▪Logistik diberikan untuk 1 Penerima (KK) korban bencana Tanah Longsor yaitu :
1. Ibu Sumarni Rt 02 Rw 09","https://mymaps.usercontent.google.com/hostedimage/m/*/3AE5a_GyPfHFqz5GxJSSsDBemDvjg9WOXnRynh2Qr4c4H1s_jg0v67pbZNgXssMb8zLbjuUDE_2djirFkDN0VYMoNQYXgdSNpF_1plveFRrkEneaTMknaBhSUYpOPkWcCsLyJLCbkatfK6zsyZtgi9yvRSN4wQQLcoFSvSiqQhCi9LoMjAZmf47qXgIcHgBM-1jemJ0SE-c0VcCD77pk?fife=s16383, https://mymaps.usercontent.google.com/hostedimage/m/*/3AE5a_GzSveVz0g61aI5bZXfpUIVy5itu1TE8h6GWXRRrkP56DfT4GMKQKwDT-29ndn2T0zE54EniqRaqflrN8iCqRrUyn748I4YLnOITveKOmDmsAjwmofwfsp04Xh6CnUe7vUfBfF75MbHrA5NajTdww9uooomjfWmkKpkRregOHzmylu5-WaksSklhrx-282is7dEeD6LfQHQl4Ho?fife=s16383, https://mymaps.usercontent.google.com/hostedimage/m/*/3AE5a_Gyoj-J6ecaOlHzhTPCCiGqp4HrtAHqL2SwpcACUHLRL43GHW4UjT_My_JRqAY0p4MNZ_evHsAbUZQuoUIx7luQFKVBzrdCRvX21T_DnDBjb7RRJ52-llQQ0mvutUWE-ieNl9JKKyeOE9goOvSKd4xUnH91fZoGgM-D3C5wR3e41yeAvLkNvhWQb2lvOldJAvwG3rzTS_P5ZKQ?fife=s16383, https://mymaps.usercontent.google.com/hostedimage/m/*/3AE5a_Gxy-8ApOUsDcXSoBHbzDezljycouxUqQJe0y0XfeegWrmXvOeU7xooW5gY-JK1OyyhdX9oOzNFozcuYVqJkPcKQLK8BQ6uVWegTpsQ40d8nY58XyOkGQfV_LTV85olIBU-zYlnOqUqfDEs5O3Kwb0K36XAyEDEAT-cT_7KWjlUnHXh0sZBdm1ZK6SibSVSIuFEaTY7RnIDzRw?fife=s16383, https://mymaps.usercontent.google.com/hostedimage/m/*/3AE5a_Gz2XzT-8fzibyDWDePoT6NN-Vo6J0tUCOWQioRGmeeN43mvpVu50FhfA64gCIhTocS37MnPTmxdynTxPGMfvE_cpYC23jhQtp40c4SdiBKSKwtTnbsZFx5F2nIyOicl6bCRxE6yPy-Ud7bo61ViBUV1XpS6stRu93xRaw_ojR7Mt093cMXDzAZk1MHvsuV55D0LwThUG_UlyHg?fife=s16383, https://mymaps.usercontent.google.com/hostedimage/m/*/3AE5a_Gw57LPbTXLhCm93IdVIgTmjMz9N_VO1uP5Z9-OAd6glg55tZ-RMmePrdXYDg4JxfxX6fQ5Ujipi2yKoKZ1AJvOqbUMX6NBG10JBLJG00kV8BbbakCbZ35aT2F6upx0koFPRmVa3nG69xDmCOQIB41mUS8X33zAJQCDf9BE8pO3YRVsfr-O9Hws9PhTwnRR8Sv4_92EAk3JnHQ?fife=s16383"
JANUARI-FEBRUARI 2022,"Tanah Longsor, Desa Bakal Kec Batur",,Tanah Longsor,Desa Bakal Kec Batur,Dusun Buntu Rt 05 Rw 03,"-7.21998, 109.888245",-7.21998,109.888245,"Senin, 14 Februari 2022",,"Hujan deras  dari jam 10.30-14.30.mengakibatkan tebing  rumah sekaligus pondasi Bp.Qodir sepanjang -+12 m, tinggi -+4 m yg tinggal di  rt 5. Rw.3..dusun buntu  desa bakal longsor, sehingga teras lantai rumah bagian samping sepanjang -+7 meter menggantung dan mengakibatkan lubang di dalam rumah bapak qodir dan sebagian isi rumah bapak qodir ikut jatuh kebawah bersama dengan matrial longsor tsb. dan kondisi tersebut mengakibatkan tertutupnya jalan desa menuju obyek wisata yg sdg dibangun dan sebagian tanah / sisa pondasi yang longsor mengenai teras rumah warga yang berada dibawahnya.",2 rumah rusak ringan,nihil,nihil,"1. sudah melaporkan ke perangkat desa dan pihak terkait lainya
2.Mengungsi ketempat bapaknya yang bernama bp Khuswoyo (kalau berkenan)","-Perangkat desa Bakal
-PMI KEC.BATUR
-BAGANA
-Masyarakat sekitar",,"1.Pak Qodir ( Pemilik Rumah) 
2.Pak Slamet (Kadus):082322061974","1.Romadon
2.Sewoyo",,"https://mymaps.usercontent.google.com/hostedimage/m/*/3AE5a_GztA_oJGKyPOx6zQ_xEyIf6yyvGWLmoJ-2HTyulvdTL3fDe6WjkO9dyLOcS3TE6mxfjRu5VSWabzOVuTJnjBpiZHfZVi5HAkaOAfaMP7GAFmXJt8PsslZruBvSLzQ6Fgr1-_OKetQbmDC6Iar40hYOnlcdJudfxNFsD97-ThCgjovm6XpGuTTltP0IvlcFPOUvtGC34avFEx7c?fife=s16383, https://mymaps.usercontent.google.com/hostedimage/m/*/3AE5a_Gz6urilHOBGeDTVrpHBjeNxHVLtZbefV0TDGFDJUmMuzqcXxcEZv7hXJhuQHKBq-b1-UcTBWlkT-P4Ppr4DjpkxeKgDNFlX2GA_FB7vfwtNzZKcaXaTBLOVZUqTOA22b8NQCWN3Rfa-53cV8Nbt8tflW-lhjdYG_Zc9uGAgYoqqPJ1W99ahipY2vDVdEBUwwLACMSvE-zV_CQ?fife=s16383, https://mymaps.usercontent.google.com/hostedimage/m/*/3AE5a_GzdM-gHDkojYwXjn78dW-ClAUV4Sz4VyO0V6Tbzm8qmmbEIYf2_roRi4Fw20QV7pV-p6EMl1pDeMNAAGuaIiIw0XIzVG6afuHaKTCv_5uZV1lNnpqthB9ySahY_TU91aZPUK8a0LxJqzfoTPuU9TAKjqI4ZLd8gSmlXjxOWYrztxQ6g2hP0OlMtlZ5OkVarG1lXuMDZSjotI2s?fife=s16383, https://mymaps.usercontent.google.com/hostedimage/m/*/3AE5a_Gyn_JhWBNSNxvfrOqCstfTSoMSuamBfMM9Fm7d6TaLtZS2ve8Qriegnvs9LZGvXfZIV3dlIEzX59sFvj8Fxl28Tl0SqBg_SXTWuqaksBRSGpKgiG_7DZPWrqJW2KYXUUdJoLHJ-outqVUCcxVizWBN_uGAj6V868Xj04SZttUV1of2ZMA5Mg0recaMKEr1f8xQh-BXy9CqqgHg?fife=s16383, https://mymaps.usercontent.google.com/hostedimage/m/*/3AE5a_GxAQ-ojQDy3FJ4CGjt9pgWu2oKyK9bN6OhBfS6LWUtH5X3TFPytN1KtcaVc1E46mYtJjUb573WjP7EecN_VaeTOHcRlKa9rkKf8NoC5VD6AoegPVn9DB6W_NcztHwmzDq2ueEyxL_9aTPAkFdPE2DvXvgWyMA4ybH4hFu6w4eChvtbhUoI1MRRFLkl7SCaRsQjwRfdz3YZJz-8?fife=s16383"
JANUARI-FEBRUARI 2022,"Tanah Longsor, Desa Sijeruk Kec. Banjarmangu",,Tanah Longsor,Desa Sijeruk Kec. Banjarmangu,Dusun Sijeruk 2/1,"-7.318557,109.712482",,,"Kamis, 17 Februari 2022",,"-Hujan intensitas sedang hingga lebat terjadi di wilayah tersebut. 
-Pada pukul 13:00 wib Tebing setinggi -+ 1,5 meter Panjang 5 meter Longsor dan menutup Drainase Rumah di Bawahnya",tertutupnya saluran air rumah di bawahnya dan mengancam dapur rumah Bu Sutaryo 57 Tahun (1 jiwa),nihil,nihil,"- pembersihan matrial longsor secara manual oleh warga
- Pelaporan kepada instansi terkait. 
-Asesmen","- Destana Sijeruk
- Pemdes Sijeruk",,Fatimah Destana Sijeruk,,,"https://mymaps.usercontent.google.com/hostedimage/m/*/3AE5a_Gwir1SMczC9BWrnARPFSMqZolueXs5byP87Q3lOF6Bo1ZvYByR1lpqw3cVViEURFxZPkGX-wq4uRsks5hRXBZg3G9F7gTCius5NdsN3VlXr1x9vqkqIAWEjJdHJuncpAfdsv_XnGjQaEQfxIKKmCysl1qFtxD8JwUFS1JZDoQHUla89qQ8rp2C8h3Sd5UbhIkrLp4YrZmCxrQ?fife=s16383, https://mymaps.usercontent.google.com/hostedimage/m/*/3AE5a_Gyj6X2-0QDFY1E0A_R4wQi8ka1iREH4TIbLCfSBhRdi-dt5wk6daI6ZfHIemUiCoc_-_v4uLfGtGlAlv60mOiyVRQak1eOHvZnBgsT6ztZfLjypBJUYwC-8ctgVbdykA6IvyukK-oJDi-Q6oBQYFzj49hVecKDUDHDwGY0GXNOzj8gyLx4gLRS3Q3pOaFpxEth8zcrIWQnB7Q?fife=s16383, https://mymaps.usercontent.google.com/hostedimage/m/*/3AE5a_GypOMtTClTYhRKWU7Op1zSeeKoElIOXne4wVuRWQkLgffuG-0e3fJgEoNReJVKHU4ZU2qvVHJ6qgJdDFnbenKv319Il6Jr2aetY-NHERmR8K2QX-S--KIoZSAtetIrBWJnfVZwwpbLF6H-0JF5Xd2pn6L7_yXhxOS91tDnvjOD2Y9iwUlE0rDnOe8DIatAjBMG8Y288dJQFqQ?fife=s16383"
JANUARI-FEBRUARI 2022,"Tanah Longsor, Desa Duren Kec. Pagedongan",,Tanah Longsor,Desa Duren Kec. Pagedongan,01/05,"-7.481175,109.653622",,,"Kamis, 17 Februari 2022",,Hujan intensitas lebat yang mengakibatkan pergerakan tanah yang berdampak pada 1 rumah mengalami kerusakan atas nama pemilik Ny Suyadi,1 rumah rusak ringan atas nama pemilik Ny Suyadi,nihil,nihil,,- Pemdes Duren,,Kades Duren,,,
JANUARI-FEBRUARI 2022,"Tanah Longsor, Desa Sipedang Kecamatan Banjarmangu",,Tanah Longsor,Desa Sipedang Kecamatan Banjarmangu,"Ruas jalan Kabupaten ; Jembatan Kali Kacangan Penghubung Desa Sipedang Kecamatan Banjarmangu menuju Desa Telaga, Mlaya Kecamatan Punggelan Kab Banjarnegara","-7.31115, 109.64933",-7.31115,109.64933,"Senin, 21 Februari 2022",,Kerusakan terjadi sejak tiga bulan terakhir di musim penghujan faktor kontruksi serta tanah yang labil,"Talud dengan ketinggian 4,5 meter dan panjang 5 meter merusak 1/3 bahu jalan",nihil,nihil,- Kerusakan dan Perbaikan menjadi tanggung jawab Dinas PUPR dan segera akan di tindak lanjuti,"- PLH Bupati Banjarnegara
- BPBD Kab.Banjarnegara
- PUPR Banjarnegara
- Camat Banjarmangu
- Koramil Banjarmangu
- Polsek Banjarmangu
- Polsek Banjarmangu",Jalan masih dapat di lalui kendaraan roda dua maupun roda empat namun harus berhati-hati,"Aziz Khadir ( Destana sipedang)
082217318429","- Andri Sulistyo ,Sor.
- Suprihno
- Langgeng Widodo",,"https://mymaps.usercontent.google.com/hostedimage/m/*/3AE5a_GzL80CXYqhb54pbcZ8JaVGoiGiLiSTUUB5vC0837Rc_qqFPFmvqrqJt8B_x1kkFTBIZZr9iHIuzuQwKBB56V9Hi21RkCH7bGOwFkVZGMtZ79xNHVOrPcpuTwB645kK_OrWE-_2Bys1y-DkSwcpyKx-u-LUcZy36eACBOI96mRVkIslLD_PGzNiC4Xle2O-3plWoJ9Xr6g95oQ?fife=s16383, https://mymaps.usercontent.google.com/hostedimage/m/*/3AE5a_GxI2lBKzG9JZLCNa5DZPkIyTXEd4cPs_RfSzeVicJ5TyFIfUb8Qwl8GnkoxHzW7GdrMbysEY6srMpYHjP7jUs2R829CmF-7VgJJvvLIgD6mQWUMfJN6MomtrXd20iXnJSud8eAXEQEo-L2JjK2NGSBDb6FEl1DFB8VlPprkdM25j_ZRGqCwKxc9ZMtdfkIiSXQbRAgxifgjOQ?fife=s16383, https://mymaps.usercontent.google.com/hostedimage/m/*/3AE5a_GxH9noV46kPVGbIOr7lOO7M4r4bprIyItquYFbjXQMbVia3435EVYqwe6SBlCkRUX9CM4XfVLo4sFaMOu4IZWZhRaGiXPWseQF2wcp1WSABHJ7vmWFMMnJrynj_4dH4i3kdY1vtYMjod-rywOtKZegGyraLhgw6BFlg2R-qdl6AomY_5XBw96l0cMVMOzBn7g6PfAO-DObV_w?fife=s16383, https://mymaps.usercontent.google.com/hostedimage/m/*/3AE5a_GzYBuEKEc6cvQ2VrQl6haxCaA3graFP3UIt7Mq8tq5rT3cLE2vVdWVXhs64sz57gvvX6l7Y3VV-ZesVUpcbgB70qetAEmHwVpEHY1eW0UfQrtg3RRwg-oCGLT_cVT_FibYJkDtMhe_YcDvU2G5RXG1TTu8kHdmAdLBxMyFf8yd9IeEqm3T-ZIb2kTAjoLhFFlX1B_HRsewXug?fife=s16383, https://mymaps.usercontent.google.com/hostedimage/m/*/3AE5a_Gz7Wm1Lr_0FghdYGkqwSqS3zpIpouKfUQpJPA92mV6gh6KM65Mm72LE9X5P9VPKMFcs10efT7Qq7n8pHbkYTYWdxW36VdwNqspR6ap_tLcmXSON2z1fPSOy4u_0ee3zgUWeAWrafFfDYfWo5-xVgnE7iVFCxRaDXCHALqLsyh7dZ4CE-iDVSJ6quAiwdeK3i4NMfVMsc4-akw?fife=s16383"
MARET-APRIL 2022,"Tanah Longsor, Desa Karanganyar Kec. Madukara",,Tanah Longsor,Desa Karanganyar Kec. Madukara,Dusun Karanganyar Kulon RT 3 RW 3,"-7.361076, 109.729461",-7.361076,109.729461,"Senin, 07 Maret 2022",3:00:00,"Hujan pada Hari minggu 6/03/2022 sampai senin 7/03/2022.
Terjadi tanah longsor pada hari senin tgl 07/03/2022 pukul 03.00 Wib","2 rumah rusak ringan 
Bangunan rumah ( bagian dapur )milik bpk Tuslam Marjani 65th terbawa longsor. Material longsor mengenai tembok dinding rumah bpk yugo ( kondisi tembok aman ) dan menutup jalan penghubung ke makam desa Karanganyar",nihil,nihil,"""cek lokasi dan menghimbau kpd warga untuk waspada dan menjuh dari tempat rawan bencana.
Selalu berkoordinasi dengan dinas terkait. ""
droping logistik","- BPBD
- Pemdes Karanganyar","- Kerja bakti pembersihan material tanah longsor 
- Terpal untuk menutup longsoran 
- permakanan 
- Perlengkapan Dapur ( untuk 1 rumah bpk Tuslam )",,"- Budi Cahyono 
- Romadon","1. 1 Paket permakanan
2. 5 lembar seng
3. 6 Batang kayu kaso","https://mymaps.usercontent.google.com/hostedimage/m/*/3AE5a_GyhBhG4yEWxUhCkH2sfrysX7OCCpJhGTs0Bh_tkg7gjfQixHUhJH9hB-hrXVLq7iD17PB1DdZNUPaB35XjPyRZaSG-a2FEunop3PQTWFRAVOPr_HVok1N7-q1rGbkD67D8cRvaTB1VfzfpFo4FMYorXJ7351j7HzE140aPEvRx97FkFYT3S_udzPMd-qJLQi6GmWLA5zvre5AQ?fife=s16383, https://mymaps.usercontent.google.com/hostedimage/m/*/3AE5a_GxSshS0G68-W0-yhHrZonhUQCwjnAfBoCfQO_aE7wACcvZD7df4Wht45oQfOk6W841AP3XNFb3yot58S4kuXxuqIwLmjpRW_DWWdRUIWNHbLIEpsB1DbleM4tN5NLnO8uOpAQ49ksmf1aYqwNerccRAPRhPfSTD4Zc1zKMsu_D4LG8LTlxd6rmVzljiV_wf7HiT2HeIyrwJHM0?fife=s16383, https://mymaps.usercontent.google.com/hostedimage/m/*/3AE5a_GxAvirMePTlcnTKJznaFmAFmnbowqiUM9d71z116xz9Rjj-o0p1AK5ghpEwbjeuJxuIZ8M4zzd3fBb0ixd8CMRGyIryyHWabqXSeUANTd7DaVcqs4zu4ZE181SmTk_grJp7AAlx69kd8YYVSM_qSFi0OXBwGtn9K6j-zPVqu5RyoP4v6nUeVPfeAPgCKfkO1IqTziP9eEIbl5g?fife=s16383, https://mymaps.usercontent.google.com/hostedimage/m/*/3AE5a_GzX-7efagN2tRGWTGTNO_fH_D8gD7uv5wxiyhjgi9BHHF4Z0K6KRI2PdTxb6fBiSS0a7_byPEj_FuIzzKufdmVH-Jrz6RXJUfKo3K7E_9vGV5-KrqhMf7mdV5mwnbP1hux-JM3cjaXVlpkuJQbgy3xeXuqel4kNTk6xIWaRbreQYMFY4KVPSSUhUO9hMLmTl5gwqjr6NOlm_w?fife=s16383"
MARET-APRIL 2022,"Tanah Longsor, Desa Rakitan Kec. Madukara",,Tanah Longsor,Desa Rakitan Kec. Madukara,Rt 02 RW 02,"-7.359056, 109.702694",-7.359056,109.702694,"Senin, 07 Maret 2022",2:00:00,"Hujan pada Hari minggu 6/03/2022 sampai senin 7/03/2022.
Terjadi tanah longsor pada hari senin tgl 07/03/2022 pukul 03.00 Wib","1 rumah milik bpk Basrun 48 th 4 jiwa terancam longsor.
Material longsor mengenai perkebunan dibelakang rumah",nihil,nihil,"""cek lokasi dan menghimbau kpd warga untuk waspada dan menjuh dari tempat rawan bencana.
Selalu berkoordinasi dengan dinas terkait. ""
droping logistik","- BPBD
- Pemdes Rakitan",- Kerja bakti pembersihan material tanah longsor,,"- Budi Cahyono 
- Romadon","1. 1 Paket permakanan
2. 5 lembar seng
3. 6 Batang kayu kaso","https://mymaps.usercontent.google.com/hostedimage/m/*/3AE5a_GzLgnMNq96E2AuOIK5SJPYeBtFNN8dkvJYtqI42HRkcOlR9PqpXcBa71-5SnSLQf2CLZZ-hVuyBrv-D245MPNitRC12UfdhkCFdpI5pZdG9vq9stibBsPsErnOQPApNioS2n8i-bcRjWLniRvaC_jpuqE7DsVBvaufPny7FfS-UX5bDq_6gbFEGE3qVvsSHMwY3S5akRlFhGf4?fife=s16383, https://mymaps.usercontent.google.com/hostedimage/m/*/3AE5a_GxrtVkNg3T7p8wBa48GYua-odxGUJ7MDMUTqGJFIc5YxIPOY0xNt-by1qSqfcYOq93g2fi-BRaqSwbj6ynYJW7ThFBXnN4-NhgTBp6gXnIqAH0aMSMAAquwx8zcW4jOFi3NEx7xv0O7KXXp19zmXhfKLmxFAtW6vzlQlHocIcgyTpN-T2exNTurnPrujRNE4EHq4-YvgkC0US8?fife=s16383, https://mymaps.usercontent.google.com/hostedimage/m/*/3AE5a_GwZA04B2HOVyC_Y5gWsadV6fLymbRjoEaxn7PubTi-r2cAfmIzjwTITdUou-QwxCwl1yoZuqf49BP4iA0yh51Jrt98_ZAKb4PkfzfMwS1Ss8D4MqgJYl3uyeS4d2w5sckVKVETYfgUHps80Hf2p4BAQeCud_SLpY6eMt3l3Daisai_H4t6ULGfI2E57Rxx94uwTvAXk2jlvkg?fife=s16383"
MARET-APRIL 2022,"Tanah Longsor, Desa Gumelem Wetan Kec. Susukan",,Tanah Longsor,Desa Gumelem Wetan Kec. Susukan,RT/RW 01/10,"-7.516677, 109.419911",-7.516677,109.419911,"Minggu, 06 Maret 2022",23:00:00,"- Hujan deras dengan intensitas sedang hingga lebat yang mengguyur wilayah Kabupaten Banjarnegara tepatnya Kec. Susukan mengakibatkan.

Tebing longsor setinggi +- 7 meter lebar +- 4 meter yang mengancam rumah Bpk. Ahmad Jaeni.",1 rumah terancam a.n Ahmad Jaeni,nihil,nihil,"- Cek lokasi 
- Distribusi Logistik","- BPBD
- Pemdes Gumelem Wetan",- Terpal untuk Bpk. Ahmad Jaeni,Eka Pemdes Gumelem Wetan (087715223448),"1. Suryono
2. Aldi","JENIS KEGIATAN
- Distribusi Logistik terdampak tanah longsor. 

WAKTU KEGIATAN
Hari : Selasa
Tgl : 08 Maret 2022
Pukul : 11:00- Selesai

LOGISTIK YANG DIDISTRIBUSIKAN
- Beras 10kg
- Mie instant 2 dus
- Minyak 2 ltr
- Gula pasir 1 kg
- Sarden 2 klg
- Daging kaleng 3 klg
- Terpal 2","https://mymaps.usercontent.google.com/hostedimage/m/*/3AE5a_Gz7JGTqBGD_FoDGYwD2ke7MBSAJoOsgDQOA_qtxCiEdulJ2KM7cpkSaBHh0MM1w4zvc0rStQjYJ2DeCOUvhrrkYttlSPW1e_snH115FV0pO5RbU2y-P7OcUy2ge7ugDonR52KWf2Z4nKzzffEV1CcDj0tKih3Gl3mFS8un4peMihQLLknztYZMjxkUfd4HkHa1gZ0ybPdqylvU?fife=s16383, https://mymaps.usercontent.google.com/hostedimage/m/*/3AE5a_Gxe8osQtbI6R75rzDqavK0OBL5a09tqLyobtjnb7HHtf3QJArpizHwqV8otjVXlVO8sPsnCwH2R0YmgSOL4dENaGjj87LIc5eY6bWeXA3EbLWhztGBAfJ6TEALcpyDTbPasVi3QSfZ_46-_3HnSXzgFz8Qb8I4kGA_-4kTt7yrE0WFxp2MyTNLffPTXwVWhaWA3CCd1nz4OQsc?fife=s16383, https://mymaps.usercontent.google.com/hostedimage/m/*/3AE5a_GyCvG6YbiWJrAM84-f9Y-oaFnE9HZnyw6ZnjAbGpiPpv0Q9HfvmhSL6omU3l0FY-QMiQmfwxw73Xhpr0Kt6WIdJNsp0z2KfHJGZRK38vtbXi8Kk4bbNuQaF9oLcV6lMkEas7Aii62l_63vIBfYxjvWz8JttYOEmvyor20Namt7-nPZoZ_Kfo7p7kCyIlvaq8nZCuQZezYb5ZXY?fife=s16383, https://mymaps.usercontent.google.com/hostedimage/m/*/3AE5a_GyUra9FXuZVtDhZkA1aLhsyEl1gnJl7OSyMcvMh6ytG3pp8EPp1BMm0gsG1Bs4lR1bze6v8_rd8-kxDGWgI3ZUR2vOBdqjyFc94eiZ9B9YrDwhsUhElQFY3ar-n9NPhO8lNeIv-I_XUikABgxSmQ395Kuftfo-tonSUkZp2C1VQObcReOxyk6kj4sKcGbu9qC78YKxfcQw5ZvQ?fife=s16383"
MARET-APRIL 2022,"Tanah Longsor, Desa Gumelem Wetan Kec. Susukan",,Tanah Longsor,Desa Gumelem Wetan Kec. Susukan,RT/RW 03/09,"-7.508763, 109.417198",-7.508763,109.417198,"Minggu, 06 Maret 2022",11:00:00,"- Hujan deras dengan intensitas sedang hingga lebat yang mengguyur wilayah Kabupaten Banjarnegara tepatnya Kec. Susukan mengakibatkan.

Tanah amblas sepanjang +- 7 meter kedalaman +- 10 cm yang mengakibatkan rumah Bpk. Paryono rusak bagian dapur belakang.",1 rumah rusak ringan a.n Pak Paryono. rusak pada bagian dapur,nihil,nihil,"- Cek lokasi 
- Distribusi Logistik","- BPBD
- Pemdes Gumelem Wetan",,Eka Pemdes Gumelem Wetan (087715223448),"1. Suryono
2. Aldi","JENIS KEGIATAN
- Distribusi Logistik terdampak tanah longsor. 

WAKTU KEGIATAN
Hari : Selasa
Tgl : 08 Maret 2022
Pukul : 11:00- Selesai

LOGISTIK YANG DIDISTRIBUSIKAN
- Beras 10kg
- Mie instant 2 dus
- Minyak 2 ltr
- Gula pasir 1 kg
- Sarden 2 klg
- Daging kaleng 3 klg
- Terpal 2","https://mymaps.usercontent.google.com/hostedimage/m/*/3AE5a_Gzs4oTF2cuPuR06wYir-SRsfHdOK9VxN4e-FjHni4reUqHOOqxkeKJTQ4PClfaQPU-8cCg0zYmUlPaa0JpZLVaPvpm7YA8vbwzGyvxFHZsfKPou06IOaMu2LpmJZbmv4XxqZkEnxToWJYtqaUttrA08F4jy7pUGX_jI8erAuVl9ePv5d3pQAtV82JRceEXhdQmAwsOkTwwOyO0?fife=s16383, https://mymaps.usercontent.google.com/hostedimage/m/*/3AE5a_Gy5STkve_fjtjbvgTLw9lq8fSzX2eA8PPQcmjNf9NBk6baL7qPpcDdc7u_LmikbG2Dv2BTaMbYHdcguDdwbbmm6lSoE_Ba322AnAFbU4-4Z6LyEe24mJ2cqcf2JSFRBsUv0qidHZ1cbaRtToP65qUt4yoSZbAcUYlNjHjXE7YmKSzQe0e3rQO31A94sHx3j1sj5vpQ3WprTrcY?fife=s16383, https://mymaps.usercontent.google.com/hostedimage/m/*/3AE5a_GzxIfQgItSf41lHwe7_KRYAqOj_dvNiNPFLvUdtwTrz23MHakPpmZ2v03BWItL06BeiFN1xaGteXsM5pD4Boyqp68h29joqwf3JMz9bYCf2hc3QLudVN4pJPyVYVq4yokBtwhMDDHyCnfYGfj7RML6uPzbeMBuL2aQAYmkDeGP0qzw9_OKT03aZNYzooejT68ajox5nfWJdjKs?fife=s16383"
MARET-APRIL 2022,"Tanah Longsor, Desa Tempuran Kec. Wanayasa",,Tanah Longsor,Desa Tempuran Kec. Wanayasa,RT/RW 01/01,"-7.238136, 109.741294",-7.238136,109.741294,"Selasa, 08 Maret 2022",17:00:00,"Akibat hujan deras selama 30 menit yang mengakibatkan meluapnya draenase sebelah selatan jalan propinsi tidak muat menampung debit air sehingga meluap sampai ke arah Utara jalan tersebut dan mengakibatkan talud dan dinding garasi sebelah barat milik bapak Amat Maskuri tergerus hingga roboh, korban jiwa nihil","1 rumah rusak sedang a.n Ahkmad Maskuri : dinding garasi rumah sebelah barat ambruk.
kerugian sekitar Rp.25 jt",nihil,1 KK,"- Info Awal
- Proses pendataan dan evakuasi barang ketempat yang lebih aman oleh Tni /Polri dan Relawan gabungan.","- Pemdes Tempuran
- KORAMIL 17 Wanayasa
- Polsek Wanayasa
- FPRPB
- PMI Kec Wanayasa
- Anggota ORARI Lokal Banjarnegara
- Destana Tempuran
- Warga setempat",,JUNAEDI (KADUS),,,"https://mymaps.usercontent.google.com/hostedimage/m/*/3AE5a_GzZwsV3QM37wl9OWF0U6UQy8DTEjkQ-fdB_2nH4DMT4EaHfy9KQ0lyyn9i6FTLe4UXBoQD49ivHKkKK_6FgGxBmrheIyN_ZRp_p0pca0dwyMzZT4ywibEqBbsykoOYgDxurLBhgWm4Nvcv4_XSjLswTpI7Jz9vdvcef4zseEnVvcsKE5tcQYp8orqT6qQ--YxwpdUKIeTSwCg?fife=s16383, https://mymaps.usercontent.google.com/hostedimage/m/*/3AE5a_Gxdf03dvHfNWY4doBfHAVjXLrclkaR0LX7uoGQsRgoD7hHcl-ZR90xriusvCydI3OjVcp1gRvA1MzJzGkcICGlC9iMyOR-3p_VJwPHsKWicpXlaxM6pv3AbT79ZyGVOzHRCep8G11dS47TFFSfM8gQLdv8rh3VP8XLZC8NKnLmlenAbf849xBs6ZRh-nJAPvCnFHK-oR6LCHA?fife=s16383, https://mymaps.usercontent.google.com/hostedimage/m/*/3AE5a_GxstUvMIwgXRCNXhoUIl0mNP4E5nTTsXO60PdB8PlLnCBhat6oxI1Uf2vL3BJQ6x-poWDVvMm7YvY2cchS2l1LW3CalfaaRlQ-2w2bu56xM1CDPD8RbgQHg5aicMj3wbYIXZxCCMXMNl6JXNT7S8BJ6i_6iTAywZzSxb6UgWdYGGWOyaWFegiiOaInYuSsW4Ye1z6TGYRPmAA?fife=s16383"
MARET-APRIL 2022,"Tanah Longsor, Desa Biting Kec. Pejawaran",,Tanah Longsor,Desa Biting Kec. Pejawaran,Dusun Biting RT 07 RW 02,"-7.253646, 109.784706",-7.253646,109.784706,"Selasa, 08 Maret 2022",20:45:00,"Intensitas hujan yg tinggi dari pukul 15.00 wib di sekitar kec Pejawaran, yg mengakibatkan tebing longsor.",1 (satu) rumah rusak ringan milik bapak sobron,nihil,1 KK 1 Jiwa,"- info awal
- pembersihan
- Droping Logistik
- Mengungsikan penghuni rumah sementara","- BPBD 
- Kec. Pejawaran
- Pemdes Biting
- Relawan Desa Biting",,"Prawoto
0812-2624-8010",,,"https://mymaps.usercontent.google.com/hostedimage/m/*/3AE5a_GxKhHWMbqyKAJJA0xPGwvJC4B302vv2E82ap4kxWeq-_Fhsxb8z97fJWRAbgF1Wj769rfXTSryJXEFmhadREwYabyeF0NH7roIuaH2nG6isLP6Vh5kccpiRouDSzvwlVgy-nSyB2SUbz5DRT5qMHVvCDuoNKUQVMhBq29NxA8nuDjnzSZaGqG_jJx3_6w4bdWlQUH5ZM280xA?fife=s16383, https://mymaps.usercontent.google.com/hostedimage/m/*/3AE5a_GyqnxyundnZNdXHLnegQTfpgu81co32ofTiHZT3uXs-shlVXbs4-FAqHDiAQ2zdYoI095B0x8Fc7bqwXKzAuOIGQVtmJzTtuwqE7Zca4MttKFyanMiEdkGfAVGvtYf-5RH6mqsi8OGoJeS9ZaefHx5Mkoq7JrpPFuXX55fSfr9TUBu824QZU9yoOzTXDU-WdnKdaxsMiG_7jw?fife=s16383, https://mymaps.usercontent.google.com/hostedimage/m/*/3AE5a_Gwm_XhcbZGaIu3I2NPXIYLYvEAyJW2MoLlVTuRpznq_fXE3t8uc6yq-HtoJGzWsKNuh9LPZZiL7EOTUEsg90YVENAyGgojchLNn9MmEZwERFOfI6Y_NHhTcYHSOqaMzaZrQoBEnCsgkjfMeol5Fqa2onddk5bOJq6N5I2oFhCCG9M3tqVD8eWq9Z2AeUAvb8PLkXO7cBH9QkQ?fife=s16383"
MARET-APRIL 2022,"Tanah Longsor, Desa Biting Kec. Pejawaran",,Tanah Longsor,Desa Biting Kec. Pejawaran,Dusun Pedeli RT 10 RW 02,"-7.26681, 109.779429",-7.26681,109.779429,"Selasa, 08 Maret 2022",17:00:00,"Intensitas hujan yg tinggi dari pukul 15.00 wib di sekitar kec Pejawaran, yg mengakibatkan tebing longsor.","1 rumah rusak ringan a.n Ripto
1 rumah yang terancam milik Ny. Suwanto",nihil,1 KK,"- info awal
- pembersihan
- Droping Logistik
- Mengungsikan penghuni rumah sementara","- BPBD 
- Kec. Pejawaran
- Pemdes Biting
- Relawan Desa Biting",,"Prawoto
0812-2624-8010",,,"https://mymaps.usercontent.google.com/hostedimage/m/*/3AE5a_GxFboLzRDyRTIeAt3LhEQjyOH-85f_Q3Lw7URq09sQKWa_KPryDrtf4FxhKvBqzvJlIhq57L8VuZry7sDcHFqFCnVDs0phsUx4XknxeqDR5R62orUa7SWHYXnmPh3eUSArAOlRCxXK_9Rl4jp63CAjjdaDEzqkZGxxaoQ2XP2pcvU6xH9UNof9LeKamxZcYuMYvxYo7QyBYqw?fife=s16383, https://mymaps.usercontent.google.com/hostedimage/m/*/3AE5a_GzUp0XLEvuzjx-u-HyUUyIidiE5EuUnb-AkIKMhRNp5Wr3NHxo3hazdWUymFitwt-1loDu-nKQWqiQ_6ZTx8_ADviHAMKYFgx8gCENEwYmEN7qnzp9ucCMyY8MboPV6oVH7aFRzP1PEEb0WVDyc6AP6ABILYr9z2dT4Z47hTFjM6-XJx-FV0UgxD6LzXEQA_2aOGK_DnX6Zig?fife=s16383, https://mymaps.usercontent.google.com/hostedimage/m/*/3AE5a_Gwla7WCukmCyWSchA2koLRVgWnmaAJjwtyAv785_YkTiUThzLjbzWqHU-ygMCY5QTZ0tNoevRrXeI3tgOMWMWHeqv2pR531qWbZSiFImATzS_HwHx17trHIv5NYsAkftjM90eIb6PMCT6KJJROxXj2R6k1UcW0cz6GKB2RZUaVR99dfWPNnkOhAJt1GovWG9q47t99vrtv8ew?fife=s16383"
MARET-APRIL 2022,"Tanah Longsor, Desa Plumbungan Kec. Pagentan",,Tanah Longsor,Desa Plumbungan Kec. Pagentan,Dukuh Sirandu Rt 05 rw03,"-7.29084, 109.78933",-7.29084,109.78933,"Rabu, 09 Maret 2022",5:00:00,,2 rumah terancam a.n Bpk Kartoyo dan Bpk. Mistar,nihil,nihil,- info awal,,,,,,"https://mymaps.usercontent.google.com/hostedimage/m/*/3AE5a_GwJY-EHRTl7F9E5goR6fpVDLIJaX2-oqYEOzkQqg5y_qgXXtWEo0OyrHe4Fk6pIg_RlR9127wYPD-l6HUwUWlxlyND2pdTanV3frZexKO5z-Mp0-6A5TbCI3tpxZND8pIglY_4oGo7lT5oMfNHAWJzm6uQ1vafcZsmVAOsAQ2HzaNDLejGKacKH9o4co_ZJ09JC4r0pn9wwqNA?fife=s16383, https://www.youtube.com/embed/-Q9kpWusjtI"
MARET-APRIL 2022,"Tanah Longsor, Desa Penusupan Kec. Pejawaran",,Tanah Longsor,Desa Penusupan Kec. Pejawaran,Dusun gambiran Rt 02 Rw 06,"-7.247733, 109.795511",-7.247733,109.795511,"Rabu, 09 Maret 2022",2:00:00,Hujan dengan intensitas tinggi Pada hari Rabo di wilayah kab. Banjarnegara Mengakibatkan talud rumah setingi +- 3 m panjang 5 m mengalami longsor,mengancam rumah atas nama Kk. Haryono (5 jiwa),nihil,nihil,"- info awal- Pemdes melaporkan kejadian tersebut 
- TRC BPBD melakukan cek Lokasi dan koordinasin dengan pemerintah Desa dan menghimbau warga agar tetap waspada.","- BPBD 
- Kec. Pejawaran
- Pemdes Penusupan",- droping logistik,"Prawoto
0812-2624-8010",- Supono,,"https://mymaps.usercontent.google.com/hostedimage/m/*/3AE5a_Gyu4NXXhbOXiT7gXhUsvcmJ5QdwLC1-Qkxaz4_jrEKV6ixpDaOHSlkMYmiVopjPS6WYCN9EZTqSs8-QwdnK8xInXOo5jj-kuLLULHM1SV7OMGKy9fdAbwv6b0skGa1VN1TuEqcExtZs6AAUUufVDoi3Zb7xXDg-VPxZh9M_5oof5dvVj01CJiAjrxdZS-XBLeh4sW_MfWMJAw?fife=s16383, https://mymaps.usercontent.google.com/hostedimage/m/*/3AE5a_GwcbA1z2jcrwwP1_7cQtHmvmvHOi4ibV-OYCnhy-CqCMqfLlXGE77Ao5czchvJZBhLJWQ5a51oV-bgE5xBcT_iKDFVARysu48GLzzWQf4FstSxCpDkeHNv0uVvySbs-MKll198gmLg4xJRAj6nfgnCWValZ7F24Bjjyu6B86Uv64UnKSu0c4cpEc-KIYxR0mtYLUL7om-d9kw?fife=s16383, https://mymaps.usercontent.google.com/hostedimage/m/*/3AE5a_Gzxe-Qxg-aNduRU7BinHP8HKICcTCI12PXHFswsJQkvv57IfxxIcyusl79wHiBlCTT9pg_oBQm162FxYeCP7edr9ZDlP683kM2CKMzAQMuOlEVY1pZ0YjW4OkfsFjFHADAc1SKmImmx46wQ1DP8gbILJyAdv8aons7g14P-e3E2x5m5IZ9bngE5gHiwrhSVm7YvzrtDBzuVOQ?fife=s16383"
MARET-APRIL 2022,"Tanah Longsor, Desa Gembol Kec Pejawaran",,Tanah Longsor,Desa Gembol Kec Pejawaran,RT 01/RW 03,"-7.222969, 109.859485",-7.222969,109.859485,"Kamis, 10 Maret 2022",15:30:00,"Hujan dg intensitas lebat Pada Kamis Sore Yang Mengguyur Wilayah Kec.Pejawaran,Mengakibatkan Tebing Setinggi +- 25 Meter Lebar +- 10 Meter Longsor Mengancam Rumah Warga.",1 Unit Rumah Terancam. a.n Milik Bpk Wahono 57 Tahuh (3kk 8Jiwa),nihil,nihil,"-Asasment
-Koordinasi Dengan Pihak Pemdes
-Menghimbau kepada Pemilik Rumah Untuk Mengungsi ke tempat yg lebih aman ketika Hujan                                             - DROPING LOGISTIK_","- BPBD
-Kec. Pejawaran
- Pemdes Gembol
- Relawan Desa Gembol""","- Logistik Permakan
- Terpal",,"- Pujianto
- Tsaibun Nuhud
- Romadhon
- Daryoto
- Ahmad Arifin
- Ismail
- Wisnu Nugroho - Suwito - Budi Mulyawan - Rohyanto","Desa Gembol
 Kecamatan Pejawaran
- Beras 10 kg
- Mie instant 2 dus
- Minyak 2 ltr
- Gula pasir 1 kg
- Daging sapi 2 kaleng
- Sarden 2 kaleng
- Terpal 2 Lembar","https://mymaps.usercontent.google.com/hostedimage/m/*/3AE5a_GwybCS1ln_wa3ivwXzymf53wVuVR0sDmTCSlG7L7zzeVtzrVAet920ymMJHXAIdYwtYcbsBOMnPRQoMbB48QSleo2rvOsg7ORjJLS_lJGhH3utRNiYM7RZqmJY-lIM9-v6zMS-1jC42nolBqqW6bjDMrBgDYxMgSKQzvbvMuMSQK-kYn33e5cZ2kPyzS18N8Z2NZntMxMJjSQ?fife=s16383, https://mymaps.usercontent.google.com/hostedimage/m/*/3AE5a_GxF-cK3OYM9rfQ_VLyEdnPpQRl4dPIqFVfvO9uFvWSD6qEL5-WUsiBv9aIDpLvExiWsW9ixEYeqgjXGzu4GKpgtchQzcQJhpUBnxrrrbA4k97XLBmObc2InRKEc8L88yVmqbzKZzsiJUxvrkKHnCql21oLm3WVsiqDpRTVoK-eUsXwa2gIMyFSNWjxlM_JF2ZilM_1D9X6XLTo?fife=s16383, https://mymaps.usercontent.google.com/hostedimage/m/*/3AE5a_GxpCILeA5uFBavotZZr6Nq4Od6vSqJg5uYPhZY3EmOQTVjlSq9RwwFlNdDykIQLhiFV_FQ7DW0L5tKC8pq5vi7VGKpsEk-TSCCMuK0W02GAQHFSo7nKkiTnUm5ciDc4lWWuyH-tBM1KehGO7IkLT6M3jnQ6Zt9mb2TZXgAs4hWSC6pTcXlF53__HtK1NMYROpLsOo89222cpYc?fife=s16383, https://mymaps.usercontent.google.com/hostedimage/m/*/3AE5a_Gw6GvEQdZLewpEHzp410WAvhDN0RYtK5fp8dd1xU1M1_CQWtWLQySFiMT_PhCL8VI7riuCVzJg3_SVWAT6rGnfrMpYTVWP_GZmJ03LLomm3DqAYQKL7MowyFSGajhiAJ_aLPxP9CDtYCBiMZiwanQ1iLSRJigwYKRLX-Jr2LJePDL83D1dCvARPrvt9-V83N0JAiTJK1rR8CA?fife=s16383, https://mymaps.usercontent.google.com/hostedimage/m/*/3AE5a_GzZfjmqE5z6xg2ZVgQ6ccMca3--nsMB6IbDsWlLp3uM-hhoBlnc1jc2zIYLVHWIvvnIgNWcrkxY-wSalVeElnuJ48WnGFgoxC31aYgpJzP3xj0c2fel1c3XF_LcjKxxlEzNBT1WZlguaj1OgUBA9W_1CLO3AXAv3vdK5YV1TdApDtKq0vQDF-naBuje07vEvdqcBSSjTZj1Lw?fife=s16383"
MARET-APRIL 2022,"Tanah Longsor, Desa Kalilunjar Kec. Banjarmangu",,Tanah Longsor,Desa Kalilunjar Kec. Banjarmangu,Rt 06/01,"-7.265819, 109.77234",-7.265819,109.77234,"Sabtu, 12 Maret 2022",1:00,Tembok rumah bagian kamar jebol.,1 unit rumah rusak ringan An.Tusiah,nihil,nihil,"- info awal
- Droping Logistik","- BPBD
- Pemdes Kalilunjar",,"Tuyahman perangkat desa
081386643313","- Suwito
- Budi Mulyawan","1).Bu Tusiah Rt.06/01 Desa kalilunjar
 Kecamatan Banjarmangu
- Beras 10 Kg
- mie instans 2 Dus
- Minyak Goreng 2 Liter
- Gula pasir 1 Kg
- Daging Sapi 2 Kaleng
- Sarden 2 Kaleng
- Triplek 5 Lembar
- Usuk 6 Batang
- Terpal 1 Lembar","https://mymaps.usercontent.google.com/hostedimage/m/*/3AE5a_Gwu9S8fcmokAe6RsghsBYZ6OH028hYeWqRu8UA67c43OIa_0psAcGbYck-a3ylFBGH8DpmIoLCzUqaJWc0sQdPzduApLOHdISZMed878QZbFBROtDf_6XAzD1aC5mSfvCDjIxFGbO8BQPEvehPjPRhbj9_NHyGh390aKuHY8okuZpX5KKkEI2ZZB0B5TzQtt5gvubxnbqRp0ww?fife=s16383, https://mymaps.usercontent.google.com/hostedimage/m/*/3AE5a_Gw80FF7WHveb6gBTN0TpT7Vc2rkSrVj-hdA0QrvLX06V2gx14sQPcXxynbDNz3LTEvT7ZM1OoLQz74lo76GxcnTRq6wXqaG4HJCu7V_aEIdYIffIwFlAn1O-l-TRbuZrwVS1aqNVwHUYL7IPXBGS5g2EY1UMgaLYCiEdU6c9q5F8cp2i3nfYf9fMcmqv5uHwoD4Dm4YWc_vWQ?fife=s16383, https://mymaps.usercontent.google.com/hostedimage/m/*/3AE5a_GzwTlshV2R2pE6C7FoPm53MM9kn3tESZMNlQJpVHIEcEgrxFaAA7SASYQLOHLatYpc53Di5ZmzJKrDfMUequZTc9970btC2J2OrXAtNUqJLpLDDlIqj9bpuXtgBYQvKpKdO7GNfzzk1pRlTeO1olVJ1fthYpYu5Mf1PL2x61Vk_eKY4xAfItIhxXLAGBF7sK39aUAnQGY3Sr0k?fife=s16383, https://mymaps.usercontent.google.com/hostedimage/m/*/3AE5a_GyLEKsg-0W6iTyhEaSzRZ9k9o3ekv9_TQks_isZ0MNHTjpFETdcT6F00AkakxFOVFuoAtpbU4pffGla2ATagqM-MCnaSr9jtJTf5JkyYA5Y95fdtCJ9bQwb38ShUS7V2Z9MXf4VD-TAc4mS6SudRf8895ifL1HwR4daTlhKWYuXbMisLyBA05THFIGJ9Qflh9mBbD57se3llA?fife=s16383"
MARET-APRIL 2022,"Tanah Longsor, Desa Sijeruk Kec. Banjarmangu",,Tanah Longsor,Desa Sijeruk Kec. Banjarmangu,Dusun Rt 02 Rw 02 Sijeruk,"-7.318044, 109.711722",-7.318044,109.711722,"Jumat, 11 Maret 2022",19:15:00,"-Hujan intensitas sedang hingga lebat terjadi di wilayah tersebut. 
-Pada pukul 13:00 wib Tebing setinggi -+ 2 meter Panjang 7 meter Longsor dan mengancam Rumah di Bawahnya",1 rumah rusak terancam a.n Bapak Salim Susanto Umur 45 Tahun (4 jiwa),nihil,nihil,"- pembersihan matrial longsor secara manual oleh warga
- Pelaporan kepada instansi terkait. 
- Droping Logistik","- BPBD
- Pemdes Sijeruk dan Warga",,Fatimah,"- Suwito
- Budi Mulyawan",,"https://mymaps.usercontent.google.com/hostedimage/m/*/3AE5a_Gx1r7xkvLJBCObWAKlEgVoe3BvgqHAp_QS6quGPP0H1qQi0og70DPa3kdtH571Q-EW6gbktJ6VuGB66W0tn4XQsfyLVhgt1yS6P0LxXj_6CYA5wyXgUGrkHVrmyhh3zUBBsgX0nNqz8EB7fIFjWncpoqFr30vMsZzzJ-wIPzDji-V5Fjbb3H_Wcoa8iejKzM8Uz0H2xYsPKfCQ?fife=s16383, https://mymaps.usercontent.google.com/hostedimage/m/*/3AE5a_Gz39njTCbQ4KuC7HE1gtm-oD9vZNIYC5uGXAHB3sRdr53dK2SibFWjfWFI-CVNrLQtvvqNpM9Giekw9bCSXIzoV1YRuXKfKMljDdfNPJsn323pfH51LFVgYoQii_cYnbn47NnJHpLi-q6_n5DGoGmQlzjkuZu-yuBKmmWw8OfZ1ju7Fto6Z8fNhK-GExAp61iYop8JZ3-LhIls?fife=s16383, https://mymaps.usercontent.google.com/hostedimage/m/*/3AE5a_GwCt31Sopf6bOyIp7nq3q0E7EfR9bxGGAypS3PkVU3g09DFSrbKMT3jCFSh6OapAaVDc8R6t-u7CFjf79BjoKyJZxYmfDzlaVvE3yZZkQMLJJ4hbFLgY7I7khxW5hGLPqIXqNBYR-UpQS5BIUivolxEe394z7Sa7SNZPJLCf3JGKHxKqbUHi93LQGmJXBDcjzhL_eUS-6t1IIY?fife=s16383, https://mymaps.usercontent.google.com/hostedimage/m/*/3AE5a_Gy-v6U3SxlXDuGxEpRpdDGIqLQOSKF7ycfmSwcpOZQtClzT0gvysDnurUeOJ85yvG3DiyDKSxErbqv_HjrYI5-wQFCRIJmCCFSY5OgylNDwSMmzT_eP8mhRaM3eaGLm333czxE0Di1DEV24fF1JYz8vUN1E8QEtgEeoHg4T_V0pJHIaV4vienkU-81IFiXaPo0jxe_a7nPyYw?fife=s16383"
MARET-APRIL 2022,"Tanah Longsor, Desa Metawana Kecamatan Pagentan",,Tanah Longsor,Desa Metawana Kecamatan Pagentan,Dusun Sumberan RT 05 RW 02,"-7.318815, 109.793196",-7.318815,109.793196,"Minggu, 13 Maret 2022",14:55:00,"-Hujan deras di wilayah kecamatan Pagentan, khususnya di Dusun Sumberan Desa Metawana yang berlangsung selama dua jam menyebabkan tembok rumah setinggi 4 meter dan lebar 2 meter ambruk dan beberapa mengalami retak di beberapa bagian.",1 rumah rusak : Rumah milik Bapak Panut umur 38 Tahun dibagian dapur mengalami kerusakan setelah tembok dibagian tersebut mengalami ambruk.,nihil,nihil,"-Relawan bersama warga masyarakat melakukan pembersihan material.
-Pemasangan terpal untuk menutup bagian yang ambruk.
-Penyaluran logistik permakanan oleh FPRB Pagentan","- FRPB Pagentan
- KSB Kalitlaga
- KOKAM
- Warga Masyarakat, dan
- BPBD",,FPRB Pagentan,"-Aldi
-Daryoto",,"https://mymaps.usercontent.google.com/hostedimage/m/*/3AE5a_GzbdUjSNgaY2kQy5qSWAK1Js-3-vrBcrFYjeZknNIpprhWnSIntiekUK1-pqv5oYGTdNYtF8H9QJE74Frsk1v14U3HXct4W-FVNCHxipxDxVD7ax3uANXLtaGyhYGCd6QSrnYoL-lf2s7q51Lnnu5EUgrsufm6wy4L0Mv1NVoDo41fgxjRIvj8VnGnplcSiMSMLVJUZDfz4it8?fife=s16383, https://mymaps.usercontent.google.com/hostedimage/m/*/3AE5a_Gx76UV_RGlEPqlG3I43HJXHidEjpnKrEHseJ1dO-MMDd5MTNGzMi9dsWDgQAVC_Q4k-H2K--O824J32T0AXK811MsAoYnNPjsQytJNfsV8JJokEMB1PDoqii_rJIB5huG7z7wGCUocwlbxbMW2xSz31PpH3BW1hMwsydGNOtdTHhbs-HjsyqS0QoBRui_IhfcTnyQ_TfF8QOg?fife=s16383, https://mymaps.usercontent.google.com/hostedimage/m/*/3AE5a_GxOJIAKYCzFJsM_H3CNtQp0-6odL-OZXKwN8hQK_WZIiwaGTMbaPt1ghhvUozovkdVmssv5ONArtJ1q_GduvjvpZwxb4eqFOP9rcMEJdFLmvHYQLp7m9TH8IfMFQ81n8rkLiO4QXI1iippYVfSSUaR8Q3-EfQtAzVMC6ARKI2YpbV0eo0XFfz-pMeFnZIhG8uzBtgO2Hb8eDQ?fife=s16383"
MARET-APRIL 2022,"Tanah Longsor, Desa Biting Kec Pejawaran",,Tanah Longsor,Desa Biting Kec Pejawaran,RT 01/RW 01,"-7.255415, 109.785068",-7.255415,109.785068,"Minggu, 13 Maret 2022",14:45:00,"Intensitas curah hujan yg tinggi dari pukul 12.15 wib di sekitar kec Pejawaran, yg mengakibatkan tebing samping rumah longsor hampir sampai pondasi rumah.","1 rumah rusak ringan 
a.n milik bapak sunarwan terdampak rusak ringan pondasi samping",nihil,1 KK 3 Jiwa,"- mengevakuasi korban ke rumah saudara.
- Droping logistik","BPBD 
Pemdes Biting",,,"-Aldi
-Daryoto",,"https://mymaps.usercontent.google.com/hostedimage/m/*/3AE5a_Gx4r76EinLFbLiryg4-xzdN0voU9Tflb0yf7jMSsPU1njky1Ku2iAY1yYcI0nbjwbPH9I6W1mUm1IDaTKpoUvFLyFF4gdlmIBE9j3TthvsQR4KF9Da4Nlji0fr1r0qFk9KoN2iXXx547S3px0t9bZP9Uv7UcB_K-SSthBQ5SQRJyQpA218uAGhiYo6UeDRsIouMwluE8j5-3VI?fife=s16383, https://mymaps.usercontent.google.com/hostedimage/m/*/3AE5a_GyGtaSpUKs-QPZwzHd4E14C367D9myeZudK5HrKXcjrPSDXK6ueI95R0IZlkKVBATcANMug01iB973st4Mff22NPei4AXjpBQAtEw3_xlYJp6VaAENCwvu_s0jVxojxmRvSOTIECXPnHB5-Ar7G3FfNuT48Vhu0ihUJynxvJsHRj2k31U4mG_nS1-ZVgn4GBKlzFMvDmnbdCQ?fife=s16383, https://mymaps.usercontent.google.com/hostedimage/m/*/3AE5a_GwIq3LdOC0bo_dq1nnyApGFbmxY0FnEYbm4VDxvaPzHnELtnYoUNL8o3ZqJrNrw0g_DyeF_QBLgZXl4ML9dy1Ef0w1fMc3eDi3FLF4k9BCVC-Ol47j7115hobTgDQCsxAzVIpeuhY6YSvfFs83yWuzvOB7pIIiMy0M6bSH6PT55ZwcDKrtebYsVhkn7kApgOJue9wNVJwRGn3A?fife=s16383"
MARET-APRIL 2022,"Tanah Longsor, Desa Kalitlaga, Kec. Pagentan",,Tanah Longsor,"Desa Kalitlaga, Kec. Pagentan","Dusun Derikan, Klesem RT 2 RW 3","-7.305821, 109.793352",-7.305821,109.793352,"Minggu, 13 Maret 2022",15:30:00,-Hujan deras di wilayah kecamatan Pagentan khususnya di Desa Kalitlaga Dusun Derikan yang berlangsung selama dua jam menyebabkan tanah bergerak yang mengakibatkan jalan serta kebun warga mengalami kerusakan.,"1 rumah rusak ringan dan 1 kandang kambing milik Bapak Slamet Prio 1 KK 4 Jiwa 

serta 1 ruas jalan penghubung menuju Dusun Klesem sementara hanya dapat dilalui kendaraan roda dua.",nihil,nihil,"-Relawan bersama warga masyarakat melakukan pembersihan material. 
-Penutupan memakai terpal pada rekahan di jalan.
- Pemasangan trucuk bambu
- Penyaluran logistik","- Pemerintah Kecamatan Pagentan
- Koramil Pagentan
- FRPB Pagentan
- PMI Pagentan
- Pemdes Kalitlaga
- KSB Kalitlaga
- Formap Pringamba
- KOKAM
- Warga Masyarakat, dan
- Relawan lainnya.",,FPRB Pagentan,"- Daryoto
- Aldi","- Beras 10 kg
- Mie instant 2 dus
- Minyak 2 ltr
- Gula pasir 1 kg
- Sarden 2 klg
- Daging kaleng 2 klg
- Terpal 2","https://mymaps.usercontent.google.com/hostedimage/m/*/3AE5a_Gw2BvYwOV_6jbFNtaldBOQvBamfzg46K5ALUSwjJyOsgwr5fuc4MQPexPFOAj0SuYXIx69M9hbZqaMl6R_Sn_rIJEw8R5hjzNiypQDm95XKuU3CWu6p62mA1tuthE_p0hea_K5w4S-7sSlGRvbqe7aSyhhMUVn5WbiZk8rtw7-29lrcmFnRZaiyVdRqTr6VzTQhg49NvPfZmQ?fife=s16383, https://mymaps.usercontent.google.com/hostedimage/m/*/3AE5a_Gxz7e0XeMXRfmDBg_rIlX_T-a0Nqk1oQkFnG0Kn9bVqBk9wn3VpH3DdiN0j8SufR8tXW9KoZE3g7r1kGFPJ2ZvajusdDfgmUIW81Ar2-Lvcf8Z8enZ_yQLH4XrzX4P9F61J2nBt5qLkHnRQ6k5p-Rt9rB1n4S-k20GGyZKiXmwmZ9mYsbf7FlE-bXM0MRC5Zl9FVXBJCa0_CQ?fife=s16383, https://mymaps.usercontent.google.com/hostedimage/m/*/3AE5a_GzURD0YRuE8UbBpuYHJO2ogLrfnNoDVvaQ7WIt8hZX2E2Fnplcqh6-VaRnjlUD9Q4pHz1WCN22bmR4WbwDx5WpdP_AH6GxA5HTtf2CW1qwaQaWyIPRpkBW58YDC-8VEoSn8ow4NGnMj4f9BJO4XCeBaAr3w-TXFnpOxSCNhCdOkVanrpF-uPzaE2N0XyhxdMY9GRRReFMCXBg?fife=s16383, https://mymaps.usercontent.google.com/hostedimage/m/*/3AE5a_GwzznQsvekaO2jo2jZL7R8CX11vmHgy5GlqY7nqKg0fZCkOqO7t_uJ9wvszFENglXs0l9F5OsSj_tuf3bN6oUXuaynCjkETG1QvGCbhNNQaGwbM0uiQdPcxxpZqZT2x9hiN7nbEuoMT2nF9Su5JU_jbhO1s0uNSBNfYQJkqmjwSf_Ykzzwmnh672mjNSgZWaf9olKN0EG-DpA?fife=s16383"
MARET-APRIL 2022,"Tanah Longsor, Desa Darmayasa Kec. Pejawaran",,Tanah Longsor,Desa Darmayasa Kec. Pejawaran,Dusun Jenggeran 01/08,"-7.280265, 109.800547",-7.280265,109.800547,"Senin, 14 Maret 2022",16:00:00,Hujan dengan intensitas tinggi Pada hari selasa di wilayah kab. Banjarnegara Mengakibatkan tebing setingi +- 15 longsor mengenai rumah atas nama Bpk Muktiono dengan kondisi retak dan rusak dibagian belakang rumah dan mengenai kandang kambing 3 ekor kambing mati,1 rumah rusak ringan atas nama Bpk Muktiono dengan kondisi retak dan rusak dibagian belakang rumah dan mengenai kandang kambing 2 ekor kambing mati,nihil,nihil,"- Pemdes melaporkan kejadian tersebut 
- TRC BPBD melakukan cek Lokasi dan koordinasin dengan pemerintah Desa dan menghimbau warga agar tetap waspada.","BPBD
Pemdes Dermayasa",- droping logisti,"Prawoto. 
081226248010",- Supono,,"https://mymaps.usercontent.google.com/hostedimage/m/*/3AE5a_Gx1EPNxHc_siTbbn1Lcb8eRauZBrfbfZudTn1nTMcGmSXrKS1yxvR69bAEiXWPduAm8pdew2kf3mnbJKnKyGZzyM2pcJ5Hzp2i_yzu2RIBoKKTJv5zMJlyUlJSYAURbqdVi4oeq5_B80AOu5v-GjzslPqCGB8RF95kHl_uval5RMmMQDKvr5CRJQPwEwz6rJEGUV6fkW0U-AQ?fife=s16383, https://mymaps.usercontent.google.com/hostedimage/m/*/3AE5a_GxrC8xOSkBzru-_V1FUyDD0r_FhpSf6IqIEz0K6fsA1PpTfNcIHmv1_HCspXfg1H10k0MnUq9kHEo8zfvZ6xzfgVt0JkZ3XGR-ybs2Zjed0DPA8mHiecePzRKhSADvYXBug24MwntWpzyOFCzv2LOQ8P4YO1D2SY8fU-ri0eaiwWQu-rUAs_z0oH4pz4UCSWlDKj1eSXc2bs-Y?fife=s16383, https://mymaps.usercontent.google.com/hostedimage/m/*/3AE5a_GxkSHidisduRN0SFO7fuUNZK05ICmtcSVvXZZIM2SaSYtiDmTY54v3FErTvOqKoVCKgFbeDN7hhf2Ttt5Ij1dqfcccEylnkh4pSwOdAtk60rcl8ffgjUZLcoVMwiFwbeuM58rHlgF5u8kgAneLY-3oPz7n9ixxQstrFMqUTKfOOF7Hd-10UKLdrK5tCNL5qBfgPNwIqPpCjyTU?fife=s16383"
MARET-APRIL 2022,"Tanah Longsor, Desa Lebakwangi Kec. Pagedongan",,Tanah Longsor,Desa Lebakwangi Kec. Pagedongan,Dusun Lebakwangi 01/06,"-7.459256, 109.660149",-7.459256,109.660149,"Selasa, 15 Maret 2022",6:00:00,Hujan dengan intensitas tinggi mengguyur semalam suntuk dan mengakibatkan Tanah longsor dengan Panjang -+50 Meter dengan Ketinggian -+ 20 Meter dan membentuk tapal kuda  mengenai rumah milik bapak bengat.,""" - 1 Unit Rumah Milik  Bpk.Bengat(50 Tahun)(6 Jiwa)mengalami rusak berat//Logistik permakanan untuk kerja bhakti.
-Akses menuju jalan pemukiman tertutup oleh material longsoran. ""
""-Bpk Salim(50 thn/5 Jiwa)//Logistik Permakanan
-Bpk Waluyo(45 thn/4 jiwa)//Logistik Permakanan
-Bpk Wahid(30 thn/3 Jiwa)//Logistik Permakanan """,nihil,1 KK 6 JIWA a.n Bpk.Bengat(50 Tahun)(6 Jiwa),"- Cek Lokasi 
-Logistik permakanan untuk kerja bhakti
- Kerja bhakti oleh warga masyarakat memindahkan barang barang 
-Koordinasi Dengan Pihak Pemdes untuk membuat surat permohonan.
-Korban Pindah ke Dusun jaten rt 01/06 Di tempat sanak saudara
-Menghimbau kepada seluruh warga masyarakat  waspada dan siaga bilamana terjadi hujan lebih dari 1 Jam.","- BPBD
- Destana Lebakwangi","- Droping logistik permakanan untuk kerja bhakti pembongkaran rumah
-Dibutuhkan alat berat untuk membuka jalan ke pemukiman yang terisolir
-Perlu kajian analisis geologi",087878509875(Bejo Destana Lebakwangi),"- Daryoto
- Widia Dwi Kurniawan",,"https://mymaps.usercontent.google.com/hostedimage/m/*/3AE5a_GwPbWXB-qkGKXUgsj2F8LRIV9iKDbjMj8QY7sDRrDUjQCulVFCGs22H1g4QDSGrNKaTKTvcickpJMn6uE2-hRGUd60JWB9pgtqTmSFQ_FgcVVcvr0q0MhPByYpZM-_rG0jP3QosT0YewnqVu2OrhT8zXz0gvwJZnx1h255KPJ2vomA-ZN7ozC0jKZGe4IqTJtBEtRXXWqrUfp0?fife=s16383, https://mymaps.usercontent.google.com/hostedimage/m/*/3AE5a_GyEb_e7B2l3m08nxximSAF44RHCU8j2nbRjqzxwjq14ojqg8SyR_WxasF76vfKwFc3AtuMmAkAG-b8scEO-AK2QapmkWIMArSxymg87BrMuL-89W3Rn4DbJWkOWGYfYN-AYasFLiXDktCWeIlwwnmhrHyOmANLymqPE-KrRs2IiVyGvqsrqwr23JDVW-HlZ9EsN_rMEY1xc4A?fife=s16383, https://mymaps.usercontent.google.com/hostedimage/m/*/3AE5a_GzhEbpDtV0cNZaYcCOJ4-0MA9Vklo73fO1ZohHX4VwlSp3V5us3mpRBG5k6VlJ_9D8XrO3jOx0ZWLXEl1J_AZe8rNRz74d6tXCKe4TyxR-g3KoHY2CLxYd2vlYD0Ab5BKzbOwyJH39vmQ5ECT2o-pv07fBmjxUHKIT_eIZ85MpF5Z-Ha4TsiH1ZsVIPwSQahSKlX8EhjlbSfw?fife=s16383, https://mymaps.usercontent.google.com/hostedimage/m/*/3AE5a_Gx6lNghIJrn3WPaNK-JedV599LLjiWBqP82LUvcethmd4BLU0Xy_btTQctYJe375MOTpt67oORQFHSleWTJRAXXV-kXWK_0Pd2Zxi7JsZyyocts569hoUGPjDhNGM8BeEmhuWaiUWX0ykYbwHXi-c_sS7GMNw7vcGjc4u9B5eZj6x_QJ3N8pSOPgk9SokvriCt98jubSbVJzm4?fife=s16383, https://mymaps.usercontent.google.com/hostedimage/m/*/3AE5a_GxlGVKSy2FFXb8qMyJmKx7ruMXgN4DAYgbfg5Ncgnt5c-Xty8jQbHBNMS59S25Agq1R5VuQaySAX35D6D2Qf29IpvKOMvsTY_zS4UVCkxNb9M1qksRUboM7ctN91vh5m7IWl_bXTr9TjniBY8USfR0HDJ3oi5AsqubirxycJSceYGpv3AtpszeMgapTc2P2g6UHHRs-CeP-IBQ?fife=s16383"
MARET-APRIL 2022,"Tanah Longsor, Desa Lebakwangi Kec. Pagedongan",,Tanah Longsor,Desa Lebakwangi Kec. Pagedongan,Dusun Lebakwangi 03/06,"-7.462038, 109.658434",-7.462038,109.658434,"Selasa, 15 Maret 2022",5:00:00,"Hujan dengan intensitas tinggi mengakibatkan Pergerakan Tanah dengan membentuk tapal kuda.Kedalaman amblasan -+ 70 Cm
Jarak antara pemukiman dengan sumber air -+ 200 Meter 
Mengakibatkan Rumah milik warga amblas",""" 2 Unit Rumah Rusak Sedang
- a.n milik Bpk.Kalik(73 thn/4Jiwa) mengalami rusak sedang pada bagian atas
dapur//Logistik Permakanan Untuk Kerja bhakti & Logistik non permakanan 
-a.n Milik Bpk.mutakim(50 thn/4 jiwa)
Mengalami rusak sedang pada bagian dapur//Logistik permakanan Untuk Kerja Bhakti 

1 Unit mushola mengalami rusak sedang pada bagian halaman mushola dan dalam mushola. ""
""TERANCAM
-Bpk jefri (38 thn 4jiwa)//Logistik Permakanan
-Bpk Sukirno (68 Thn3 jiwa)//Logistik Permakanan""",nihil,nihil,"- Cek Lokasi 
-Koordinasi Dengan Pihak Pemdes untuk membuat surat permohonan.
-Perlu kajian analisis geologi","- BPBD
- Destana Lebakwangi","- Droping logistik permakanan untuk kerja bhakti 
-Droping logistik non permakanan",087878509875(Bejo Destana Lebakwangi),"- Daryoto
- Widia Dwi Kurniawan",,"https://mymaps.usercontent.google.com/hostedimage/m/*/3AE5a_GyBTuzUo2GXGcJ-UvPDFhutFsVak3JsipVvxgVWPpUVqBDZSIATSoUZv6e7kY2vHJNEw9MVUrRSGf5izA9a4VmKGqN9CGCL01FSfyAewJBSQ9K_afixt49Uqr1PmnagdqEiN7K2hyKfBjgeUfpHRaFXNdbvDdJ7k3X4lMhjewIkJpHu-E_v2N_tPdiVdmBFvIo8SsyPiKUNndM?fife=s16383, https://mymaps.usercontent.google.com/hostedimage/m/*/3AE5a_GwoMIdMfwH0WwW7hU29WFvPdiDgxybnkkQkT02TQSollAqVs76cduDvO2EvrDwOOnEqmOduntubDJH_ATLKhsLp_OvtryB6DR1zef77TOsO_0kX7Ru1GTngTG7sgWl8ACfSOiw9USJXFpc__paRb-hjj01iYDplHT-7oVqwYJyeq5KiUdX4Aw2lS1re7QxFjmQHVZZGSbfQ47g?fife=s16383, https://mymaps.usercontent.google.com/hostedimage/m/*/3AE5a_Gxu-kOYeTVBbfEaSdNexzJYLc1rAWjm211FbrkidrqLHJYJtSOsup9egH0LG8810uRus68YNoS2yVyr3jK5-MwidOy6Y6tWwnjv4dn4kI_OYvR3yqWf80dKF57uo56JpR95a-Jq9u83MstSfSLv0S_DsUg2JENrq5g9P5_F9njqK6iI1F7cLUlgO3s00ecm1ca8V2BcXM6Lm28?fife=s16383, https://mymaps.usercontent.google.com/hostedimage/m/*/3AE5a_Gw0WCghqCejhaJpN2tHdfWT6Vdvjorbu_D32nQPyydLgYrz9mTu5LY_XNx9YT7wYKepjUAukjgoolcJ8hNQZeQRlH7R6edVXwza2VMeNtEmMKRNaEkKGuv6ANT-hEW1KVkjBdD0T3JaIQNS74QasOhLk7_04FPH_dJhOXvq3FnZM4x-U_XIIoUfdZeHRZC3JCtVZA2blMr9PdU?fife=s16383, https://mymaps.usercontent.google.com/hostedimage/m/*/3AE5a_GyLWCMOY5BgiH_Z6L3gayHshFqvPlMQJ1kkjgh2NABeCSzHBu638chabcOKZm3y8hNvk0wHvbz0rRqwpzvANKr-KCyKnOt6pIGPQNTv25B--QNNpidQFfJs8gAgRDJwYfqQbJicRQOq9JKE1Yz5A9sizJb7lzSeixSfOCRu3EEJ-Qg0QKUu_-RTaDMCwafKfA2hlEnPy3G9pug?fife=s16383, https://mymaps.usercontent.google.com/hostedimage/m/*/3AE5a_GyNedvTuDYLhyiZpYKJzoHfyL7A7ZAlSLhrrW-VQFwh8_21vdoA5LVQb3FSh5iTlr2mKcJj_7An8EKIhH0AAcfPkcCfLlS0sqVfwOdLUOOa6THlAZ4zTyWReG-AdxXquAYY4e3WwrdK_avDeaptwhTQC4StF4m-q9ekkByfc93d5FAM7U6OC71a3-dfaV5uxkKcBLgY2offIAc?fife=s16383"
MARET-APRIL 2022,"Tanah Longsor, Desa Glempang, Kec. Mandiraja",,Tanah Longsor,"Desa Glempang, Kec. Mandiraja",Dusun Pertinggi RT 02 RW 05,"-7.5066375, 109.4764143",-7.5066375,109.4764143,"Selasa, 15 Maret 2022",6:00:00,Hujan dg intensitas tinggi Pada Senin - Selasa Mengakibatkan Tebing milik Setinggi +- 70 Meter Panjang +- 30 Meter mengalami pergerakan tanah dan mengancam 3 Rumah Warga.,"3 Unit Rumah terancam atas nama :
•KK Misni 47 Th ( 3 Jiwa )
•KK Karsono ( 3 Jiwa )
•KK Sartinah ( 3 Jiwa )",nihil,"1 KK 3 Jiwa a.n KK Misni 
mengungsi di rumah keduanya Dusun Pertinggi RT 02 RW 05 Desa Glempang Kec. Mandiraja","- Assesment -Droping Logistik untuk pos pantau
- Pemantauan oleh warga dan Relawan
- Koordinasi Dengan Pihak Pemdes dan pihak terkait","- BPBD
- Destana Glempang","- Pemantauan Berkala
- Logistik untuk pos pantau",Yayan Iswandi : 082242732210 (DESTANA GLEMPANG),"- Suryono
- Langgeng Widodo
- Ismail","dipantau oleh posko pantau destana Glempang dan droping logistik - Beras 10 kg
- Mie 4 dus
- Minyak 4 ltr
- Gula 2 kg
- Daging 4 kaleng
- Sarden 4 kaleng - Logistik Permakan 3 set ( Dinsos)","https://mymaps.usercontent.google.com/hostedimage/m/*/3AE5a_Gw14620KK8DE_Ne5uTa3rg55wmvJRvUdg24PLwvYGsTKYhRZJHWfNp9UuxvveFmFE44I9s0CMOMn6K0jg1a_fkm2eU1wm0_MfPtcN8ZRbfEScQDH8amRj8vTuJRoJHLcS2oT9oBhdOErQtKeq5Lxyz-exoTFdB1aEvLWCB_CO3T5vfY6vUwWxHDdHOX3c1LJ9a83ShG78TjJmU?fife=s16383, https://mymaps.usercontent.google.com/hostedimage/m/*/3AE5a_Gytzrpx7Usb3MvEvrK6fZiYpeJl40MQHpsvyL8vqkQESuveGoHbPHB6ZXGEKnDyIOzpzi9huoUrMwEOCYm3FBAayzbGmTKuNCdDGSAZwNll30Y7m4o9yMkjAxiuiOj6YegiIFiJljlq_b6P-MA4Egp6sHBI1CxPnKw8OLPCaXSF2OldG_eGgdQzxQmMJwUIfuxShhNUL1z32zk?fife=s16383, https://mymaps.usercontent.google.com/hostedimage/m/*/3AE5a_GwovtZ0fnF92emSJik8da9gUXp9uaYtHcctw42S_mTpyW4aQxVNsT9B3ZE1FuTAC59ynZCUkQULPlzrAc578_L7gEhwkTsSs5_zdkpz0ym8GKROx1ri_v31GzGTJ4F5a57Xw8e9tu99ZTra4aKTvhAmcKra8XPqhcZClIW5JZd5YP4h38mQuh0oLU6ZtJq6xeiO8J6hFXJnUPY?fife=s16383, https://mymaps.usercontent.google.com/hostedimage/m/*/3AE5a_GxmdqbfBn_VAwp5ZIR1x6JjvHG3PAeYiCgsZLXheg584c3a5Zhx43R-fp3q6PmlgJPT6TnJnFCdY6Q6M-t2-t_P15KFnbmzf5cp2u4_ChXx4o2cV7F7zGQNSo5BKlfd-KPYa00J-GucSPUtmlfRjGWEHoRZqXL8G8zP7jIjcgKGePvQi70sJ3sT-8aPf4YNZm8rHYLYR0lv_qQ?fife=s16383, https://mymaps.usercontent.google.com/hostedimage/m/*/3AE5a_Gz-msFZmyh2WvpPs2ySD9jUsgYl8jf-WYtBfBu9pw50mjHIO6T64ekJU6t3_CX9GZFOmSawOXej2W7vXH0R8-9jwEsW_NEYcEFOooVnrZSjvy0gRwz4uYJAIZ6VVHYcJiGUjQOVBYFTsvLseEOi-Sfcw2F44bbuFov7ChtVjJncyqflJCsupu4fM4fVoeQFp6tizWGtXhdiYTI?fife=s16383"
MARET-APRIL 2022,"Tanah Longsor, Desa Kaliwungu Kec. Mandiraja",,Tanah Longsor,Desa Kaliwungu Kec. Mandiraja,"Dusun Siluwung, RT 02 RW 07","-7.498971, 109.508478",-7.498971,109.508478,"Selasa, 15 Maret 2022",2:30:00,Hujan dg intensitas tinggi Pada Senin - Selasa Mengakibatkan Tebing milik Setinggi +- 15 Meter Panjang +- 10 Meter Longsor mengenai Rumah Warga pada bagian kama,"- 1 Unit Rumah rusak ringan yang dihuni oleh 2 KK 7 Jiwa. 
- KK Basiran ( 4 Jiwa )
- KK Wawan ( 3 Jiwa )",nihil,"2 KK 7 Jiwa a.n KK Basiran dan KK Wawan

di rumah orang tua a.n Bu Sampi Dusun Siluwung RT 02 RW 07 Desa Kaliwungu Kec. Mandiraja","- Kerja bakti oleh warga
- Assesment
- Koordinasi Dengan Pihak Pemdes dan pihak terkait","- BPBD
- Pemdes Kaliwungu",- Logistik Permakan untuk kerja bakti,Basiran (Korban),"- Suryono
- Langgeng Widodo
- Ismail  - Budi Cahyono - Romadhon","- Beras 10 kg
- Mie 4 dus
- Minyak 4 ltr
- Gula 2 kg
- Daging 4 kaleng
- Sarden 4 kaleng","https://mymaps.usercontent.google.com/hostedimage/m/*/3AE5a_Gyws2a6LO5F6JnD_C-zrei9qGZj3nMZysmmmLnOz7ITuzQqzWG5OTVhLAs-uSevZwzT4dYbqmiRMgvLpynTGq6BwEQzjQUQR_pGKrtbxL7TGHwO5-DcKKGgTIVehPsvewz8QnVEmk1c4mBrCGZle37lyI17wbFtyGmN_nNlOZt9NdeYc6Jz98c3EzE4-R0PyPWFlpODrCjzCQ?fife=s16383, https://mymaps.usercontent.google.com/hostedimage/m/*/3AE5a_GwGsCpAdIyYv3AAB3gmEERdxN2TLpZYG85Le4NXqB-zYJOkH9uz8se5gr2Vq_p9WINq3PLi1jGmwZO9kgr4F6lvz_xkv-RHTGElsTeqDdTFxNo-F761oJtoFvcHGcyL5Ha7IDLp4fKb5nDoxiPSA1VbLgpBhFxyIRug8X2HYs89WEPG39sHM1OcwFwbMzVfvNFBRycbWzXwBg?fife=s16383, https://mymaps.usercontent.google.com/hostedimage/m/*/3AE5a_GxACAYy2tXvlM5xJndSYo9wJ655WDdC5JC53Lo1p4En5IJ7S20Qf5uksHvOVvqJDOIR4azztAF5Te2pXH98050cjkU4IZ7KPgdaO6MShN_zPaTymhhHrhUSBQdgdjveHlvKx8XknGi5CYlsk8u2kmXlbtS9YMkgAnEldqok3UVCrL2K4od22Ew49c2d7F9pdqumKf5eiNbv-TQ?fife=s16383"
MARET-APRIL 2022,"Tanah Longsor, Desa Gemuruh Kec.Bawang",,Tanah Longsor,Desa Gemuruh Kec.Bawang,Dusun Kaliwuluh RT 04 RW 08,"-7.402243, 109.643425",-7.402243,109.643425,"Selasa, 15 Maret 2022",3:00:00,Hujan dg intensitas tinggi Pada Senin - Selasa Mengakibatkan Tebing milik bapak Himawan RT 04 RW 08 Setinggi +- 5 Meter Panjang +- 15 Meter Longsor mengenai Rumah Warga.,1 Unit Rumah Milik Suwito sukanta mengalami rusak ringan.,nihil,nihil,"""- Kerja bakti oleh warga
- Assesment
-Koordinasi Dengan Pihak Pemdes""
- Droping Logistik","- BPBD
- Pemdes Gemuruh",- Logistik Permakan untuk kerja bakti,WITRIYADI : 085228456662 (Kadus Kaliwuluh),"- Suryono
- Langgeng Widodo
- Ismail
- Yusmiko N A
- Fahri S","Logistik Permakanan 2 Paket antara lain :
- Beras 10 kg
- Mie 4 dus
- Minyak 4 ltr
- Gula 2 kg
- Daging 4 kaleng
- Sarden 4 kaleng

▪Logistik diberikan untuk 1 Penerima (KK) korban bencana Tanah Longsor yaitu :
1. Suwito Sukanta
Dan untuk kerja bakti warga setempat","https://mymaps.usercontent.google.com/hostedimage/m/*/3AE5a_GxgMWOF5j-Z4T5OHngyQ-JtSqHkZ6Mo92aXS-4_0M1sQBfN8eqw_31-MxENjArXnA4sYZ1U3IoGHJf4TMT_7uNwFVWokAt_mYSsrIbV9MEzEd8SpIrgNZokucoGsdoKVsT5_zuB7RC9jBHxZfPsPh6-9C3zM9TnRw0xD71_70--jIoTJpi5eA2KMikL4Fmoy_zZG7ZzJAis6g?fife=s16383, https://mymaps.usercontent.google.com/hostedimage/m/*/3AE5a_GxogpTUJrDiPAhbsMWnJCzsbw7JGy0rUJ65VIbhMD5eCeXcRvl5jr9K7LevoaALJkrDaJn9q2TdYkY7nPwmCZ8lDp0rs3uYUDUvX0v29ZZCDNqnuEhAWxXYOkuBtREpOAw79nxohbhaAIACggbFsrV8q25KK7TrfLrDOKmdZ_JhLfDHxeCh4neVdzZM7xsJMd_nGHPYTtF2Ow?fife=s16383, https://mymaps.usercontent.google.com/hostedimage/m/*/3AE5a_Gyr4ywy_ld34BfclBw0OXk3VtVn55BHh8mltX0lAUETE7BkDlFS1FqvVf8XNBY-DZ_eZhkQPPsoG4LygWlCDGxo0Qy28TehyVdcQY86MehqVsF13eM4zcFG7iVxvFaSs8r-HFb87TJX5DxtQWpM1TCUJO_c2CccypdqKGuaziZ-m8caQTy6F-cpEWmo0jkVzCqfqISkZ0kKO6c?fife=s16383"
MARET-APRIL 2022,"Tanah Longsor, Desa Gumelem Kulon Kec. Susukan",,Tanah Longsor,Desa Gumelem Kulon Kec. Susukan,Dusun Dodog RT 03 RW 09,"-7.531555, 109.423029",-7.531555,109.423029,"Selasa, 15 Maret 2022",4:30:00,Hujan dg intensitas tinggi Pada Senin - Selasa di wilayah kab. Banjarnegara Mengakibatkan Tebing Setinggi +- 35 Meter Panjang +- 150 Meter mengalami pergerakan tanah dan mengancam 1 Rumah Warga,"- 1 Unit Rumah terancam atas nama :
•KK Warso Sugito 45 Th ( 7 Jiwa )",nihil,nihil,"- Assesment
- Pemantauan oleh warga dan perangkat desa - Droping Logistik","- BPBD
- Pemdes Gumelem Kulon","- Pemantauan Berkala
- Terpal untuk menutup rekahan
- Karung",Sakum : 082236290713 (Perangkat Desa),"- Suryono
- Langgeng Widodo
- Ismail - Budi Cahyono - Romadhon","- Beras 10 kg
- Mie 4 dus
- Minyak 4 ltr
- Gula 2 kg
- Daging 4 kaleng
- Sarden 4 kaleng","https://mymaps.usercontent.google.com/hostedimage/m/*/3AE5a_Gy8O7WFMN7QIgM8mwloVXew0qs4vTFwAh9vbcFp7EfnU-S_iv6f0LLVOsWeID467r_z1j65UzLWnCDecbWAa8sQI6t8qWLzpNFUxA4pVlvRR7X0c8spIWOK_nvJ4TXbCqpyq2jfr6S4sac0IVG3dfXkirzEH8dbkcBJneBFDBbVVbBlGxGQjg7RBUxlHaRYbepbMnbpwQihHfw?fife=s16383, https://mymaps.usercontent.google.com/hostedimage/m/*/3AE5a_Gxm3Yw4JJELys4TaFimEV_aSjLVvSmAsGzK7OYndkbIltUPa80KTQOwcTEs7Bjbp_8Xcikes9nNPmQhGhJsPXn20kyK4SG4AWeQHDGWLFvrSCbIXwdbwW9yPALBbmKKisLntVnFheaaBlvjUeGSED0i-OPt6lCkwqxawIaOmlFXw5kCSmWIuwU5MNsM29qPxKbn83-_Ey539D8?fife=s16383, https://mymaps.usercontent.google.com/hostedimage/m/*/3AE5a_GzQ6qRsLWzZ4CiliBh9aqOxg7rwVB5TBhKU2OAPFJs0v12EdYuqraxn4YM5ad8ngi9e1SbPn9ZXKTi67bEd4FvjErRd6DIR2bFk6YhO_kk_PVEff4drJ1EEiA0bJHlnQoEaMQVGfWOZD1qLOqZZAgqWpq6WnBwmvtkfuOwUOYiq3B2ilfSsjAaybcloifUoRekMN6U3WtAsAA?fife=s16383, https://mymaps.usercontent.google.com/hostedimage/m/*/3AE5a_GykdOnFMiQ-88ftkqUZajQsyUDLrH4YzZ9dakOHVS6O8Ck2iEbTPzrHfkLPWFVsDA2Vw73DlY2Ig6BXxQR18PsBNuSrv_cFTdUX5Zy2AByAn7Le-sTYR0zXV1XG2eqfIZXZUH6PKQvZxgDs_7grIK4hL_XzhBYh8jaeAz2uZOAPBPBneqw2LkpJc_Ih91tuX-16jHcoa7-QRBY?fife=s16383"
MARET-APRIL 2022,"Tanah Longsor, Desa Duren Kec.Pagedongan",,Tanah Longsor,Desa Duren Kec.Pagedongan,Dusun banaran 01/03,"-7.48964, 109.668271",-7.48964,109.668271,"Selasa, 15 Maret 2022",1:00:00,Hujan dengan intensitas tinggi mengakibatkan Tanah Longsor  dengan kedalaman -+ 20 meter dan lebar -+ 20 meter,"- 1 Rumah Rusak Ringan
- 3 Rumah Terancam
Ket : 
-Slamet Arifin(4 Jiwa)
-Ngationo(4 Jiwa) Ket.(Pak Slamet&Pak ngationo 1 rumah 2 kk)
-Kiman Toharudin(3 Jiwa)
-Kamar mandi milik bpk sugeng pamuji(3 jiwa) Jebol terkena material longsoran",nihil,nihil,"- Cek Lokasi 
-Koordinasi Dengan Pihak Pemdes untuk membuat surat permohonan.
-Kerja bhakti oleh warga masyarakat
-Menghimbau kepada warga masyarakat agar selalu waspada bilamana terjadi hujan dengan intensitas lebih dari 1 jam.","- BPBD
- Pemdes Duren","- Droping logistik permakanan untuk kerja bhakti 
-Droping Logistik permakanan untuk korban
-Droping 2 buah terpal
-Droping 4 lembar triplek","Rasmanto
(Lurah Duren)
+62 823-2878-4960","- Daryoto
- Widia Dwi Kurniawan       - - Marsongko 
- Daryoto","1.triplek 5 lembar
2.kaso 6 batang
3.terpal 2 
4.paket logistik permakanan
5.mie intan 2 dus 
6.beras 10kg","https://mymaps.usercontent.google.com/hostedimage/m/*/3AE5a_GxV8sFbS2v5dwv7CgkMTbPUi39xeTbzh1TWcYAyZE1Sg880sNCwu7ALYhXqPv0wN6yWwkg4tLzW7-PexBpSniLxfcvs8tJv_C_4O61RK1Eoa3N8Oi470AaeFulh_ZhJcmuTI-Lgafd0Gr5bC6T7UOl89Ei3wNw6tEjT0dfEZdrXx98HqUJ7d7SUNiKPRNTwpNXIZwCnLhBwTvU?fife=s16383, https://mymaps.usercontent.google.com/hostedimage/m/*/3AE5a_GyEJelxCrnvW1ppfSfo9sKQLVJjsvBD_moGnwbDL1Z8QptvPj1UXeOPWhDBL0wbtLk6kV_Wy3ODDmKLGQsmWaHVJ52zNYQ83in3zVr7xCvA4Yo6KnYMiuEfVDeKh5Y0dbUVhLexcJVbbTne5nggtRV0o2zz-2OEhtSsdGzACljzsVHBLsmhyH2qnCIBevkt3IzfVSRhdc5j-BY?fife=s16383, https://mymaps.usercontent.google.com/hostedimage/m/*/3AE5a_GyP-D029ToXcuG2dRh6IgvB1AN8V9axqhHx4AhbO8WNERwz8eQk1Vxo5IIFu8HF1Lr8JTKO4iLZSQ8uIN_oMoL2Drq2Z1mDb9OlT8KOwdOUaf_jc8QjAeoOVWY6evtktWSAQXvrS207c7I-5NhWQVBIVqZHy4YFkBpB9cOwM96ckKsGYJUqm0moPWQtmo4AhT0pvFImPdXW36o?fife=s16383, https://mymaps.usercontent.google.com/hostedimage/m/*/3AE5a_Gy8uFzirb68UJyMVCfjjPLUn4s3RqCOBPGhC7FgerJJ9lM4Mpu5LrjeEp4FtvpCzg6QPiXTXCG6vIE7I57KLa1W4tbpn-qHukDqQpesRYi7BVvx-7bmGGDOpDasjcPfzapQYH85EIeGYtfy14-ML-8nh1XA6LQSesA1NIpU41IWQ5nA8jexYhPS1UpqzbFSw4RlNt8Xv6Tzpmo?fife=s16383, https://mymaps.usercontent.google.com/hostedimage/m/*/3AE5a_GwXI7srWo3hsROcr_BQegNI01SZfCKbkwxtL1vVTehRW4Y_TC7NLlfYs6mwOew6kscZcUEmEnanlZi9dEexPSgMI-vZEBr-lt5afKwdoMssAJSVN6QQzJm5Hkw2r6StOBF1ZVsRuRzBrRVNaNGBLgJMFJY8NFH1edtVFymE-M2R7biAQJj1JWJ0K-aYC1NY0rYNqpuiTaCWRA?fife=s16383"
MARET-APRIL 2022,"Tanah Longsor, Desa Petir Kec.Purwanegara",,Tanah Longsor,Desa Petir Kec.Purwanegara,Dusun Krinjing 04/05,"-7.506447, 109.577911",-7.506447,109.577911,"Selasa, 15 Maret 2022",5:00:00,"Hujan dengan intensitas tinggi pada hari senin 14 Maret 2022 Sampai hari selasa 15 Maret 2022,terjadi tanah longsor dibeberapa titik diwilayah Desa Petir Kec Purwanegara.","- 1 Unit Rumah milik Bpk.Kaswanto (73 thn/4Jiwa) Rt 04/Rw 05 mengalami rusak pada bagian atap Dan dinding jebol bagian dapur kebutuhanLogistik Permakanan Untuk Kerja bhakti & Logistik non permakanan 

-1 Unit Rumah Milik Bpk.Amad Sukarso(50 thn/4 jiwa)
Mengalami rusak sedang pada bagian Dinding kamar jebol.Kebutuhan Logistik permakanan Untuk Kerja Bhakti Dan teriplek

- 1 Kandang ternak milik Bpk.Supriyadi Rt 04 / Rw 05 rusak pada dinding bagian belakang",nihil,nihil,"- Cek Lokasi _Droping Logistik 
- Koordinasi Dengan Pihak Pemdes Petir
- Menghimbau warga untuk selalu waspada 
- Kerja bakti pembersihan material longsor","- BPBD
- Pemdes Petir","- Droping logistik permakanan untuk kerja bhakti 
-Droping logistik non permakanan 
- Kaso
- seng
- triplek",Wasman ( Destana Petir ),"- Romadon
- Supono - Budi Cahyono","▪Logistik Permakanan 
- Beras 10 kg
- Mie 4 dus
- Minyak 4 ltr
- Gula 2 kg
- Daging 4 kaleng
- Sarden 4 kaleng
Non Pemakanan
- Seng 5
- Kaso 12
- Triplek 10","https://mymaps.usercontent.google.com/hostedimage/m/*/3AE5a_Gw3SmgHgFjm_H_omfPnAUsVfA2btCgbovrJAAg4HSEDCj-LPYp0q472ogyqpktamv4jutjPJ-GE6Nebo2GDkYlpQWjHtJGF06h9mAvGWF2963WmS1-6S1IV7XgIALYUNmemPm-8gFCSXeYeLo73RPWw0JQdNQssuQrTgZaMZ_P-DtjEQqM8TyydLEZkjgZHzXAFL3CqO7aogQ?fife=s16383, https://mymaps.usercontent.google.com/hostedimage/m/*/3AE5a_Gw1TKd73QU1MVjtuwISEikgmVffjZp_Eu2DOMxFVGvEo6wurQOhcMEr32BN5HmjwK6_8QjDiRSwkvqL4o6EyJv1UhTopfLJuZ4QUshRCzRedAZQdGt2d2KleKc9XfbFmX2pe7XI5MvGvDuq80dcJtFcD_CerFx_A72Rgc4P3a0cg-vW8I7ANjjyE3uDuMLLvRkUB3Lsg_5YyYI?fife=s16383, https://mymaps.usercontent.google.com/hostedimage/m/*/3AE5a_GxWRTHvxKpROo3i842yLawGY969oa-2FbN8bAObDlCvkTPpwRc-4wP7dvIe8HJRPCQXYQbP2pk3XUJrSVvVrAVbFCDaoopldTk9PIYl-5vsHKKZnJPqCDOk2aTcqoRVMM0Uqa9IsdctzsBG1i6I2plmho4OK6olUX1avJeUwyr-jphEHw52J7gKYsX7be622ZXCaoSG0UISxw?fife=s16383, https://mymaps.usercontent.google.com/hostedimage/m/*/3AE5a_GxcfgCHxVH-7xQpQr7Tlaqjty6nPVIPW6Yj_KQTwCeQkKIwYcX1pf3UazlsknqyOsLMiCK7F-ao_hJGmOtUt38QC00X-LbUNxFmoCBNfg1ZywKluuWKtEQl7UdhYuWlXR4JqUOdKAuw6RWQJAIKvZZJu8VYyytNAZF1GJLhbJXVDMMm1xlCvOIL36NLXHC_oGTD1DSlExwzHQ?fife=s16383, https://mymaps.usercontent.google.com/hostedimage/m/*/3AE5a_GyYwuyElSU39oPPgicr9kM6JvWo6T7COIXB4akmhnI4owKu5wBwYSzUUYCEGOULHUedYrWH8xa3FBXMThZlloBKGPN-pLs9Pncq9WHvcIx7BTb2Va3O-UMoTMP9ajhnCvDMH1G7BvVMk9Fhe35zVw4lbIRe4dC2pDs7y-DvVgc5Bt1BbHrfDKDL3Oz39rodb-enRwM8F5xmaUg?fife=s16383"
MARET-APRIL 2022,"Tanah Longsor, Desa Kebutuhjurang Kec. Pagedongan",,Tanah Longsor,Desa Kebutuhjurang Kec. Pagedongan,Dusun sirongge 01/12,"-7.491834, 109.674119",-7.491834,109.674119,"Selasa, 15 Maret 2022",1:00:00,"Hujan dengan intensitas tinggi mengakibatkan Tanah Amblas dengan kedalaman -+ 7 meter dan lebar -+ 10 meter
Dan mengancam 3 rumah yang berada di atas dan dibawah jalan tersebut.","-misdam (4 Jiwa)
-waryanto(4 Jiwa) Ket.(Pak misdam &Pak waryanto 1 rumah 2 kk)rumah bagian belakang amblas dan mengancam rumah yang berada dibawahnya.(Logistik permakanan)",nihil,nihil,"Cek Lokasi 
-Koordinasi Dengan Pihak Pemdes untuk membuat surat permohonan.
-Menghimbau kepada warga masyarakat agar selalu waspada bilamana terjadi hujan dengan intensitas lebih dari 1 jam.","- BPBD
- Pemdes Kebutuhjurang","- Droping logistik non permakanan
1.Triplek 5 lembar
2.Kaso 10 buah
3.Terpal 1 buah
-Logistik permakanan untuk kerja bakti
-Logistik permakanan untuk korban
- Menghimbau jika hujan lebat lebih baik mengungsi ke tempat yang lebih aman.",Jarwo Kades Kebutuhjurang,"- Daryoto
- Widia Dwi Kurniawan","1.1 paket logistik permakanan
2.mie intan 2 dus
3.beras 10 kg
4.triplek 5 lembar
5.kaso 6 batang
6.terpal 3 lembar
7.untuk 5 korban terdampak dan terancam tanah longsor","https://mymaps.usercontent.google.com/hostedimage/m/*/3AE5a_GzCd6AE_c9Z__dE_jSVH0GofHN8JWz2BYDmvfwbycZ-QqLaftjKxvmQmPJ-ZlOZD9pOOXvpsyue1DBTMK7mJ_kaWCI7LJxs7vTP7RZvRpSiuLrJV76YpgUlnvQnz0w5ITSEhZFhMCF0_QYV3JNAgC25xA3XGUkldMvzMUxwYCdTwB_a-DRf1E7nzmu8D8T2wFvnMhdoqkDwpQ?fife=s16383, https://mymaps.usercontent.google.com/hostedimage/m/*/3AE5a_GzaOpkgKcdBDagdowrk5zq5PVo_IDE434n841mDsPlBB7vouZVeg35m-p9ITarAV15IGq63Hpy7n_RlWApgQ_5dN4GrRCgFLs0MttGKKmg9nMZIRgNqnVhnUsZqRtDEX388Bp38obc7qLJYm5OhZUXhWyBdD0eEPEos13Z_bWuZuzeAgKXI31ZUWuwm2pxO-dx3B09lyO7txHA?fife=s16383, https://mymaps.usercontent.google.com/hostedimage/m/*/3AE5a_GwA8yStfy9_DRodS67OM2SrmOok9RoO_P-UqG-usvF85Ixx_yaO3HU79chYq_YGttGFPkfSWCZBErt8PUQoNQxHNly7Cns50vrt6GDK4F7KWg9nUCSCW_BzYSV8JW6MaXimI04R--n7NtAyhBKiehJmBDr_l8Kv7xDpHdYaxalZNdHXkItm83kxMVgEiktP-hiEm6zX4oTaKQM?fife=s16383, https://mymaps.usercontent.google.com/hostedimage/m/*/3AE5a_GyCyFowo9IWX3Oh4abSSYJaUePvl8Pvoj6WTQwAOeC-wFA3aFNDFNhY1M51ERelIwz5U1v83BATAL38VeYtDphVd0ecr9cAQzvClxZirN_YJqfempC1txQs0wXKP66321nMqgAvxUFTWqmcuM4TdtPGTH2UaoxthVQLSTGLLsdLw7uypmQdsp9ZjzK2ovTZkm5V87LUqmopTrE?fife=s16383, https://mymaps.usercontent.google.com/hostedimage/m/*/3AE5a_GzpFCqmbrsAoeB_T-6N-OJP836FLpeEaVP1zt_PRy3sF2Wm6WjvZIz0qWADU6KqPjCZtmdi0elCfYqY_c2V4loHMHnby_dWnPCqlnZgZ44F38ejyseabSVEJ1-Ng4iyGBx-GXz-PF0zuN8u2ikfbaDSHIqfZgnRIzAm0aG7eV6YicV59sBOdk69-8Tj2eEPouDnrv7zyUi-nQ?fife=s16383"
MARET-APRIL 2022,"Tanah Longsor, Desa Kebutuhjurang Kec. Pagedongan",,Tanah Longsor,Desa Kebutuhjurang Kec. Pagedongan,Dusun blembeng 03/12,"-7.492635, 109.665085",-7.492635,109.665085,"Selasa, 15 Maret 2022",1:00:00,Hujan dengan intensitas tinggi mengakibatkan tebing longsor dengan diameter -+4 meter dan material longsor dipekarangan rumah.,"1 rumah terancam 
-Badrudin Badri(4 Jiwa)Tebing samping rumah longsor di depan rumah tidak ada kerusakan bagian bangunan",nihil,nihil,"Cek Lokasi 
-Koordinasi Dengan Pihak Pemdes untuk membuat surat permohonan.
-Menghimbau kepada warga masyarakat agar selalu waspada bilamana terjadi hujan dengan intensitas lebih dari 1 jam.","- BPBD
- Pemdes Kebutuhjurang","-Kebutuhan mendesak logistik permakanan untuk kerja bhakti
--Tetap waspada saat hujan lebih dari 1 jam",Jarwo Kades Kebutuhjurang,"- Daryoto
- Widia Dwi Kurniawan        - Marsongko","1.1 paket logistik permakanan
2.mie intan 2 dus
3.beras 10 kg
4.triplek 5 lembar
5.kaso 6 batang
6.terpal 3 lembar","https://mymaps.usercontent.google.com/hostedimage/m/*/3AE5a_GxFWdp0Fl-60UI6wN7c-TSTh9CJQaRR8htd3RkdGJvZfA8dTq0dZWv6tFkoaLvJs0KL4C9rMKr9wDEmF_H62S-rrnW0t8z77dAnuB_A83Qw6wh9tYlCJ1FX5RDuF73klL0A7O271hNetp94S8PTdEIwacLoiteP5oXtQ8lkkBiKQZGFSvR18EE0YZSwGeo0veeQtKHdpSn2dJ0?fife=s16383, https://mymaps.usercontent.google.com/hostedimage/m/*/3AE5a_Gwg987QuP1IkxKjC1HFzzDYlxOY3hIlPdgj1rER4aIJvJ-gDRPCIm-Eew5FfqRzu7Fz8slWE0HoIuNHrOXbDFLc_pbWiySpTvBXb9ALqdeGtf9nvqlqBUCj-YTVZmHwp5DtddYG6njOJWnmDaBa5GyhbTHlKjgfQ2wBpZtnv7VHAxb9A46gp6ap-d4ISP8_9UI8i7Da-t5TwWI?fife=s16383, https://mymaps.usercontent.google.com/hostedimage/m/*/3AE5a_Gwd353li_gfTLRe3KSgRkYDdUVq5qXeyXDPGGrmjUlBd5uAQNJRnqxMsi1idTEenhxed2LSvwaOLwJy-wENM5xg1HdygKw6aDwsmvvtYWTs2Vdo41wK-jXGKyaGjwJrpjeSqNdplKBlOGuoGkweQQjIYB5WCPm0V1UbbV0oiQdqPmNg8x1tyQ8L75Uv6xkWHYQRQjBWqec6Kg?fife=s16383"
MARET-APRIL 2022,"Tanah Longsor, Desa Kebutuhjurang Kec. Pagedongan",,Tanah Longsor,Desa Kebutuhjurang Kec. Pagedongan,Dusun parakan subah 04/05,"-7.48427, 109.695029",-7.48427,109.695029,"Selasa, 15 Maret 2022",2:00:00,"Hujan dengan intensitas tinggi mengakibatkan Tanah Longsor  dengan kedalaman -+ 70 meter dan lebar -+ 10 meter
dan mengakibatkan rumah bagian dapur ambruk","1 rumah rusak sedang
-Raswandi (4 Jiwa)Dapur milik korban ambruk dan amblas sehingga dapur dibongkar",nihil,nihil,"Cek Lokasi 
-Koordinasi Dengan Pihak Pemdes untuk membuat surat permohonan.
-Menghimbau kepada warga masyarakat agar selalu waspada bilamana terjadi hujan dengan intensitas lebih dari 1 jam.","- BPBD
- Pemdes Kebutuhjurang","-Droping logistik pengganti kerja bhakti
-Droping logistik korban
-Dibutuhkan 2 terpal untuk menutup guguran.",Jarwo Kades Kebutuhjurang,"- Daryoto
- Widia Dwi Kurniawan      - Marsongko","1.1 paket logistik permakanan
2.mie intan 2 dus
3.beras 10 kg
4.triplek 5 lembar
5.kaso 6 batang
6.terpal 3 lembar","https://mymaps.usercontent.google.com/hostedimage/m/*/3AE5a_GxnVFJcZIIuHL7V0cFBH8M3cBz-_rx1pDg_wLuTkYhFVVWyHYaa45SonVmv6pkaxde1zDkd7pObvV7OM_NrlpsKJMMFpPXRBbyrFhU4kG63Oem6i3jfzheNb90Xj1wbRW-ZubizmF816ZilKztrDJlprhXBoRHjp_FLM4TOwlnKA5Jfuc-l83-2wYZh36r_euQ0U91zaLgnEkc?fife=s16383, https://mymaps.usercontent.google.com/hostedimage/m/*/3AE5a_GzKpcbVzXEszCK9AWLM-AK3MRKsOiivUjnc6oEkjY9BnN70SIpUGskp4Hjdcg4okM2a1x0TaNPxgl7YeumYCYZdcpqODQrMBL3IyCJqpsOklfg8ao743p2yMyPE0zMWp9XqmG8ByGorEDerOzLSz8_IN8zLbr_hBV_gFr9O7Wupdfv4IXHFnzOnS_grt8b8w29v6mdjMbvsWFc?fife=s16383, https://mymaps.usercontent.google.com/hostedimage/m/*/3AE5a_GwYSvyi3cwKP-Gcf-JTHPLYIhlh9Oej1Mus9-uPMyvVnwZ9EH97uvKCkJ7DHJZ8pqEg-J1BflEXbJrK2erbEm-u1XvQvq8_EVUAwC9ignP_FfTsk4nQXRKToqK_w6XQXlAivn3zjxgYAZBo803gdD2ofgx-KxvkGMRPU6uyPuQUjnSVVYFIC_pWH5rtZc-pUkfigkXhnGslig?fife=s16383"
MARET-APRIL 2022,"Tanah Longsor, Desa Kebutuhduwur Kec. Pagedongan",,Tanah Longsor,Desa Kebutuhduwur Kec. Pagedongan,Dusun Blimbing 03/04,"-7.491834, 109.674119",-7.491834,109.674119,"Selasa, 15 Maret 2022",2:00:00,"Hujan dengan intensitas tinggi mengakibatkan Tanah Longsor  dengan kedalaman -+ 15 meter dan lebar -+ 5 meter
dan mengakibatkan rumah bagian ruang tamu ambruk","""1 rumah rusak sedang
Sirom Sugi Pratikno(4 Jiwa)Rumah bagian ruang tamu dan ruang keluarga dengan diameter 6x9 Ambruk sehingga di kategorikan rusak sedang""

2 rumah terancam
""Jasrudin(5 jiwa)*Letak dapur berada di atas bibir longsoran-+ 40cm
Sukisno(3Jiwa) Letak dapur berada di atas bibir longsoran-+ 1,5 Meter""",nihil,nihil,"- Cek Lokasi 
-Koordinasi Dengan Pihak Pemdes untuk membuat surat permohonan.
-Menghimbau kepada warga masyarakat agar selalu waspada bilamana terjadi hujan dengan intensitas lebih dari 1 jam.","- BPBD
- Pemdes Kebutuhduwur","-Droping logistik pengganti kerja bhakti
-Dibutuhkan 2 terpal untuk menutup guguran",Masrur (Koramil Paegdongan),"- Daryoto
- Widia Dwi Kurniawan        - Marsongko","- kaso 6 batang 
- seng 5 lembar
- 1 paket permakanan
- 10 kg beras
- 2 dus mie intan","https://mymaps.usercontent.google.com/hostedimage/m/*/3AE5a_GwJk7cFnqdzk48zgsVxANYja8MpXRcxRN4XcA1uVcvIQAylL7RoouGzGx6Hq30ylTy-8BO0sFvZwkRHFp9te0-d0nKOXRi-oY1p98pSpa2IEwkUerAZ_mPnXSlbezIHefOVJ2XsW-PuqgnPUSXHxO-2mIHVqy8OEZX3W3g8TYWGmqUz0JFbPyTqfCqXAVIODVgB2aHGVsXlShE?fife=s16383, https://mymaps.usercontent.google.com/hostedimage/m/*/3AE5a_Gz9beTvT392pQFzrrLgh6MzCunrPEc4enyP45J4z1qK9ofpU5ZTKQVxf4auQE5ytsCgHb_FS2TJ_HUNI0E_3a3ywgYFzMloL9fMJLrjuH6Kaao498PaTVG60dtSR3MJuMWjx0jLQ2UFrGY2WrBplPz70DeIxLsmOFJ2dUdNK9d4LlYOJfeJsY31HGRnYAA85_KgWlpt-rIgkI8?fife=s16383, https://mymaps.usercontent.google.com/hostedimage/m/*/3AE5a_Gywb0j-I3JWlLnI8GyQtXk3K8eyxkYAAP85paVtRgjzF9-ajHyY30f7lxb9bDDUAAb3SCTqQZkI2LqwLStLJ7r_PC91bs6K6ykIWcbvXgLNmD-VqLVFDyD76zJXsdCR0gLjOxq4Jw4CTp8FnonmgnnGDe7hlRQ8iAMpwmJj5pH-ldEVdxFpL-Dd8Q0IFDeQ8S0EQCOdQDAHLKM?fife=s16383, https://mymaps.usercontent.google.com/hostedimage/m/*/3AE5a_GwCBH8j4u90RNlU7oV9IZy5G2UdyKEM8Gs6L4oTJEynVZE_huB1QYG4laP0PMghbxHcuvKUWIpOn1taORwyKUIld0UVA64eY6ipk5O6R6GS_ypQ6Ji8q0ZYHiJrANZ-08Fq-_XzYynG8aARv1yB9e50sZiZb3HPvhKZQjeSl2tUJmY4eWcYr3-p8GpdhfGxVcvHMRVs5hS3sw?fife=s16383"
MARET-APRIL 2022,"Tanah Longsor, Desa Kebutuhduwur Kec. Pagedongan",,Tanah Longsor,Desa Kebutuhduwur Kec. Pagedongan,Dusun Gowok 06/05,"-7.4533294, 109.6903824",-7.4533294,109.6903824,"Selasa, 15 Maret 2022",2:00:00,Hujan dengan intensitas tinggi mengakibatkan Tanah longsor dengan ketinggian -+17 Meter dan lebar -+6 meter,"2 Rumah terancam
""Wiryono(5 Jiwa) letak Pondasi rumah berada diatas bibir longsor -+1,5Meter
Bujono(3 Jiwa)Letak Pondasi rumah sudah dibibir longsoran""",nihil,nihil,"- Cek Lokasi 
-Koordinasi Dengan Pihak Pemdes untuk membuat surat permohonan.
-Menghimbau kepada warga masyarakat agar selalu waspada bilamana terjadi hujan dengan intensitas lebih dari 1 jam.","- BPBD
- Pemdes Kebutuhduwur","-Droping logistik pengganti kerja bhakti
-Dibutuhkan 2 terpal untuk menutup guguran",Masrur (Koramil Paegdongan),"- Daryoto
- Widia Dwi Kurniawan","- beras 20 kg
- mie instan 4 dus
- 2 paket permak","https://mymaps.usercontent.google.com/hostedimage/m/*/3AE5a_GxXfd4iEF_SODqWug3PuOrYQqfTGhhhLo2cXcTtx5DZ_ez4VslcRelW4ZoEnosMiNLxXmemHWgHsKv1dT6rr0kJbxx0G2-LwQfubFusUB2Au3XOkWfGhPC2VcNFxjRKozoJGDmwNeHJY9fd5C9qczWV7mqYHI43jdnlUbb2hPVAyp3XFTQxVu8VsV3A2h5-esX5pQTo5tuFNw?fife=s16383, https://mymaps.usercontent.google.com/hostedimage/m/*/3AE5a_GyUCXZisAiUm6S4HzJqIqyB8GlEmiBZ1kc0wPaC-rRwO1qAHYraRx9XWkGGdEk1FSv2gzCqc6YzTIURUdUzlZu7_QbrX42ybqPykFfeJbJyyZHV9uLTy4I_39knMiBiMuYNoUn_1jnoHbEs-dKYIxr1RN0v89aJHShlgKOZnQmfH37DVMJdipSX3ktcRPXBoE6Et9Cgb2pD-g?fife=s16383, https://mymaps.usercontent.google.com/hostedimage/m/*/3AE5a_GyceGzqKjWqMEuLSJvekVHuVlfUw7BY1Kpr8MrLG-AqSAFKQh3c_JH0V3K955upRYbIU09rLZqoGFoK-K7coFDjvPYH7d78QSG2PGmkOWJXPn6iRrBIzhz_rCIcyX83FyRRcqRew_XH0Mx8Q0KDoJpUtmB_JLSs_EC8tw60dLAoQRTK-ypDokXmk0O5IJz_ow7tPrZsk9-ifg?fife=s16383"
MARET-APRIL 2022,"Tanah Longsor, Desa Pakelen Kec Madukara",,Tanah Longsor,Desa Pakelen Kec Madukara,Dusun Gondang RT 001/01,"-7.345304, 109.736045",-7.345304,109.736045,"Selasa, 15 Maret 2022",16:47:00,Hujan dg intensitas tinggi Pada hari Selasa di wilayah kab. Banjarnegara Mengakibatkan talud Setinggi +- 10 Meter Panjang +- 15 Meter mengalami Longsor.,1 Rumah terancam atas nama Alim Saefudin Dusun Gondang RT 01 RW 01 Desa Pakelen Kec. Madukara,nihil,nihil,"- Pemdes melaporkan kejadian ke Dinas terkait
- Cek Lokasi
- Penutupan sementara retakan tanah                       - Distribusi logistik","- BPBD
- Pemdes Pakelen","- Melaporkan kejadian dan Koordinasi dengan pihak terkait
- Kerja bhakti pembersihan material longsor
- Distribusi logistik berupa terpal, karung & Logistik permakanan.","""Bpk.Budi Santosa
( kaur umum desa pakelen)
+62 852-2667-5576""
Narsan : 082221193321 ( Kadus 1 Pakelen )","- Suryono
- Ismail                                   - Budi Cahyono 
- Agus Susilo","1.paket logistik permakanan
2.mie intan 2 dus 
3.beras 10kg
4.Terpal 1 bh
5.Karung 50 bh","https://mymaps.usercontent.google.com/hostedimage/m/*/3AE5a_GydEoACM_pDin31gHv12kImF_LqDldFg2vhhBOL_cGeGkNuvxbRo_aKOut0_NjNIwOtr9GT53R17K8d6UYQuruO3tE6ULKVilvtgY6t5ION_2wioSPM4Y8f7fI3S5DHrbMUfnArR0UPJV1L_8bd48eEAn1JOB5IZz-RMX_nol7CjlAU2E_y5pKh2s-_p2fAfxdrf62Hk-d5SEc?fife=s16383, https://mymaps.usercontent.google.com/hostedimage/m/*/3AE5a_GzFTnue93XbiLqZPUgvESx4shX_SOaay06Md5k0xh_2__45hnk2OSRuh4CICdJc_wrd9feHLyyfuvkwonS0BaYdxhbBqrypUwEuaE9TJCN96o7paIZwLEnO7YNBbE7qBe5XLPJW6YSPpWrvU0J4J4Rovg2HpmurgrUuihNTy5zbAMPZ0FmeM6XklhdROR8HXf-Kvtb4sUtHCAU?fife=s16383, https://mymaps.usercontent.google.com/hostedimage/m/*/3AE5a_GyrZAwkWMgX1hwzbRCDk0gZ45N_fudjG2kf2gsjrDEP0XcuuLKA9KALP8po5B-uGSl_NRuxNLbIODxWJiRS_3XH4R7eBfAqeyQGyPyN_YiYI9hwW1TgP30n3Yy_NEmg2_oux6DfqM5U9Xn19RoxwUfSTSGmy_eT6Elny_cR6xbyCxvD073heSqoFmZV4RtIkQ7Is7R5ckIoHGM?fife=s16383, https://mymaps.usercontent.google.com/hostedimage/m/*/3AE5a_GwghIf3Hj03A28vi6N7rMij0g121t0di_ZdnKHF8D2xOp08scNkq3GsDAZOW_Kju1eshMxX21M9_fOeziPQdHR7OOzgK_z3ditO0o-xavYa-QE1-ZFLrxgWbGYwkRI1cAdk6oXKtQOokF8OFV9WJAGudg3k0Q1Q6vnig_VyqxPG2faQ9KtRUFOaLuF5m7qjboz01xK_crAmxg?fife=s16383"
MARET-APRIL 2022,"Tanah Longsor, Desa Pasuruhan Kec karangkobar",,Tanah Longsor,Desa Pasuruhan Kec karangkobar,Rt 04 Rw 01,"-7.267718, 109.683871",-7.267718,109.683871,"Selasa, 15 Maret 2022",5:30:00,Pada hari Senin malam hingga selasa pagi tanggal 15 Maret 2022 terjadi hujan deras sehingga mengakibatkan tebing jalan menuju desa pasuruhan setinggi 6m longsor dengan ketebalan 1m lebar 7m,1 Infrastruktur Jalan terancam,nihil,nihil,Memberi tanda dengan bambu di tempat kejadian,"Pemdes desa pasuruhan
Pastana pasuruhan",- info awal,,,,"https://mymaps.usercontent.google.com/hostedimage/m/*/3AE5a_GzXBs8wrmoIvSqZVLnh7ppJ6vIiKjS_DH6jUicn_l5ABq4ZrUY3_WuwC5BWVXYnG6b0-_LPus-TR7BatNHZO6TLY3fuhwuB9H_tnrdmyfL9YaX9bmebRKsjZBcZlWOtok7Ny2sSXRYasPr387o1_pvNR7nMXlZXZzTj7i94mlXbhBgQfN_Uq95p6M2JHD1rr_2YDcLxCWIAkg?fife=s16383, https://mymaps.usercontent.google.com/hostedimage/m/*/3AE5a_GwvSl6zmA4Zv4CNc7c5dPi-mx2sy0qFvvb6-9jMC4K1TbFpSJLujH9PcdNhqaeqVa1vFs9vaQR4AkuaTaTlUL8dvFj-9_xQCCjK0tIJuAt1tXz7ECtRfK1w9OeGxNTryScHmtiFA0c8NGBCYSYHVf19PonpSXm8USt5lcqc37oCJTS0i6HU4MQSFjswN0k8WDz6YqEHDttUqg?fife=s16383"
MARET-APRIL 2022,"Tanah Longsor, Desa Pasuruhan Kec karangkobar",,Tanah Longsor,Desa Pasuruhan Kec karangkobar,Rt 03 Rw 02,"-7.264838, 109.686622",-7.264838,109.686622,"Senin, 14 Maret 2022",16:00,Hujan dengan intensitas tinggi Pada hari Senin di wilayah kab. Banjarnegara,Mengakibatkan jalan amblas jalan kabupaten turut Desa Pasuruan Kecamatan Karangkobar sepanjang +- 30 m mengalami rusak dan tidak bisa di lalui kr 4,nihil,nihil,"- Pemdes melaporkan kejadian tersebut ke Dinas terkait
- TRC BPBD melakukan cek Lokasi dan koordinasin dengan pemerintah Desa dan warga","- BPBD
- Pemdes Pakelen Pasuruhan
- Pastana pasuruhan",- Koordinasi dengan PUPR,Nur holis (Ketua Rt Desa pasuruan ),- Supono,,"https://mymaps.usercontent.google.com/hostedimage/m/*/3AE5a_GyNIuBtEi62iJnzdgGFpUkfkK_uBI7H92fShsRLSUjIkL2VaSyiIQoYVtYcmZlYaCPZHxUFO1nqOz5gwSTDDafYVt2QYcJm0nkXoeY4pRJrv9E_Ue9KtexpoisoPJjPfEGX_weHwgp-9PePN1HXlj_sNImHG6zd2ZP20Ugbr3eEsbbhDDwHwFGHIXz8W1zDq3aQE_6fY8qEBxg?fife=s16383, https://mymaps.usercontent.google.com/hostedimage/m/*/3AE5a_Gx232ymHqtfQzpf6g7E6l0fRhCd_sxWyGKny3gnwT3_WC37IimBCAKJ6b9dC7fLCuWne2ZDO2Sm_--1YauR1aoaNUL7uQbMldj_-mrhfy-T7oP1VNez_tvdH8C6l6V6YjtIA_CVWYMfRETIsRJhSTzHKAFyBkLEDSMduP3Po3B8qKUA2ElBn0KuWoxoX86RwgiOD3zo-AWkWc4?fife=s16383"
MARET-APRIL 2022,"Tanah Longsor, Desa Sirkandi Kec. Purwareja Klampok",,Tanah Longsor,Desa Sirkandi Kec. Purwareja Klampok,Dusun selaraga,"-7.522225, 109.451667",-7.522225,109.451667,"Selasa, 15 Maret 2022",00.15,"Telah terjadi Bencana Alam/tanah longsor ,dengan ketinggian tebing kurang lebih 4 meter. Akibat longsoran mengakibatkan menimpa dinding tembok yg belom dilepa 
Dengan ukuran 3x4 m dan atap baja ringan bondex ukuran 1x7 m.
 Rumah milik sdr. SARNO 

Rumah Terdampak Longsor 
Sdr. Rikem
Sdr. Darsono","1 Rumah Rusak ringan bagian Tembok kamar atas Nama :Bpk 
Sarn",nihil,nihil,"- Pemdes melaporkan kejadian ke Dinas terkait
- Cek Lokasi
- Penutupan sementara retakan tanah                      - Droping Logistik","- BPBD
- Pemdes Sirkandi","- Melaporkan kejadian dan Koordinasi dengan pihak terkait
- Kerja bhakti pembersihan material longsor
Kebutuhan mendesak
- Terpal
- Triplek
- Permakan untuk kerja bakti","Misbandi
+62 813-2798-1681","- Budi Cahyono
- Romadon                            - Agus Susilo","Dusun Salaraga Desa Sirkandi kec. Purwareja klampok a.n Sarno
1.Paket permakanan 1 paket
2.Triplek 10 lembar
3.Seng 5 lembar
4.Kaso 6 lembar
5.Terpal 1 buah
6.Mie instan 2 dus
7.beras 10 kg","https://mymaps.usercontent.google.com/hostedimage/m/*/3AE5a_GwZ9AKBVDmcJs3X3ifz5sjv7LreCBO-xcOyT1Atgi1zh62UNsUOmRTWEfoHH_0SHU7Xcpno81vO0vfe4Lq9n4VhvyHK1D0BXKzj9nBAqnUx4_zwXH4P5qsdPj9TOZectU2fETkw9unR67E8nxaRRWSyiK3K2KxE9L_aQZEVz0LHUYB1xRfyFHswYc0zKuw0vpGBBRecJKq6x4E?fife=s16383, https://mymaps.usercontent.google.com/hostedimage/m/*/3AE5a_GxozzD7IgjZAVUqmkBUayPFgsDTYKLoSA1aWJYd4zfdmmCQBV993910eNSq_i9ehEOovuNYoKXMnKaYWyR70d6tWM3veU2_P4ofu7ZxDvuyJwq4yJE4QoS5o3qBgSJEAdb1iT7Ara3oLKxHZGJevhV_nxklXv8-74hEfeJmHE6NswRmh9L1I_Fhy-MGUqwBet-j07KWE13jc4A?fife=s16383, https://mymaps.usercontent.google.com/hostedimage/m/*/3AE5a_GxM5sb_VrCAfsSpzFUen8LaTRGyY6tsbHkrb_AjstwOfz4u08DsB-eyrSym1a6TiqY72y_zYLUsl9nTl920XCvZdKLwIp6ihMG1-CZJHtyJsQuCnScx6b1OBJZ0GiArBHAwFI9dLyl2CB8B78OGv8mAL_6nc-4cI0x86NrMEvSqGv4v9bmwPlXNKhCnOm7X4Z9igcBsta-lK1I?fife=s16383, https://mymaps.usercontent.google.com/hostedimage/m/*/3AE5a_GznCIglUS4e7DOwvkzflPDhUknTC180gTfILmzFDICAxRFe2LufkVOQxvKMTLbvwgZJeu6rPVSxqdhqXt8y7bxsGSrwY8ZvigEfm9m7zxaBbA_T6lZkLdke8Bkom-el5nmIJQHhPhGDcqd2Ha59PWotVqHqry0A7laWVWotBw-e9uuJd-OtB4bX0aUsT6XZL4abMULTzuoPkBQ?fife=s16383, https://mymaps.usercontent.google.com/hostedimage/m/*/3AE5a_GxAv9hCQ79ip-uPZU2T2j1uSqgDqAnhA-j-178oslwlHXYk-zIyNcYfpH_vdByRO9JfW8xrnXwkjC_Ua8fhCFfuGzKtcMzm4FAulJVilMhWbMAf1dvWLc7wu0wAHbPRGaZGLcG8NIO8PXYC7vwUWHUdTZcwYJIjTKeIaVe-X0FGkFYRBComGm4pNv6zMjrcT_-yKrurhg640Jg?fife=s16383"
MARET-APRIL 2022,"Tanah Longsor, Desa Kaliajir, Kecamatan Purwanegara",,Tanah Longsor,"Desa Kaliajir, Kecamatan Purwanegara","Komplek saluwereng Dusun Bulukuning, RT 06 RW 04","-7.48885, 109.576555",-7.48885,109.576555,"Selasa, 15 Maret 2022",2:00:00,"Longsor terjadi dari tahun lalu, tahun 2020. Saat musim hujan datang. Akan tetapi, kejadian yg parah, terjadi
Pada hari Selasa Tgl 15 Maret 2022.
Perkiran jam 02.00 wib",jalan tdk bisa di lalui roda 4. Tanah bergerak. Retak-retak di tengah jalan.Berimmbas ke beberapa rumah warga yang di atasnya.,nihil,nihil,"- info awal
- cek lokasi",,,"Nama : Saefuloh, S.Pd.
No. Hp : 081328807039","1. SURYONO
2. ISMAIL",,"https://mymaps.usercontent.google.com/hostedimage/m/*/3AE5a_Gy4oDcTxzheVAIACZ39DERzqULqccdC2c6-JdG2eLUXZfw92zV63vCiFrAhKXhuKabkt-wkSepWyj_dkf1cSq1RKAj7gAfjJ42ehUknEUxdjDXD-G3AtmcNcl4Q4_I05D6RYJr1U-hYzn2ZROC3WKy2bd3IJYspd5PqlH3Q4V7Vvk24tazY3NJ0hIA53BHiMvEJEpMTWHvUQbM?fife=s16383, https://mymaps.usercontent.google.com/hostedimage/m/*/3AE5a_GxY3iZOJkAy7IMI42QSVM12zMGjvKt0JCWROJsqsD-JSJfHh-N4HQDpa6huNZmOCRwCwo11hFfTL2XSXCatP27LN-vjlbHPmtEiMd53naBHCzWJSQzGyI607QXYR49nLSztanQzNllJShRHofW5Qm_vqB1cIdq45C_2TRqD52SoJEMm4j55t3_EDBAlnM7PyMykaXOeyTnjGg?fife=s16383, https://mymaps.usercontent.google.com/hostedimage/m/*/3AE5a_GywlSNw-MwQpAcNyAnuQooiV57bCzegE_vXA3A5b8kfNSrgaLl-_bohE956ugTKfRsi85d9flq24GERFFmEcurKvzeLjSQaVwReBRnaSfuQFQe_Zaaykfhx1XBxSN9e3Q5U2ILzTUYDKG-IRjPzWyZV4VfPWtJKUIkjTS5lWBGOSBw-u0VxQyiNbJ0t4iNBZjA7f2cadNlBivM?fife=s16383, https://mymaps.usercontent.google.com/hostedimage/m/*/3AE5a_GwcGc7g-U3972P1UCdeWjsgCYr-oQrHgi4RdDL9LcGzkAcbkaQhVnAnM1-9AJdFjTTBtktK3VBI_fyZvoTUtqASIIpboYiavNCiKccc9NXJajIt-lS_l8b-FpjADurPNUhWqhKev0wOuo2ZkaU6Pq24pGZ17_LzrN4_xgaR9oZnK4lK0V8X98GG_JtvvXqE6fKo23XRyoGqCg?fife=s16383, https://mymaps.usercontent.google.com/hostedimage/m/*/3AE5a_Gxpv_847ArmXvk09RwMWd_CkSP04OnujO-I0JYdw447j9OGdJcd2v0d5AOddr8UqZrT8SvWpBQ0Lbxq1BflEBmbMDBaiw2lQAuHxWm1zWlpFTyrvufR2HrdkP2du0xyfEaEl266LUcCyybRgAGkDQistCyeZ08q2YyHM_brBxzRhpUKyK-_ACQX2KQNJjrWMygOa8R4LErxPA?fife=s16383"
MARET-APRIL 2022,"Tanah Longsor, Desa Panawaren Kec. Sigaluh",,Tanah Longsor,Desa Panawaren Kec. Sigaluh,Dusun Ngadiluwih Rt 04 Rw 01,"-7.444921, 109.814498",-7.444921,109.814498,"Rabu, 16 Maret 2022",17:00:00,"- Hujan dengan intensitas tinggi mengguyur wilayah kecamatan sigaluh dan sekitarnya pada hari Rabu, tanggal 16 Maret 2022 membuat tebing setinggi -+ 10 meter dan panjang -+ 10 meter mengalami longsor hingga menutup jalan Desa. 1 rumah terancam milik bapak Bahrudin (50 Th). Tidak ada korban luka ataupun korban jiwa dalam kejadian tersebut.",1 Unit rumah terancam dan 1 ruas jalan kabupaten,nihil,nihil,"- Melaporkan kejadian ini kepada pihak terkait
- Kerja bakti 
- Distribusi Logistik","- BPBD 
- Pemerintah Desa Penawaren",,Kiranto : +62 857-4781-0022 (Destana Panawaren),"1. DARYOTO
2. ISMAIL","LOGISTIK YANG DI DISTRIBUSIKAN
- Beras 10 Kg
- Minyak 2 Liter
- Mie 2 Dus
- Gula 1 Kg
- Terpal 1 Lembar","https://mymaps.usercontent.google.com/hostedimage/m/*/3AE5a_GyVROBd_9OWB6itX5eWxUUleo2GGt60tqLHhhBG-EGQsQOouwwXAdlK05xM2jyb1bjugtv-nCmf03UzDC4yqyDd-b5_r_ubwdml5RiklzHEJg28m-94_m6vtXTuvLDbivuHeDDvzPOkLxom_4Fb6v363t5sU73olGaMF-Lna4WFdLz9eB6BJTpYyw_vemcYWROYl3GgsTDFm7g?fife=s16383, https://mymaps.usercontent.google.com/hostedimage/m/*/3AE5a_GwLnywNLwZ9NZvA6U3wIY1zhoqXL88n4tkoXkkpla_AMFv9uR8D_XCnDATtd_lM1LadWuoOcG8aGbCGzNdvtsUZru2CLxHHgZWBcWzgKX-aizrBO7EUet2UJ7UXxTnr1D8anX6NLOTNoofeWf34LmFpwchcDaJ4fjbfnd83uvcnrduDlHBUMQYO3QlQUqLtDSPAyZaJoUxn9Q?fife=s16383, https://mymaps.usercontent.google.com/hostedimage/m/*/3AE5a_Gwj0VT3woFMqrfeyI9Wx9JJMnIM58CkPYjoBh32PKrgzSoFJjTRXzakz-GNrU59GK1GlM-6QnC6S9QfOBXptDgbOlCeMG9nyDnL-DFYFisglNrSda4Qldcr_Ttr0XzV9tkETTRZ-Kmoh64Z9OB61tb6fWS0pJrN9C0BIqL9rdQi4P2CJ-8lTGL5N8wFo88ErNcCZEwwGgNpXQ?fife=s16383, https://mymaps.usercontent.google.com/hostedimage/m/*/3AE5a_GyPRgRBHO0Ou0NYiOxObNUkYVG5lfbD2ujJFiOz2LADytFwpBRwiT9eeipnk-teiz7ftjvSZwm-LyKdvTrYPNFTaBx-Sy2AD4QW1pSHblfm5dCCKdHlqtnMbdn-KlRkT9p18STo9wlpgurrbg8yUO_DfYGCwJMMhWCNmPRw-TWy8OUNvRInjXh_9DoEDrzf_D_BvYBiIeuNOqQ?fife=s16383"
MARET-APRIL 2022,"Tanah Longsor, Desa Giritirta Kec. Pejawaran",,Tanah Longsor,Desa Giritirta Kec. Pejawaran,Dusun Giritirta RT 03 RW 04,"-7.244167, 109.782222",-7.244167,109.782222,"Selasa, 08 Maret 2022",17:30:00,"kondisi umum
Hujan dengan intensitas sedang hingga intensitas tinggi terjadi di sekitar wilayah Desa Giritirta Kec. Pejawaran Kabupaten Banjarnegara terjadi sekitar pukul 16.15 WIB hingga malam hari. Tebing setinggi kurang lebih 20 mtr lebar 27 mtr longsor",kerusakan saluran irigasi dan mengancam 9 rumah warga yang berada di bawah,nihil,nihil,"- Relawan gabungan melakukan pembersihan matrial longsor
- Pembuatan saluran irigasi sementara menggunakan talang karet
- Pembuatan terasering tebing
- Penanaman bibit akar wangi di lokasi longsor","1. BPBD 
2. PEMDES GIRITIRTA
3. Relawan dan warga masyarakat",,,"Sumarlan
Jamroh
Sapto Hudiono",,"https://mymaps.usercontent.google.com/hostedimage/m/*/3AE5a_GwW_KlivY_G_F-yOw-VeqFlIR1_ykvcXgl5rhwrDg7_22lsDuK2B-EPlFhScFLvBaqAnacsEFWKHJi-I5VHcP807-e96wBXu33MasGnksdFcwbg7M1nRX7wjxQX8GZgwf6R1f-nnI-nutNpoyoKDATOri-Q7qkbMAdgviKu3jLvoE3UNMqfOYyl6LxUBnrsiz45YfOry3buwCc?fife=s16383, https://mymaps.usercontent.google.com/hostedimage/m/*/3AE5a_GyijpilelYAREMG2AWOYjzh9C9NE3uL1qWDiz7W1i8gbPIjZx4yRDGMNRBi3N6wqWgvRMnNhK_vfWhqh0rtkdjPiQbBLzd7l3NU7_bpQjnI5vFXqSZ-vNIILIMDc5btLHGtE56wFAjra992QzhuNImID2ywqHH6875uoaHvPdU-7dzuH76llHe2QQTsodDPhJGSj3QbMbXo4Sg?fife=s16383"
MARET-APRIL 2022,"Tanah Longsor, Desa Lebakwangi Kec. Pagedongan",,Tanah Longsor,Desa Lebakwangi Kec. Pagedongan,Dusun Kotakamba RT 03 RW 06,"-7.459202, 109.66071",-7.459202,109.66071,"Rabu, 16 Maret 2022",18:00:00,"- Berdasarkan pengecekan yang di lakukan, telah terjadi peningkatan pergerakan tanah di wilayah dusun kotakamba RT03 RW 06:
- Tanah amblas yang sebelumnya -+70cm sekarang menjadi -+80cm (penurunan 10cm) yang berada pada bangunan rumah bagian dapur milik bapak Mutakim (50th) 
- pondasi Mushola mengalami amblas sehinga terjadi retakan pada dinding pada bangunan mushola
- Terjadi penambahan pergerakan tanah yang membetuk tapal kuda 
- 1 Gardu listrik di halaman musola sudah tampak miring dampak dari pergerakan tanah .
- Munculnya retakan baru di area halaman mushola.","- Data Rumah Terdampak :
1. Rumah Bapak Mutakim ( Mengungsi tentatif ) 
2. Mushola
- Data Rumah Terancam :
1. Rumah Bpk Jefri
2. Rumah Bapak Sukirno
3. Rumah Bapak Kalik",nihil,nihil,"- Melakukan Assessment ulang untuk tindak lanjut penanganan
- Berkoordinasi dengan pemdes dan relawan 
- Menutup rekahan tanah dengan matrial tanah 
- Anggota Destana melakukan pengecekan lokasi setiap 1 jam sekali
- Manghimbau kepada pemilik rumah untuk waspada dan meninggalkan rumah saat hujan lebat","1. BPBD 
2. PEMDES Lebakwangit","- Terpal 
- Logistik Permakanan untuk pos pantau",Satrio,"1. Langgeng widodo
2. Romadhon                        - Suryono
- Daryoto
- Ismail","- Beras 10 Kg
- Mie Instan 2 Dus
- Gula Pasir 1 Kg
- Pop Mie 2 Dus
- Roti Sari Gandum 2 Dus
- Minyak Goreng 2 Liter
- Kaso 6 Batang
- Triplek 5 Lembar","https://mymaps.usercontent.google.com/hostedimage/m/*/3AE5a_GxRRLNGGi9tSwit-yT6IvTqtoVupIkyJhQemiQl3AsJQ6X7x8T9SH84gGkQcxKWMv2bjP6_TVEkqkzfzPGy6tgFW90Ikx8lpeW1F0BTkfn7q_kuqgwTT07vutrWj1glBUjAnymjm0ETilPdsvLP8XlIDbwS34sZa3DCDBiFKJxjaZA4n6z1QzGWd64hN8IKBmC_sARtACMR3Cw?fife=s16383, https://mymaps.usercontent.google.com/hostedimage/m/*/3AE5a_GxH0npfscESq8OMs8rZ9vwnPWrKmeG8Hn9U28_DHVnafjApwtsqFlhqc4kHD0CV8q23sXsz_AS9_ejiHRmSCyuVfEWC9pHAAHcaIVHZvzs3gPSLE1YGOWVeiSzZgCNsnw93gbLH46yaXpUTMxKSEfXry7q_zcV0NoG6InGsbcuNre5r08SsETeeFkqjUYRDqIOTnG_67FWamrg?fife=s16383, https://mymaps.usercontent.google.com/hostedimage/m/*/3AE5a_GwdVRW-sTaya_THgl0jhhPieL-PEY7AjrdjVBe0W3kik2M2t_Q7JuCLKdKkT_5VI8R7mAXSBIjohfYstmhHp0DDO4Fp5W6I9-bHfX7MMjrsHbW5BYSAEfoi4R-D_UsbfXkCkeAi4toVhJxm2KOtFIuOaBXczcccugec1WEFy7r2in2yerNHwmJcmpq7CPvYg5eRt6P6f4hxig?fife=s16383"
MARET-APRIL 2022,"Tanah Longsor, Desa Gunungjati, Kecamatan Pagedongan",,Tanah Longsor,"Desa Gunung Jati, Kecamatan Pagedongan",Dusun Sitawun rt 08 Rw 03,"-7.4514183, 109.674089",-7.4514183,109.674089,"Selasa, 15 Maret 2022",,"Hujan dengan intensitas tinggi Pada hari Selasa di wilayah kab. Banjarnegara Mengakibatkan talud pengaman jalan kabupaten turut Dusun Duren, Desa Duren, Kecamatan Pagedongan Setinggi +- 4 Meter Panjang +- 5 Meter mengalami Longsor.","1 Rumah atas nama Saryanto (54th/ 3 jiwa) mengalami rusak sedang
2. Satu rumah Mengalami rusak sedang dan terancam
3. Terjadi retakan tanah di atas tebing dengan panjang 6 m. Pada tebing setinggi 15 m
2. Retak pada pndasi, dinding bangunan rumah runtuh, dan kamar mandi karena pondasi yang bergeser.
4. Tiang listrik miring karena ada pergeseran tiang akibat pergerakan tanah 
- Anggota keluarga sebagai berikut :
1. Nengad (57 Th, Kakak Saryanto)
2. Kartinah (44 Th, Istri Saryanto)
3. Bani Fitriani (17 Th, Anak Saryanto)
- Tanah dan bangunan masih sering bergerak, terutama saat hujan deras

Rumah Terancam atas nama :
1. KK Pak Jamali (60 Th, 4 Jiwa)
2. Kk Pak Muarji (75 Th, 2 Jiwa)",nihil,nihil,"1. Menutup retakan tanah dengan plastik
2. Mengosongkan ruangan yang sudah rusak
3. Mengungsi apabila terjadi hujan 
- Membuat talud dengan karung
- Membuat Pondasi dengan pasak bambu","1. BPBD 
2. PEMDES Duren","- Penghuni rumah untuk segera mangungsi saat hujan deras mengguyur dan atau saat ada gerakan tanah.
- Mengimbau kepada pengguna jalan untuk tetap waspada dan berhati² saat melintasi jalan tersebut.",,"1. Langgeng widodo
2. Romadhon                        - Suryono
- Daryoto
- Ismail","- Beras 10 Kg
- Mie Instan 2 Dus
- Gula Pasir 1 Kg
- Pop Mie 2 Dus
- Roti Sari Gandum 2 Dus
- Minyak Goreng 3 Liter
- Kaso 6 Batang
- Triplek 5 Lembar","https://mymaps.usercontent.google.com/hostedimage/m/*/3AE5a_Gxy3hlCGFLzkFHBlv5wP46gvZoDVBTs9WBCPLELQAY8Omxg8Dgin9niGpWGsiwbD5RC-sjZB2XhqgmVL6iALDm9fftMeqMnyTByC_gTQ8L2xMc5WFv31OGo217aKo5lVrqBxltiy3OhInFx4Nc-15DNO7p7kEdifeb5i1FGpMUDQis-H1qHJN2_HZS871RBwQLH5WFoaPSh-g?fife=s16383, https://mymaps.usercontent.google.com/hostedimage/m/*/3AE5a_GxQhsfU_kZhm1DvtnTyqSfzx76lZmOnuRuvYK65QWWAH6Oj4Nbs5soBpjzb5p44LhNSXtHp2qGiLSDz918axjNghQrERutKubDfKjykRINwciwEIc7IRhTKbPQ3H68AF4zIh_nK1shrn9fpXoYRkS_8chydqTWL5o7k4go5G1QFUUJTkw7N3NSYgGrY6upBdOPeyMu9BxbFUg?fife=s16383, https://mymaps.usercontent.google.com/hostedimage/m/*/3AE5a_GxD67JDOnZN0c1gsTSyV7ZjPuL8oY6rueyFyd7r62FUGIzMMpEXR-2R8iEIMU9feGQu7vSCoxMhmKnAdq1iQZFk-DVfoHD8FJHP1pitTH5ERkZPrkvm4U_NHGC3K9y5pza0-1EloB8q-YvrcJpnLR_TqrHk5kJCEOauaZ1_XzdtTbuRPLe8z3Ki1DUnKMs57X8H-s842mH_jQ?fife=s16383, https://mymaps.usercontent.google.com/hostedimage/m/*/3AE5a_Gy-JQyoBpXaLXkBTOPmjgvxf4YmvQ0OCf8wFjmzsvf1Catq2kSmIWDTW3u-dVTIDbieDShlJ2ze8vGTu-Vbd7zqE-lvBQ0HywNgEjI__6SLmQWmVNxzf1-5qguLfljLG94DqvAUKwwmGczjL_oYF7x4HBe4g1gXa3t1pcmjIyZyKPcqU1Garl9wuoMlCLIK2CEz-RmjsgW9iX0?fife=s16383, https://mymaps.usercontent.google.com/hostedimage/m/*/3AE5a_GzYgvy6q2E8JyRazFB4v7585M5V6w0AupmLZpKxfosMrCD0EuHL2hyd3Ta630R92HZHlhEskhW5IPd8fFfZ6p40BQF2fiA9AAbeEYj0PL9AM56m0i2qSJde1bQ0JSmFOppyUwbJjsw6JUbPUk1Tesyl9JVVtrkV1-dtBzHTMQz_BQ9Dzu44BuR7sCYHHYFvle6pX31Opiiafg?fife=s16383, https://mymaps.usercontent.google.com/hostedimage/m/*/3AE5a_Gwa7lnZEbL1MZCwJhTeDcNSmnz_5etEI98F6RKqGVPSCNaePO7DGiKBQghyeM-sLGzp_dLhFVKYZ-HXdZqPo4LTS_Lmh93ct7lUkLgAGMgnCp9lzEBq_rIm2ttfvYBwSpKy-BSC12goo62fQ2Qgrf7fq8oiOBaJlzIch_KS6M2NPbuaiheKfFUpLdnHiTe-PZ80smH6mpHIPw?fife=s16383"
MARET-APRIL 2022,"Tanah Longsor, Desa Gunungjati Kec. Pagedongan",x,Tanah Longsor,Desa Gunungjati Kec. Pagedongan,Dukuh Pandansari Rt 08 Rw 03,"-7.458701, 109.672964",-7.458701,109.672964,"Rabu, 16 Maret 2022",4:00:00,Akibat hujan yang terjadi di wilayah desa gunungjati mengakibatkan rumah ibu Kartinah mengalami rusak,1 rumah rusak,nihil,nihil,- info awal - Droping logistik,,,"Yulianto ( kades )
0821 3611 1513
Arwan 
0821 4614 3758","- Suryono
- Daryoto
- Ismail","LOGISTIK YANG DI DISTRIBUSIKAN
- Beras 30 Kg
- Mie Instan 6 Dus
- Gula Pasir 3 Kg
- Pop Mie 4 Dus
- Roti Sari Gandum 4 Dus
- Minyak Goreng 6 Liter
- Kaso 6 Batang
- Triplek 5 Lembar","https://mymaps.usercontent.google.com/hostedimage/m/*/3AE5a_GxUKw9RidNnoeGW9fQ2WiHIVSWPX0JvTo8GVXORFeZdktbDb4yoOGcgKTFSt4dpRRvfS20wOAVzQMfA-VBIfu857ikVrjZzXHOlLQd_wiRlbkbMPos5RB5LIQgsazwvTCxfvD1An5KOU1jK9W4nv-BrmdXqRHFPQXtDk7LQe3TilA816bh_9e4IbDI4Dpi-bjZ_gpNFrMZUBA?fife=s16383, https://mymaps.usercontent.google.com/hostedimage/m/*/3AE5a_Gz25EIX899SxKYaHbZF3PD57NbJf0NJJ9LnIoDGK0sdElYixIT0Cb5l6Gp6tp8HrsQLQd_QiD293DI8AHlLPhe7d_VrJ2wByM3JS16Eq0px2NsxW6I4gdBCO6w4iEvEHQg1utklYT5e-Hiihdr0kfsrs5PcfinWB0JiW93s5mILAXCZTrufY7xrYw9W3GOWdfEoq2zgn7eTaUg?fife=s16383, https://mymaps.usercontent.google.com/hostedimage/m/*/3AE5a_GxAV8EP-PLznM5Vk8Kbt0scG3dDYSnvUVz57HgyvbHqGAzln229n9TQ9_86cCEAA8Xi9ggFeOBMxETc5nLYKK5k8fObYZHuw-VdXWTQE4NvZjQQVD2MyGQF3VFhKxpeiLNWPrd2pIenMzZGBcFGJX-9fA3MQHBA0iPADO6HaLnMlrD0hyyi0kV95CNp2qO6594d4EAvagkl_g?fife=s16383, https://mymaps.usercontent.google.com/hostedimage/m/*/3AE5a_Gzx4ze4TxykFJg23zf5NTmL8F3wLuIvGwpwdDLTWHe4eVYkUeos6jU6QxY6Ii2vuJpa7KiWG8MTdtmD0sE8OtRyXxz3V41RgHG1J5qNRnhdJJY6T9p2BaQO11Zmyj6aT_qL6kcpTer0d2XN4xXcTJPnSgBaCjhl02-Hk-IjXRVp8auDvqPElsZaoOBy3F4ddbw0RQa3zYkikQ?fife=s16383"
MARET-APRIL 2022,"Tanah Longsor, Desa Duren Kec. Pagedongan",,Tanah Longsor,Desa Duren Kec. Pagedongan,Dusun Duren Rt 01 Rw 02,"-7.483595, 109.655915",-7.483595,109.655915,"Rabu, 16 Maret 2022",17:30:00,"Hujan dengan intensitas tinggi Pada hari Selasa di wilayah kab. Banjarnegara Mengakibatkan talud pengaman jalan kabupaten turut Dusun Duren, Desa Duren, Kecamatan Pagedongan Setinggi +- 4 Meter Panjang +- 5 Meter mengalami Longsor.","1 Rumah Rusak ringan bagian atap teras atas Nama :Bpk Jatno dan Pintu Rollong door milik Ibu Parmiyah yang beralamatkan di Dusun Duren Rt 01 Rw 02
Desa Duren
Kec. Pagedongan
2. Matrial longsor menutup jalan kampung",nihil,nihil,"""- Pemdes melaporkan kejadian tersebut ke Dinas terkait
- TRC BPBD melakukan cek Lokasi dan koordinasin dengan pemerintah Desa dan warga
- Kerja bakti pembersihan material dan perbaikan atap teras rumah dilakukan oleh warga dan pemerintah Desa dbawah koordinasi Babinsa desa Duren""
- Droping logistik","1. BPBD 
2. PEMDES Duren
3. Dwi (Babinsa Desa Duren )",,Dwi (Babinsa Desa Duren,"1. Langgeng widodo
2. Romadhon                        Suryono
- Daryoto
- Ismail","- Beras 10 Kg
- Mie Instan 2 Dus
- Gula Pasir 1 Kg
- Pop Mie 2 Dus
- Roti Sari Gandum 2 Dus
- Minyak Goreng 3 Liter
- Kaso 6 Batang
- Triplek 5 Lembar","https://mymaps.usercontent.google.com/hostedimage/m/*/3AE5a_GyRMNMheaFlOyZU7ln61wVCfmGRsuoPTkCCFGYFrxJA6F_vm5HmIqDQLV1Ep_9SV5mwmTHtF91cRFEQeTQLAPp74riJVx4P3CA4YM96N7r3ANp6J1LGkVDGhAt9AE5afRkPyuRWhgIY0XU-rnu0n2RigiXUfP1HDiV_oPjZGQaaI2f4CX78KmBPzPppN20_iOG6jQOfi7Yw0oI?fife=s16383, https://mymaps.usercontent.google.com/hostedimage/m/*/3AE5a_Gx1o-7A_o5U0axsefP8JmeRYqt_DlFDxXnbQxRVS1_LqwmBR8Zm68ZHMGyGKNgm7nbkOQLfHRvZX_DR7yg700wPPjtGUCqZ_3_UOqpyr_z6Y73V0oi9q8fQG0CsUjJFuXPGZy26F7UNSy8KTQpW71fxnBs3zGVBK4bEd3cG0hvbtly00qBH1Rvi-O5hytJCz3sETQ4czIPMiA?fife=s16383, https://mymaps.usercontent.google.com/hostedimage/m/*/3AE5a_GwjNlYpD-R-lTGkMTsvEXqej84EmmT6vnYJXk7YH2dfwLNaITyTvaj2PFnv09JNCmrhIYTERdXZQLkf25Yuntq_7QNa1bol04H39rRjUisA4mC-HGvc1pHlqNHIZsYJRdZcf1ixLOsQbYNm6Uw6IXRA11t1kl9T3S0e3nbFvGHIreg2qVmMVETFND5l5fT7PuUJ2UB4RlX8t_I?fife=s16383, https://mymaps.usercontent.google.com/hostedimage/m/*/3AE5a_GwhNSEDPG23p5GO6c8L_FR0nfb2nMSLsXCKS5bmBhrOmJzsWKcjGQOI1SNY51nMxL_Mp1gHe9ndL-C2o_R6EwKBuuEC5augIwiW9Awe2nb65PczyPfBsMBPW2YfSWpolLwvee-JX9JKd4FT7GIUUaQYwS-MZVf8ke5T08wvjeb5ny2hdq9Wcz76paN2s2ZAAnvaYBResbXQkA?fife=s16383"
MARET-APRIL 2022,"Tanah Longsor, Desa Limbangan, Kec. Madukara (Jalan Kabupaten)",x,Tanah Longsor,"Desa Limbangan, Kec. Madukara (Jalan Kabupaten)",Dusun Plipiran 04/03,"-7.363495, 109.774699",-7.363495,109.774699,"Senin, 21 Maret 2022",1:30:00,"Intensitas hujan yang tinggi, kemiringan lereng 90° berarah ke arah Timur Laut dan jenis tanah dilokasi tersebut menyebabkan tanah longsor serta menutup seluruh badan jalan dengan lebar 10 M tinggi tebing 20 M.","- Jalan kabupaten penghubung Desa Limbangan ke Desa Clapar tertutup material tanah longsor.
- Pada pukul 09:30 Wib jalan sudah terbuka bisa dilalui oleh KR 2 dan KR 4, namun masih terjadi pergerakan tanah dan longsor susulan.",nihil,nihil,"- Cek lokasi 
- Pembersihan material longsor.","- BPBD Kab.Banjarnegara
- PUPR UPT 1
- Koramil Madukara 
- FPRB Pagentan
- Pemuda Pancasila
- Pemdes Limbangan
- Warga sekitar.","- Pembersihan material menggunakan alat berat, mengingat material yang bercampur batuan yang berukuran besar.","INUNG
(FPRB PAGENTAN)
+62 853-2972-4999","- Anif Khamidi
- Widi Dwi Kurniawan",,"https://mymaps.usercontent.google.com/hostedimage/m/*/3AE5a_GwuN4hZtXDdbTmOplbb67Jmh75GQRkVi6Uk5grMie9J1QaN8095ncMuLh5qZsN8WvouCiZSyjKiDru-n7FWOlAEV9fpzvEG7_xi7pHBHjVeIeH3PqtrHm4BQkLy3HZvkJfcAEriXhb8S3chSF7jdQPXD7urJ3N3yAA-cpIHsTekmRu8wnr0oeth7G07utzhTdFsI9IuSbjnmVc?fife=s16383, https://mymaps.usercontent.google.com/hostedimage/m/*/3AE5a_GxVhz64gPzoRHpS8fzZdSf8PjDcsRqYrcy3zpLO3c07ndIdPgq3RoYknI8YIKst5rsb3JHeqoSK5PsjUUKFgJctMbOD11qbSyygdREp8Rk8Xu5xZaOh0PCYPEZz7QKM_WztCy-vXFNNEcFIIsux2rl7uAwMO6QuVviZG_Tohi1a0Mjasyo2598ApUsvfUWPmoKBx5kPnEzxyw?fife=s16383, https://mymaps.usercontent.google.com/hostedimage/m/*/3AE5a_Gx2NWl-WMozi7Ax4K-phMfaRzCkW3nEo-ijM_2vG30EM3hK4AIIAa4yVsa1n6DhoXX9tcmGoG3OgK-XoTZ3Rx0KiTD8wEAkIgP2iAbGjL7sFeD70tHQCYjXbJFVqTe64RsLOIsIa5y8UpdTo10JxvLZnREKBL6hFjEL2KYH30Ooc_Mdr0hYDBDD1nu4UDWOMvwY-k2JChOnIjQ?fife=s16383"
MARET-APRIL 2022,"Tanah Longsor, Desa Merden, Kec. Purwanegara",x,Tanah Longsor,"Desa Merden, Kec. Purwanegara",Dusun Pekunden RT 06 RW 06,"-7.484138, 109.545883",-7.484138,109.545883,"Sabtu, 19 Maret 2022",19:00:00,"Cuaca secara umum di wilayah Merden hujan intensitas sedang hingga lebat 
Talud / pondasi tebing dengan ketinggian 3,5 meter dan lebar 6 meter milik Ny. Senen 47 th longsor / ambruk dan menimpa tembok rumah Bp. Nawireja 70 Th yang berada dibawah talud tersebut",1 rumah rusak ringan a.n Bp. Nawireja 70 Th,nihil,nihil,"- Assasment BPBD
- Himbauan kepada penghuni rumah untuk mengungsi sementara
- Membuat laporan kejadian
- Berkordinasi dengan Pemdes untuk menindaklanjuti laporan resmi kepada dinas terkait""
- Droping Logistik BPBD
- Kerja bakti oleh warga","1. BPBD 
2. PEMDES Merden
3. Warga merden","- Pembersihan puing tembok rumah dan talud yang longsor
- Menutup retakan tanah dan mengantisipasi longsor susulan 
- Memperbaiki sistem dreinase
- Mengosongkan rumah untuk sementara sewaktu waktu dalam kondisi membahayakan / terjadi longsor susulan
- Sembako untuk DU Kerja Bhakti",,"-Suprihno                      -Pujianto
-A.Arifin","-Beras 10 kg
 -Mie instan 2 Dus
 -Gula Pasir 1 Kg
 -Biskuit Sari Gandum 2 Pcs
 - Logistik Permakan 1 Set (PMI)
 - Logistik Permakan 1 set ( Dinsos)","https://mymaps.usercontent.google.com/hostedimage/m/*/3AE5a_GwD0ZBqNJt7cixDV5shapAcPZRCcZIJ_Ljs4zaha34QQpWJmm4GyQPkdDOY2Kux9MoTIHdFUlwuODCFkK_QlgpOZIyynDBTiux8r4vlJZV11jkBWgIxHS149qr0prf0mnmexY9sLUJY2Az9uKYy3BfotALEHGx8NJivT99aglWAYI-Jfx1g-6F489huYLBdzKAUlAKrxYnkuGc?fife=s16383, https://mymaps.usercontent.google.com/hostedimage/m/*/3AE5a_Gz1IBCsYbXgYGhGTbQhTEqjc8typktbAwqEEyxRu4yyxX4KmC1AUpS8fCigpETPrmpojHB8xcau4WxuRIXZ25Z_jdbm986TDsk0jng0N3uMwm4FpVBXNNqie4Dhfe2HqM9Wgay2ac0jRnwp5TWxNdTnXclfktWDJ4SwJPLBsdtLYPd8cnmj0yntfaY5hGQF0tOsvuFLmfm-Rw?fife=s16383, https://mymaps.usercontent.google.com/hostedimage/m/*/3AE5a_Gz4rGeDmRP-eGoGuKjM751-wWtw4a6sGTzxdQs4qNoFIdaCQcpkMN3AnRxE05VInIygAQVC4hgH6DvC3lnNc6RYWlyRL6KPjHQZ2E5jFCW0NdW_KXbOeYmX-P_B3IlNg7rwFB1njFoQ3nUi4R9-YJqupYh6JLulik8ya_KJNt-5GAYS9FgcPDIbUCTc7PwmF6piewulrl0asgk?fife=s16383"
MARET-APRIL 2022,"Tanah Longsor, Desa Singamerta Kec.Sigaluh",x,Tanah Longsor,Desa Singamerta Kec.Sigaluh,Dusun Dirun Rt 02/03,"-7.399694, 109.736752",-7.399694,109.736752,"Sabtu, 19 Maret 2022",17:00:00,Hujan intensitas lebat disertai angin Pada Hari sabtu di wilayah kec.Sigaluh Menyebabkan Talud dg Tinggi 5 Meter Panjang 8Meter Longsoran Menutup Jalan Desa,"- 1 Unit Rumah Milik Bpk Khomedi (2kk 10jiwa) Terancam
-Akses Jalan Desa Tertutup",nihil,nihil,"-Assasment 
-Kerja Bakti Warga Masyarakat
-Droping logistik Permakan","-BPBD Banjarnegara
-DINSOS
-PMI
-Warga Masyarakat",,,"-Pujianto
-A.Arifin","droping logistik 
-Beras 10 kg -Mie instan 2 Dus -Gula Pasir 1 Kg -Biskuit Sari Gandum 2 Pcs -Terpal 1 lembar - Logistik Permakan 1 Set (PMI) -Terpal 1 Lembar (PMI) - Logistik Permakan 1 set ( Dinsos)","https://mymaps.usercontent.google.com/hostedimage/m/*/3AE5a_GwfqFLuRxcwRhUUCZ4KqDPgVSVAUYh13y9cZ1qCADlnpqKXN8Lvjt_uiPjFaNRfQxSMxK4y2igJ3n2eqjSdcEAdRnwXykXjrC4W_2my6T2mq3G7Tc70iRqiRoen0kD-taaRpcxliZvdeOUlisSmQMv_VLkxx7C4chLTT1NkiXlbNbhm2nuPjnb4wUssDidj5gzypkB7zejqsw?fife=s16383, https://mymaps.usercontent.google.com/hostedimage/m/*/3AE5a_Gz2SI8AW7C02DyHTdhGlnxw-NdCeOvFcPhTWejYxISN23CxExB645V4dCNdQDRLNMcMtGvjgADfDRoW6VJcHg7RapuiFz-9dr5zfZXPqQZ6TsOSyt-_iF06GuqXwMhUKluTq8Yp3x-Im7PSXELD8Rgc-8hKguSCWDwWTSZVB8wm2yILc2U_HgVl4E7sk8zeUJeIH6mMWZS9Yw?fife=s16383, https://mymaps.usercontent.google.com/hostedimage/m/*/3AE5a_GzbM__tBOpDqwAjdizXmRP43WmSUPfSRFayZXEgtFcBajMeMCOma8RQeOpdnmy35ZyIRsehFQ7R8REbdSzHoLXAWcTkmRO2KlgAxDgV6cqH1bpMMNFQQgS1-XaIS_pUcnXWvxQPiUCGobaU5oKIZH5Ir8vlrdazVSMsKa0enNdB8dfIVWI4qaRHCxfcM45Wh0BWoGvlpw561KM?fife=s16383"
MARET-APRIL 2022,"Tanah Longsor, Desa Darmayasa Kec. Pejawaran",x,Tanah Longsor,Desa Darmayasa Kec. Pejawaran,Dusun Gembongan Rt 01 Rw 04,"-7.267415, 109.800709",-7.267415,109.800709,"Selasa, 15 Maret 2022",14:00:00,Telah terjadi Tanah longsor yang mengenai jalan kabupaten,ruas jalan kabupaten terancam,nihil,nihil,"- info awal
- pemasangan tanda/ rambu
.",,,"Bpk Ahno
0852 2585 4578",,,"https://mymaps.usercontent.google.com/hostedimage/m/*/3AE5a_GxYJFpKxFjYxcJal5IfkxYEtW2Z73tdPo2w37wcjM7Tj9kO5hI3-ySuMsMZr8i9xuXEM6WMbNJX-PwDfSGYwGa-tB0_jU8OEq1zFGu0FHWTvkf4YOGt-fXeT5eRSIvpcX9NTVzeyZsZkAbt75tnoS5_NfuQFs_26OpivTVcUGr9YXUshEFJkwDe1oCboeywrBrTOP6WV1RxqWU?fife=s16383, https://mymaps.usercontent.google.com/hostedimage/m/*/3AE5a_GzWiSpX0kqCoHKO3KdESGXbLSbGH3D_xkEW6AZC5vjJMtM52x4WEaoJ3QlTrIXk8DshVjtrIERfWWbBIaO5RpLR6OE119i59Z2KVebdbwTYRWOqiAlegUIbY4qci61QvzuA-Yrlw2UAyjZinPzqc7Rt_VpX7jON5ghLOypZfM5tVaO6OzlEDh5tzkE9__QHiAWKiqerH0PEIjg?fife=s16383, https://mymaps.usercontent.google.com/hostedimage/m/*/3AE5a_GzoSjpD5O_bq2hnXTZhluawjh6gLBZShbii0lFqC0rRgvvjzWB3Cdz4fAt0k1s4EDDPbpWfJAIADBPsguq4YmQX314kQlAuaCvGnWsg1G1o7yjv2wmf7fL4cMvg5RtLJ-byCzdA8B6rb1Q8o8HhFgnLlF8ln1q2vfnIKz2VJdj3Q2TYp3EMWhqlynEARrIF0Mue8hyZcWpXp50?fife=s16383, https://mymaps.usercontent.google.com/hostedimage/m/*/3AE5a_GyQQJvlSV8AMYyhYbGem0Hbi0ueDdoGJTjZFSWh5pAEqhCvGnDx4gpMTKq0XvRF2-YBOpLgyIn3wEFxGZyezcV5NZZAttpk6CwujAqLtBSptGmz7EwLjKp4e0GHTZIGSkeb6OV0qsI9zxg5co7GLJzXaKPN66hmmKMbThcKlqLuFEGTeyY_QcM1DxIDbhwSR20VY76062yzWGs?fife=s16383"
MARET-APRIL 2022,"Tanah Longsor, Desa Panawaren Kec. Sigaluh",x,Tanah Longsor,Desa Penawaren Kec. Sigaluh,Dukuh Praguman Rt 01 Rw 05,"-7.435876, 109.805973",-7.435876,109.805973,"Rabu, 16 Maret 2022",7:00:00,,,nihil,nihil,- info awal,,,"MUFIT 
0857 1012 7724",,,
MARET-APRIL 2022,"Tanah Longsor, Desa Petir Kec Purwanegara",x,Tanah Longsor,Desa Petir Kec Purwanegara,Dusun Sembir Rt 05 rw 03,"-7.48232, 109.589348",-7.48232,109.589348,"Selasa, 15 Maret 2022",11:00:00,"Intensitas hujan yang tinggi mulai Senin,14 Maret 2022
pukil 17.00 Wib
hingga pagi hari ini
mengakibatkan tebing longsor di area jalan penghubung antar Dusun Sembir-Dusun Kerinjing
1.tebing setinggi -+ 50 m panjang -20m
Di area jalan umum rt 05rw 03",jalan kabupaten tertimbun longsor,nihil,nihil,"- menghimbau kpd warga untuk waspada dan berhati2 bila melwati jalan tersebut dari tempat rawan bencan
- Membuat jalan alternatif/pelebaran jalan dilakukan oleh DPUPR","pemdes petir
-babinsa
-destana petana petir
Demikian laporan kami sampaikan untuk menjadi periksa. 
- DPUPR Banjarnegara",,"* Pak Achmadi(kades)
* Pak Andri w ( Babinsa petir)
*wasman supanter .suratman .( petana destana desa petir)",,,https://www.youtube.com/embed/yPCtp6Wx1ls
MARET-APRIL 2022,"Tanah Longsor, Desa Kebutuhjurang Kec. Pagedongan",,Tanah Longsor,Desa Kebutuhjurang Kec. Pagedongan,Dusun Pucung 01/10,"-7.492977, 109.674098",-7.492977,109.674098,"Selasa, 15 Maret 2022",1:00:00,Hujan dengan intensitas tinggi mengakibatkan tanah longsor dengan diameter 3x3 meter Jarak bangunan rumah dari longsoran -+ 2 Meter,"1 rumah terancam 
-Badriyah(4 Jiwa) Pekarangan rumah gugur dengan jarak -+2 meter",nihil,nihil,"Cek Lokasi 
-Koordinasi Dengan Pihak Pemdes untuk membuat surat permohonan.
-Menghimbau kepada warga masyarakat agar selalu waspada bilamana terjadi hujan dengan intensitas lebih dari 1 jam.","- BPBD
- Pemdes Kebutuhjurang",-Tetap waspada saat hujan lebih dari 1 jam,Jarwo Kades Kebutuhjurang,"- Daryoto
- Widia Dwi Kurniawan        - Marsongko","1.1 paket logistik permakanan
2.mie intan 2 dus
3.beras 10 kg
4.triplek 5 lembar
5.kaso 6 batang
6.terpal 3 lembar
7.untuk 5 korban","https://mymaps.usercontent.google.com/hostedimage/m/*/3AE5a_GxRz2_Sx_bYQVzdBYs4lxgPsjogCfF51xh5Ck79EcNlnlxyIynI2L2jJdDYy3Kv91ojHZr7Bv1IfblkvfEG-HqP5s-x7sqJahC304BO5IIymlaMgIAm4IyuDCG1aZIDMjWPX_Fzz5b2t9QMZqo0D1OjLCKoIF0L9kpqphBGODmvf-bvPsIuT7Hq5Gsc6gVmqonjYaQSzanMiB8?fife=s16383, https://mymaps.usercontent.google.com/hostedimage/m/*/3AE5a_Gwkc7dV6xH7AYEIqJnD6e8GQHN4Guy91iG8Fio9Mp-r84oRqAMGpOoNg3mAim62BCy5-Lydz2ABneHJXBRRDEvcyw5p2XQPl7rRy-U833q3yhtKz2V6CQfdFjMgR93yJmfQL_G1vORKUebguu1plUzQM-bK-Ly-GmHVRLVLXYBnBF5Ke5J646xXEgpufsyXv9u37s9PhnxXMd0?fife=s16383, https://mymaps.usercontent.google.com/hostedimage/m/*/3AE5a_Gx40EgulCcaHrdv4Fr7Qwex6nDWQbD8Zez1h13PR4G_cePGZL4N2Dm89smo7SeXKO4BiJ6So9QmUgi0ZrLNl-7wUJFKB8mUpS4YHDAlN3fcqWlEXJHB-MXeVDHBWw3JhLX4J7UqQcrVF3AYUHlYPv_wnXWVM5gVACJCZV-mwLYzNuV0W4yKUv6DV2x1QNQjJlwygbACUozitA?fife=s16383"
MARET-APRIL 2022,"Tanah Longsor, Desa Petir Kec Purwanegara",x,Tanah Longsor,Desa Petir Kec Purwanegara,Dusun Kopen Rt 1 Rw 1,"-7.475516, 109.587187",-7.475516,109.587187,"Senin, 21 Maret 2022",15:00:00,"Intensitas hujan yang tinggi selama beberapa hari, debit air sungai kalisapi meningkat kemudian mengakibatkan talud amblas dan 2 jembatan kabupaten penghubung desa pucungbedug-desa petir mengalami retak","-Tidak bisa dilewati oleh kendaraan roda 4
- Mempersulit lalulintas akses utama jalan menuju Desa Petir",nihil,nihil,"- Cek lokasi 
- Pemasangan rambu peringatan oleh DPUPR","- BPBD Banjarnegara
- DPUPR 
- Koramil Purwonegoro 
- Pemdes Petir",- Koordisasi dengan pihak terkait untuk penanganan kejadian tersebut,,"- Agung Septianto
- Fahri Susanto",,"https://mymaps.usercontent.google.com/hostedimage/m/*/3AE5a_GxkNFg_4X8lpayjRedPU3riYxK4AuwKgaTfr8ekBQ8yfO-7TDi8wLMKVnMgPiOjdCvh5wlsIS_LqLg_6la6qdhLgxG2DCTr6w1Z1PPMfdKiOPBBmIyTlatzKe4tftcwwJ8JEZ7L6uYpNgff8e1blUQ4BvDV3fXa2ZmoA0t5HIwljj4PWcfbl3sptaAkADvrNWMCeBS3FJqDYvQ?fife=s16383, https://mymaps.usercontent.google.com/hostedimage/m/*/3AE5a_GwrerTcDQUs0K7x-rbV6-aowq9Fx4h5msD0rcbO_MA6k6bNRMAlvdtYYFg9-ZOO80LDWNdPqPMqWHIs5KE6cNz6XshqWkPEy9ugWmh6wzXV5BNpH0LIFgTg4ezqESEHOCbNJDcmPFJR0KeeJopktylZsAV0kouhNt1o5NEHIle1ESo0JRv31SEX4btBE5yxGnpjP5zsxLSOQ_w?fife=s16383, https://mymaps.usercontent.google.com/hostedimage/m/*/3AE5a_GzBhSlRHKhDfe02nZfavbvR0yuBHanZ14Uc7ugl9J0aV8DA99d7S5PPrUonW3W-vpqpHAG8K74F8G99AOIQk-LZUHNnUf3MvbhNDl_XprfNvj74_qneWF23DN5G-EnMzkY46h6lbTDA7VG1f-nfTb-VrIFRpikcfSHZBkSC9ceXVQ5BJL6WtPK9uUmQqQ9gmJmNtn04PfmPwA?fife=s16383, https://mymaps.usercontent.google.com/hostedimage/m/*/3AE5a_Gy_Ggmf3VIO6aGY5kgQucWx9aYD7eRk6Jre6Nk7EliuM2kBz8QiXBk5BwblC6s6i-RcetTrQA5RKyLlmnHgaihbUJ-Kx0TFJITXmYqGaRIcvX__Iy6-VhYlMzq4AmKhaaMy1pJjn3m_ytGFMaTRW6cui_TZH-RShLVOJZ-kku67wgbXtrl9VbhrzyQo5LNTY0gCwUllfilLFQ?fife=s16383"
MARET-APRIL 2022,"Tanah Longsor, Desa Kaliajir,Kec.Purwanegara",x,Tanah Longsor,"Desa Kaliajir,Kec.Purwanegara",Dusun Bulukuning 10/04,"-7.489295, 109.576246",-7.489295,109.576246,"Kamis, 17 Maret 2022",7:00:00,Hujan yang mengakibatkan longsoran tanah menutup sebagian jalan penghubung antara Dusun Bulukuning-Dusun Krinjing,jalan kabupaten tertimpa longsor,nihil,nihil,"- info awal
- Sedang di laksanakan penbersihan dan terjadi longsor susulan",,,"Latif fatayan
+62 821 3622 1037",,,https://www.youtube.com/embed/jPxhAmTCRQA
MARET-APRIL 2022,"Tanah Longsor, Desa Gumelem Kulon Kec. Susukan",x,Tanah Longsor,Desa Gumelem Kulon Kec. Susukan,Grumbul Trenggiling Rt.05 Rw.06,"-7.530841, 109.404439",-7.530841,109.404439,"Jumat, 18 Maret 2022",6:00:00,"Hujan intensitas tinggi secara terus menerus mengakibatkan tebing belakang rumah sebelah utara rumah bpk.sakam al marsudi RT.05 RW.06 grumbul trenggiling Desa Gumelem Kulon, mengakibatkan rumah nya terancam, dan tidak ada korbanjiwa.","1 rumah terancam
Kondisi pondasi rumah sebagian longsor, kondisi rumah bagian belakang terancam.",nihil,nihil,"- info awal
- gotong royong untuk mengantisipasi longsor susulan.","1.Destana Gumelem kulon
2.Pemdes Gumelem kulon",,"1.Destana Gumelem kulon
2.Pemdes Gumelem kulon",,,"https://mymaps.usercontent.google.com/hostedimage/m/*/3AE5a_GxKqls-yjqSXhRsOo7cQCTnGFPBgxAIo4Ucuyx0q7Ado31ckUVunZdwVknVuzMf9N6AUB8U1_QAQbzP7Fuh14a235CJGwMYQRcNmyitbmo4IOsyxbtbIZQHfnLfB6vsLlN2gA5UBF27lnFJeLoCP99UxzVjz1W8wOMj8WMg4_wZZSwtTLHr3uzsr3-MGJlYzAC6FI3TzfVukw?fife=s16383, https://mymaps.usercontent.google.com/hostedimage/m/*/3AE5a_GzhQ3wit8rcM4S9BOWcs3_HsTP2_l1nplPF2ZN0HEBUqmHfItvqdQ4_9MjEsewj8jp22EVkysp-xYTcNEGcXEuwcPNK4J46KZ1LFN3XIA0FrmMSh49HhnTHut7VGnm-jizblRlaHGs9w8mJiVz_xt0leuNECKL2ise3OCBEB6jtYou1UQ4AVBvErqwP2h1abLa1Q3zspzfIHAw?fife=s16383, https://mymaps.usercontent.google.com/hostedimage/m/*/3AE5a_GxlmQ-fnVkqUHuRtyQpXJZ6exCbxouzOAvcpG0IdJdhLqgoe-_mw_nAMqh4VMdvFp1B23Vh7HRSs8rQDxstPjrnHYohmKvqe5jnrDpXWk-Z-sTAp_RfEZx1PFK9cz0m4C-I-d1T27Oe0X-kMgd29ImCBTD81JWRYu4S2XqAwRIyAYqOFvKbIC1qwW-NATP9635m0-_LYOrmPg?fife=s16383"
MARET-APRIL 2022,"Tanah Longsor, Desa Wanadri Kec. Bawang",,Tanah Longsor,Desa Wanadri Kec. Bawang,Dusuh Karangpucung RT 02 RW 04,"-7.4721526, 109.6203573",-7.4721526,109.6203573,"Jumat, 18 Maret 2022",17:00:00,"Intensitas hujan yang tinggi selama beberapa hari, mengakibatkan pergerakan tanah ke arah utara dengan panjang retakan -+ 25 meter membentuk tapal kuda mengancam 1 rumah",- 1 rumah terancam             - 1 kandang kambing rusak,nihil,nihil,"- Cek lokasi 
- kerja bakti warga sekitar untuk menutup retakan tanah
- menutup longsoran dengan terpal","- BPBD Banjarnegara
- Koramil Bawang
- Kecamatan Bawang
- TKSK
- Pemdes Wanadri
- Destana Wanadri
- Warga sekitar.",- Logistik permakanan (karangpucung,"A.MUZER.
0889-8328-4606","- Agung Septianto
- Fahri Susanto","-Droping Logistik Permakanan
-Beras 10 kg
-Mie instan 2 Dus
-Gula Pasir 1 Kg
-Biskuit Sari Gandum 2 Pcs
- Logistik Permakan  1 Set (PMI)
- Logistik Permakan 1 set ( Dinsos)","https://mymaps.usercontent.google.com/hostedimage/m/*/3AE5a_GwGbwtf3XOAfvAtEJ9a2UROoE804Mk0TcoggFC0iHvZVN2UZL4b5bSLoFPfppucNkRyYXUrqEG-UyLp2Dq3z2A8vMi03CwpHaIxonZmDGE8utBM48T3FutrxWf_3eXpYGnMbfFnYChqObcHdsnBHa9tYNItd76dsRlBK6Hq7hsi5Oq-aMrpiPur9vDakNoXqw5AhvYGOs4THEU?fife=s16383, https://mymaps.usercontent.google.com/hostedimage/m/*/3AE5a_GzkJK6AnBfQP7pw0gNReH6uLkfY4Gr3WV3oDeKPc1qbslomzYc80hY7jLP7JNji8LST907I6I-n-WFxKHp7aIjs21jiqdcINvV0Lc2jOTcM5PiLxHw1-ZWyhnebmf2Yhf-kdIJNayVmFc_vM2UqJ_-J3Qo62nfj1bj35C7SKwkHiy1Qnf-BpgQuCB2ajjhFbpzMQCDvMhye-94?fife=s16383, https://mymaps.usercontent.google.com/hostedimage/m/*/3AE5a_Gyi27KvvC9W2o27oCMYvkKuaN2cooJWIhMpyiiGrNtGNZ0QHt-OqHvdhXMaBqQKymxmDT1tFcg1iFwpvXhoEPcNtI5xbNcLfj1xNtmeEx4cxUIUt1tfrbyt3GasrZCP_5zCk6MJ21SrRMISt_ffoW4y73yyTQ82VQY9G2V2zERxii2dYVPZ1dR2cUx-eQ9K9qhGezakb7qVj9s?fife=s16383, https://mymaps.usercontent.google.com/hostedimage/m/*/3AE5a_GyaIfqy9c2Gb7964AWdSMW9FEcUyp8E_XjPIyAcorM8ajM7BH6iZrKZgqwAsdcfxssNLaxTI-R8CjggT6AySrrRzZ7Y935i8Dzqm48HQi8ona_8MeOfOzQ5YN7iMOY3cfnG_nBhH4P3c4ry5m0Nhb_SRZhtDiIU0hlc_ONVtqk0SJ5A7hbD0seu96wQkbxFDeHCLCnDuiQh-Q?fife=s16383"
MARET-APRIL 2022,"Tanah Longsor, Desa Wanadri Kec. Bawang",,Tanah Longsor,Desa Wanadri Kec. Bawang,Dusun silangit rt 1 rw 10,"-7.49555, 109.61434",-7.49555,109.61434,"Jumat, 18 Maret 2022",17:00:00,"Intensitas hujan yang tinggi selama beberapa hari, dengan kemiringan 90° tinggi -+30 meter menyebabkan tebing longsor dan mengancam 1 rumah",mengancam 1 rumah,nihil,nihil,"- Cek lokasi 
- kerja bakti warga sekitar untuk menutup retakan tanah
- menutup longsoran dengan terpal","- BPBD Banjarnegara
- Koramil Bawang
- Kecamatan Bawang
- TKSK
- Pemdes Wanadri
- Destana Wanadri
- Warga sekitar.","- Dibutuhkan rumput vertiver untuk pencegahan dan pohon aren
- Terpal 2 (silangit) 
- Pemerintah desa agar segera membuat laporan kejadian","A.MUZER.
0889-8328-4606","- Agung Septianto
- Fahri Susanto","- Terpal 1 Lembar ( Bpbd)
-Terpal 1 Lembar (Dinsos)","https://mymaps.usercontent.google.com/hostedimage/m/*/3AE5a_Gyo59SZBYMDe_tf0VsigImXSjc3ZpsVnsQE2VC2zOHBiSzk6XpPLWB-du-0LN8wZi-BNeRVuI63J2TkDRjGH8k53JmNvF44VGpQVecYA7xhW7VI1e7tPTMs8H3WHhWxFgO0wpLcGkiOfmSIQ4jKs7b534Uoqv5IZo-YgetAMpaMvWGS2aIQqVKPmKa2cabCKBHw-PCWASIQ3Xo?fife=s16383, https://mymaps.usercontent.google.com/hostedimage/m/*/3AE5a_Gwm6eAQBBvhO5clSotRzvWgB9pJZ4W7_4nqJJJi11rYMtMGY-lC2nXZIhYxfy60ZSWHeL5wBX6037CgrlD4xvChTT_wbFZfJVOvr16c2cEiDywbHSLsK0-m6WtYmB_p-Zy7QWlLgkIqD3aklYngmtCq7G4KixojVvTK2TkYonhZbs2RKInnb0fD0dnmmIVTZFYKa8xbFnmV1qQ?fife=s16383, https://mymaps.usercontent.google.com/hostedimage/m/*/3AE5a_GzCqG2SIQxwMv9S4OMk9ExGsLHJ450hvMmXrrOFA0zSHRp0_VuMzu8VI419QagsHgLe1kGS7Kp9KMwqHLdHhglME6YrZUPgR0QmSsehSRUHBebsUriDKx74Ki7QoMZ38RnEMttTUF5EXSEoE9Z025g9mUEIy0RiKiCBS97sn7xHA9ud8hsxGiHa671JWSNCJe9o22Z0kL7PySQ?fife=s16383, https://mymaps.usercontent.google.com/hostedimage/m/*/3AE5a_GwCkzpo4T6vAxLsoa-qMfUT7jzGmP1s0A_UtJqgw5k6XXzWRZLzZaQO_5iM1GwjZ84GJ0jY1Ohe63HguwuQVLmBAvMRYqv-bxcQJa9dHgUbjo1JlrnzxBUbBbnSBwXc5djkya04NYEPowYzZnhyixAqhjnV0duRvimzr8Od5Ufh6FonUlE7oXfcrrHvJ7iZqTkO-jXrmYxCIA?fife=s16383"
MARET-APRIL 2022,"Tanah Longsor, Desa Kebondalem Kec. Bawang",x,Tanah Longsor,Desa Kebondalem Kec. Bawang,Dusun kuwali rt 1 rw 7,"-7.4878399, 109.619391",-7.4878399,109.619391,"Jumat, 18 Maret 2022",17:00:00,"intensitas hujan yang tinggi selama beberapa hari, mengakibatkan talud setinggi -+4 meter amblas",- jalan tidak dapat dilalui kendaraan roda 4,nihil,nihil,- Cek lokasi,"- BPBD Banjarnegara
- Koramil Bawang
- Kecamatan Bawang
- TKSK
- Pemdes Kebondalem",- koordinasi dengan pihak terkait,,"- Agung Septianto
- Fahri Susanto",,"https://mymaps.usercontent.google.com/hostedimage/m/*/3AE5a_GwohNOZyqDEFB66eXT5bUg2Fp3HGEtRPQdNwJk5PTX-a7oOXrFE53mfKnhf04Nh1iJnSMIw8pZIAbyFDuX96bi6R6wnxkCkW69c366_ENgJdYpY14YEIvH5M_gJAGZOfI_jxlD3Lv0BM3eX_pywnuw-XyX5t7NhUJ7ra8zyMTgvF9tMINNmYi9MuiL0r6rdaIIFGM6yu594ri0?fife=s16383, https://mymaps.usercontent.google.com/hostedimage/m/*/3AE5a_GwTAf6kZqBGw8-grzqLZIK6DYYE5-zlyVCavVegN9tM8NXxlHgB4Vx4ivduEIRzBddgeAQnY9IP7_SPr7cuGx25pzlT0ZVKmhBhOze0dLqdcXjMoYKSy3RLXpLMfmq0SgMxzbNrK2lnZPiGHkkjp-ZTFSQkyAqe1W1vrVJTD3CAU6u1_H_oLDqaxdJmi9VEGK-JIHlvAHgtivA?fife=s16383, https://mymaps.usercontent.google.com/hostedimage/m/*/3AE5a_GzYekUChAkdzAtTldvSvdx7Pc8dBer0EWq6eZeJUDadTmI4xs7mv-me_7GJ6WLGO316dbosme8fJlcy3lhvSDqltAe4z8nlafatN7DiKbB-BQUZozJSmCH4GzOogxTqWLmtigulJ916WRGLMgwSQMgK9DULBouFZG9ZQU5h-2TupdTxKRNpuDOEnNi5OKIfQBRZqdYBJlD_FAU?fife=s16383, https://mymaps.usercontent.google.com/hostedimage/m/*/3AE5a_GzNpv99V53nxgWzZxFrBekg3TrzyT3WysD0N9snlzB-R0xXiBkE8NR2xz48pgS7xZRGxTgwWpF_IO2UpzQZSSxMrfGyTKDWg3lkLa1h3Qd6mUHGWyyrpxQZi78hX_zYL0IXlMHQB-_pETgu5uf_HQRoOtyJbqTXkGKJ20S5dajJl66Co9tsbjjMxck3kZ02WiCr7-bbZjHpIzA?fife=s16383"
MARET-APRIL 2022,"Tanah Longsor, Desa Dawuhan Kec.Madukara",x,Tanah Longsor,Desa Dawuhan Kec.Madukara,Dusun Sidengen 04/01,"-7.37366, 109.729887",-7.37366,109.729887,"Senin, 21 Maret 2022",15:00:00,Hujan dengan intensitas tinggi mengakibatkan Talud samping rumah Longsor Yang Mengakibatkan Dapur Milik Bapak Ramlan(2Jiwa)Terkena Kikisan Longsor Dengan Lebar -+7Meter Dan Dan Ketinggian-+4 Meter,-1 Rumah rusak ringan : Bagian Dapur milik bapak Ramlan(2Jiwa)Terkena Longsoran.,nihil,nihil,"- Cek Lokasi 
-Koordinasi Dengan Pihak Pemdes untuk membuat surat permohonan.
-Menghimbau kepada warga masyarakat agar selalu waspada bilamana terjadi hujan dengan intensitas lebih dari 1 jam.
-Memghimbau untuk sementara jika terjadi hujan lagi untuk ditutup dengan terpal.","1.Destana Dawuhan
2.Pemdes Dawuhan","Kebutuhan Mendesak Terpal 2 Dan 50 Karung untuk mengantisipasi Terkikis kembali Bilamana terjadi hujan kembali.
-Droping Logistik Permakanan
-Droping Logistik Non Permakanan
*Seng 10
*Kaso 6",,"- Daryoto
- Widia Dwi Kurniawan","-Droping logistik Permakan
-Beras 10 kg
-Mie instan 2 Dus
-Gula Pasir 1 Kg
-Biskuit Sari Gandum 2 Pcs
-Droping Logistik Non Permakanan
-Seng 5 Lembar
-Kaso 6 Batang
- Logistik Permakan  1 Set (PMI)
-Terpal 1 Lembar (PMI)
- Logistik Permakan 1 set ( Dinsos)
-Terpal 1 Lembar (Dinsos)","https://mymaps.usercontent.google.com/hostedimage/m/*/3AE5a_GxCZdLKc_Sv4gkQpUUmKZaTud6UJQWN3NBENgkNsIvNpBYM9_JrG5lVCw8eVOz17855f9VulL7crVoeKp0LBf3qamWWq4P1z10ZYee9E7jjAi6vJ6yU_D7p8Smvmzj9s0Y926AuQVeG76_e2uGCxMREJg1zn6bHbTfUORR906oVNnBT-QQtlusG1M_kLDoWK-l8z9ElYw1jpXg?fife=s16383, https://mymaps.usercontent.google.com/hostedimage/m/*/3AE5a_Gy_Y0-EqVeiCM3Jz11a6JTi88hI3TF7g6Oj19QyfZHSokdOGLzgcKHnnnWmT3RTCEOT7ORJWp-Q7dr5VhDJlJV2IKtzMqS85UOwinJExl0ONHdqvBFHgbyT7J448erpDZNqGzLiH2W971F9DeI_IEFmGlVKerRY2LSR-aZ48D_Urz06eIgdpphJfXiDsbRK4Z9RONsEVe83nw?fife=s16383, https://mymaps.usercontent.google.com/hostedimage/m/*/3AE5a_Gy1FctwRURCsNIdkV5aBQflCjsvo0iyFEpogvX6xr6pwMp45xLgx1a1BBjCUtTjy1kyL0Knzq79jqsTzKycDyhr95xdILzPQbnMxAmwXvpyMIL2nDyvLNsGpVwLcgUeQIfEq6w9qbYLVQbLah7HA2lGvln98d2Ee4unEFTKW4lS5yEIEysY39hyDAKRJQiGMInGyECzhm8NGA?fife=s16383, https://mymaps.usercontent.google.com/hostedimage/m/*/3AE5a_GxYZBtyK_A3YjfcTgOxvEGGgT3DgfTHQG7_A3xxSM1gbrxgXuC_Oy2WM4BXzMy1qBtVHuDgYE-N-E5LmhwWFfpqijD7Z0ruzZquMjCxkoWPuKKbWkqa9xeP0wV3EYP_jq-t6dT_0Jw7hYWJ_bcJJWsQLRt17Ltt_PSJZQzkSqvHUarqm2Pi5eOuo-ryg6ifEWCJrNUwOakPhw?fife=s16383"
MARET-APRIL 2022,"Tanah Longsor, Desa Asinan Kec. Kalibening",x,Tanah Longsor,Desa Asinan Kec. Kalibening,Dusun Karangnangka RT 01 RW 02,"-7.265156, 109.651991",-7.265156,109.651991,"Senin, 21 Maret 2022",,"Hujan intensitas tinggi selama beberapa hari di sekitar wilayah Desa Asinan Kecamatan Kalibening mengakibatkan terjadinya pergerakan tanah di Dusun Karangnangka dan hingga saat ini masih terjadi pergerakan tanah.

""1.amblesnya jalan kabupaten ruas jalan sembawa asinan margasari di wilayah RT 01 RW 02 Asinan
2.Rumah yang terdampak SUKOYO SISWO,,MISTI MISTOYO,HANTO,TUHRI SUWARDI,MISKO RATMOKO
akibat di hari senin hujan deras dari hari selasa sudah mulai adanya pergerakan tanah
3.di karenakan daerah aliran sungai jaha sampai daerah aliran sungai kantet bagian bawah sebelah selatan lapangan desa asinan terjadi erosi,,
Sekian dan terimakasih""","1 rumah rusak berat
- Tn. Sukoyo siswo (70th) 
- Ny. Manisem (65th) 
 Rt 01 Rw 02 
📍(-7.2663097,109.6521039)
Mengungsi dirumah Tn. Kisnanto


8 rumah terancam
- Tn. Warso (37th)
- Ny. Misti Mistoyo (67)
Rt 01 Rw 02
📍(-7.2668787,109.6523198)

- Tn. Hanto (32th)
- Ny. Yatimah(33th)
- Maelita(13th)
- Bilqis(3th)
Rt 01 Rw 02
📍(-7.2669000,109.6522040)

- Tn. Mislam samsudin
- Tn. Misni
-Tn. Ihsan juniawan
-Tn.Minah
Rt 01 Rw 02
📍(-7.2670590, 109.6531460)

- Ny. Sulastri
- Tn. Nasirin
Rt 01 Rw 02
📍(-7.2671890, 109.6532330)

- Tn. Tuheni
- Tn. Tlompak
Rt 01 Rw 02
📍(-7.2672680, 109.6528070)

- Tn. Jabidi (3 jiwa)
Rt 01 Rw 02
📍(-7.2674120, 109.6525200)

- Tn. Juwardi (3 jiwa)
Rt 01 Rw 02
📍(-7.2673940, 109.6524170)

- Tn. Ratmoko (4 jiwa)
Rt 01 Rw 02
📍(-7.2675380, 109.6524020)",nihil,5 KK,"- Assesment
- Himbauan kepada masyarakat agar lebih berhati hati karena pergerakan tanah sampai saat ini masih terjadi dan warga untuk menutup retakan tanah serta mengeringkan kolam disekitaran lokasi kejadian. - Droping Logistik","- BPBD Banjarnegarera
- Pemdes Asinan
- TKSK/ TAGANA
- RAPI
- Destana Asinan",,,"- Jamroh
- Disem
- Fahri - Daryoto - Ismail",- Logistik permakanan 5 paket,"https://mymaps.usercontent.google.com/hostedimage/m/*/3AE5a_Gw83qhRD6a325Qn4BQrXVA254CWyBrYSQ6KweW8iBmKYIghVF6uYvK2DtY7ujgi7Ajc_8F85nUeiobEE9DN_nVpoOoUhSgRHAB868F3rJOU-egJQ2mFZ6uNvLipBv6-4lo2ZT6Ag2hw5EDD2mCD84DBpFnBCSt7geomCAaCD6bGGJHlpsS5VsEwKpUCULWI4t1fUwZ-0e2JZA?fife=s16383, https://mymaps.usercontent.google.com/hostedimage/m/*/3AE5a_GymRICN_baSrpNsPY9dL4Y1HHlvE-7Tl30m6XaDSc8DHDvfP68hX5fdZSUYmfhSBfZ_rnQp-3AuZ8mpVS9jyafNnGSD986il0EujekX78dx9HtOkLC3uAAmhY04ExRP6z-y0p0PwpmK1kaP6cppbpw2ogLKGFokJYCjbEmb1e5zxEYsLUHh_9YLaWnl-FW8-Bgu5aRMroyppHI?fife=s16383, https://mymaps.usercontent.google.com/hostedimage/m/*/3AE5a_GzKKCi3faK6SYohGwLLohFzxw0QIAh_Lujw-JD4xnXCnUF3z-7akkxLES9ojprpa9Gp29HyIlh56POEWEfUcEfOmxVRhAieW_KY-ClSTP0RHIBs8_3Pi6LZoG7t4cKF2mvJFqYCf4oXUuUHT4zmPummYRjtrA1ZtGBWKxc6mH9D3l1MYARhwDlf_qtzd_-sYKe7RevyiVQoag0?fife=s16383, https://mymaps.usercontent.google.com/hostedimage/m/*/3AE5a_Gw-EJ4_n2bDRbK3CormtjI9nxmVaI7nNN59WaZ_I5aiFtGrwCZ8MvEa0SaKE_LQ_cIqgWrRoy5Y9byboRpIAxzNXEICVk8UuS2c38yoHUtpRzErueQPDIXBf59bHjHXA_4Pv0Vosd5lTQtJ6G3tHXRdyDobyobv03dvoFGo4KsDn3ML8VcoLQjxJvxiXbPj8zju0XjhDQ_2Mg?fife=s16383, https://mymaps.usercontent.google.com/hostedimage/m/*/3AE5a_Gw9BqYD-BSIuMWImcgPoCFtpUhpbnpDZQBQZ_uYBb05b4QKVfI9XcoVwMubqnUiApsU3IwYFoUT567tJCbb5hd2tnVrH1eDIJTTYvmMMTAjEQ2NejYrDfjDhbBb4b5MCFUDkgDNY30XWoDSO8MnvWu7Bo-ckLCyQecc3s2prQyY7mRwUI65AdvEHhBoYGDqEA0qIp5ZZbtEkA?fife=s16383, https://mymaps.usercontent.google.com/hostedimage/m/*/3AE5a_GwHMeJie0RqcggEQ2Jinwo37NQ_FQOgIwzK8I0YOeVW-i1EfmV7COAFUGzpI6SSev_yZOGHVccSf4LQMvMzeRrQ-E_ZeKR42Yjy-iz-db66KVu_4OghV4zi1F-e_Hs2DCQX09v85TJO734YHSLYz2jIqwkvUjcMLn4CzsWlTY1-HtcEUCAqp8znhzDglwDmxvmA8vJAjbpYtQ?fife=s16383, https://mymaps.usercontent.google.com/hostedimage/m/*/3AE5a_Gz3H6yLxIJy7PKVQPcGlE5Z4h52nDMBhBssYD5rgvQoBvFWctAueSSEB7DJ6ER6tsoDQUCLjKwfGTNRR7ao54IIRF7uEOMLV8OBzWdMNs2pOZc7Agj-pRONG8Oj89FGhIG3tn6oEVRAWq1ZOKFnNZzN31zoaQl91M8hs19OvwYYYUIlJL5lCkg15yioEgFz4hh5l0sbh7hIa7I?fife=s16383"
MARET-APRIL 2022,"Tanah Longsor, Desa Glempang, Kec. Mandiraja",,Tanah Longsor,"Desa Glempang, Kec. Mandiraja",Dusun Kopen RT 02/04,"-7.498835, 109.478025",-7.498835,109.478025,"Minggu, 27 Maret 2022",9:00,"- Hujan intensitas sedang hingga lebat di wilayah kabupaten Banjarnegara khususnya di Desa Glempang, Kec. Mandiraja selama 3 hari menyebabkan tanah longsor.","- Longsor mengancam Tempat Ibadah (Masjid)
Sudah dilaksanakan kerja bakti oleh masyarakat setempat -+ 40% , masih kekurangan terpal dan karung untuk membuat talud darurat.
- Tanah Longsor mengancam Rumah Warga, sudah dilakukan kerja bakti dan himbauan kepada masyarakat, Destana dan relawan gabungan melakukan pemantauan di pos pantau.",nihil,nihil,"- Tim BPBD melakukan asesmen dan droping Logistik ke lokasi kejadian.
- Himbauan kepada warga masyarakat untuk berhati-hati jika terjadi hujan dengan intensitas sedang hingga lebat disertai angin diwilayahnya.
- Distribusi Logistik Permakanan dan Non Permakanan","- BPBD
- Destana Glempang
- PMI KEc. Mandiraja
- Tagana",- Droping logistik Permakanan secara berkala untuk relawan di pos pemantauan.,Yayan (Destana Glempang),"- Tujono, S.IP
- Slamet Riyadi","BPBD
1. Terpal (1)
2. Karung (40)
PMI
1. Paket Permakanan (2)","https://mymaps.usercontent.google.com/hostedimage/m/*/3AE5a_Gy5QhKQDgdI88rydRgwHAP9VGj0_4s_XEw2CGJ2kSiTxfe6R6gXFgzI75GSJVMaB_EIUT1Bpl5eSkVSohDBly6HHgqoa0RrqtpWcsChw3vjFNq3XYk_U9VZIw2C_lPBp5GF0_QhJNs8iuygRA23D23rMOB_hOOj4TSPAkndNUpqQpV7SDmRumLzPKD5UF-FgxDrtlv-QDjoSg?fife=s16383, https://mymaps.usercontent.google.com/hostedimage/m/*/3AE5a_Gz84OG7RfOU3qOrU8DicY9iO1sGe2WrGPrLjmz6wqoQiyas9cNbhWfhpsxDKGID49WsRRXW90b5T0-rS7fV2p5qR2YyB0imeL7ocU-XQbc_zdxMe31NPY4bdGQX7_ESp-2jecw_ELc9lGQRoFfMbw_Rl2CONLaqgbyzewYasYjvSuI6nq1zFke9NqVfBnEovbIPEKCL1FkQ_V4?fife=s16383, https://mymaps.usercontent.google.com/hostedimage/m/*/3AE5a_Gw3a1GoLPyWRRqRfegH5wV882lgFymMjU5oVmdoxxjtvaR-KLvm5iR0owCNSl5LG3b5uZoh3Fx4TbYsKc_P-qj9x4-APrZgbzkNOW6CHCHf42jAKEBxYkNnw8WvXmNZnWW84YB8OguOLT6DQcHxYNLc0Jo-ztxSJCNCuUP-NppyctoW-C34bAzVje4cJPwee2jVhkXhWHoVFQ?fife=s16383, https://mymaps.usercontent.google.com/hostedimage/m/*/3AE5a_Gxf1vM0jge00cRxTEtVIcTPW1lt1Q3_3YZcEfpWHEu1vCVKXoeWS5ftu56zgrfwloNYd5ftC19qyhNrq0T4tp-uV-pQbbsZWSh2TaNfG56MQFghDOILZkveWZsYBDzrNuEDuAPm3bCkdXES_Sb1gsLq2J4QI7q1nWGF2GqhfncrvRMc0MTUYTc2qLUbjCJ3QFRAI_BEX0nDQA?fife=s16383, https://www.youtube.com/embed/tizBG6ySjM8"
MARET-APRIL 2022,"Tanah Longsor, Desa Pandansari, Kec. Wanayasa",,Tanah Longsor,"Desa Pandansari, Kec. Wanayasa",Dusun Gunungputih RT 03/03,"-7.300967, 109.76477",-7.300967,109.76477,"Senin, 28 Maret 2022",9:00,"- Hujan intensitas sedang hingga lebat di wilayah kabupaten Banjarnegara khususnya di Desa Pandansari , Kec. Wanayasa 
 Mengakibatkan tanah bergerak di lokasi pemukiman warga","1 Rumah Rusak Sedang, 2 rumah rusak ringan 
a.n
1. Salam Budi Santoso ( Rusak sedang)
2. Sujari ( Rusak ringan)
3. Barkah ( Rusak ringan)",nihil,nihil,"- Tim BPBD melakukan asesmen dan droping Logistik ke lokasi kejadian.
- Himbauan kepada warga masyarakat untuk berhati-hati jika terjadi hujan dengan intensitas sedang hingga lebat disertai angin diwilayahnya.
- Distribusi Logistik Permakanan dan Non Permakanan","- BPBD
- Destana Pandansari
- PMI 
- Tagana""",- Usulan Bansos untuk rumah yang mengalami rusak sedang,- Supono,"- Langgeng widodo
- sapto
- Jamroh","- Distribusi Logistik Permakanan dan Non Permakanan berupa.
BPBD
1. Triplek (15) 
2. Paket permakanan (3) 
PMI
1. Paket Permakanan (3 ) 
DINSOS 
Paket permakanan (3)","https://mymaps.usercontent.google.com/hostedimage/m/*/3AE5a_GwcoUwHSHzDvmLMk4wzJhVNyHjbg3klZfyLPmFXVaXj5Eh19oifAQ90curXOJskGj-nsU85APa0uK-O5lDkdGs_IjnW20jiHsgAo1jOfoPGzxk4gfXTMLpbyZpOF_wbIXKfFs2VUU1cduhpDaqGeJfO61wxw_aB6Y2krz31OB32cZqiUMf4EY7bAgWuPDcF644_GBUErcAPwQ?fife=s16383, https://mymaps.usercontent.google.com/hostedimage/m/*/3AE5a_GxgI48L14Lp6sZNCcKWhnSUwL_gccXUxmg1YXssrox0CaJhlQ1Z2WyT7a9hv1ih3Yv7dIZvFY3LXp_UoBzN-_01eRwnlGkdkOVHtl-cg1OFMBMA16xgr1mhS1Mxc4kqqodJvRVbBFMx0apDikbtYXdDXg5riUKSXS_-urcQDnaH8Nn3EsjNz4MnrLhNkeWV66tDOuqG90BWUU8?fife=s16383, https://mymaps.usercontent.google.com/hostedimage/m/*/3AE5a_Gxvw1KKkChTpSby_lwgTM2of7P_8VXmfZ2cwCFk6jMW4uBKV8YtepmMW8sCRz2KgleIbKdVJ_SUu_okacAmy3anMavNfM0-GCb82MlHJ-T1TJNdhOMzuqZykhQgu-ONabB8ToE0zUhu0wjofcovDB3KnBCwGUHByZKR7XigZBHc4mv7RDZaNaF-106sv25qFDFyFvKQNlHvAQ?fife=s16383, https://mymaps.usercontent.google.com/hostedimage/m/*/3AE5a_GzVLpRZXGsWIDGkqsbEu8UHeClprZDAEqFr_gNlz73kKIs1pxiicIwH5LTmc0XgSrftJBoaODJBTYeLJVCzPyvc3H8aR7hkN2usKqdDlY46uLAsDxirdVgo02UPt73h5it8Of4uSHlJbykBmqqk2Q55Gwdg014dFJrMeDIGsP3wYQ1LdOhnx5Wp20En4bhYm2eaauNuQbeCLQ?fife=s16383, https://mymaps.usercontent.google.com/hostedimage/m/*/3AE5a_GyHKWKls7vmt5TDVCE3muOErNhkKn8QYNISZb4gmvIiIiPjozNIcmsQoSbrPPvhop3nAQZLjDdEUSjKHVzhKECWpn8fSpS6OGC5q6MNa0C1N-4htow7TQ9YgSCj8x-NmNN4Yxr6fLJ_2h51bRDkcnIYkZMDTtU-vYBOjs_vylPWzb4lDze42qPTroxUN1ST1DmOQol4fxjVKA?fife=s16383, https://mymaps.usercontent.google.com/hostedimage/m/*/3AE5a_Gx8igvmVookIOmKWRmRDbCOL1oL-swReoTSG0p3nxSUD-Pv3b4aFjLKbRUiZrjJektlgdKAd1TOzE_F6mqctb7dTSfx3dltZDbpOEnFVn-g80mawuZ-J8X2Ys70Wcjv4abNblD57qmtwMQ5KMahtGM8aqO9SZBIQq-STc-TMYFq1eMf3xuqKgmLTgZScpBOgFGkFK7nRpwZrg?fife=s16383, https://mymaps.usercontent.google.com/hostedimage/m/*/3AE5a_GwmY_6PzSuPEo7YjeScOklAO77WrtZdKMGgNR82MrERMwriOD0SumEAGrQ8HYBf3NXV-4swnqf4-I9KmFGE_r5npLq4QLODpLPOFS7Ayk71o3-W_SA5QKNOw30jdx5ye5PQpJdJLI-n7B92k36fe8IUJcSKiv9035IOItrtSo1HxlUZhWLxomAIHGwuB140jWqblCNqYdvy-A?fife=s16383"
MARET-APRIL 2022,"Tanah Longsor, Desa Sirkandi Kec.Pwj Klampok",x,Tanah Longsor,Desa Sirkandi Kec.Pwj Klampok,Dusun selaraga 04/05,"-7.519834, 109.449863",-7.519834,109.449863,"Rabu, 30 Maret 2022",20:00:00,Hujan dengan intensitas tinggi disertai angin mengakibatkan rumpun bambu yang berada di atas rumah -+ 50 Meter  menimpa rumah bagian dapur Dengan Bahan bangunan bambu dan kamar mandi dengan ukuran -+6x6,1 rumah rusak ringan milik bapak Sutrisno 62(4 jiwa).,nihil,nihil,"- Cek Lokasi 
-Koordinasi Dengan Pihak Pemdes untuk membuat surat permohonan.
-Menghimbau kepada warga masyarakat agar selalu waspada bilamana terjadi hujan dengan intensitas lebih dari 1 jam. 
- Droping Logistik","- BPBD Banjarnegara
- Pemdes Sirkandi","-Droping Logistik Permakanan
-Droping Logistik Non Permakanan
*triplek 15 lembar
-Peralatan Dapur 1 set","SARNO kadus selaraga 
'08500229265","-Budi Mulyawan
- Widia Dwi Kurniawan      - Agung Septianto","- Logistik Permakanan 1 Set
- Logistik Non Permakanan
*triplek 15 lembar
*Kaso 6 batang
- Peralatan Dapur 1 set","https://mymaps.usercontent.google.com/hostedimage/m/*/3AE5a_Gw4-6vESU_DEln9rJJ_qHHDt6rCpf2rWKpgUnEzFLbZueLwE9mz6Kev-aAUGs43t27eWPZEj968O8iJwBPSU7zaHddvbyJc8myw_FML6PKFvBO5hH7etVMKb29FkhLC9cbL44rsV5LEJb-1GP0hR8bjvIbwJVrKPdkC5-7V6FrwzGpATuwi72Yth9o73h9csbwr-73tWrW34w?fife=s16383, https://mymaps.usercontent.google.com/hostedimage/m/*/3AE5a_GyJ96HjIMPPFAq1DBxWVv8dK61smHmhQ9taUCmRcHh_cjpbdUO5HfE3P-hkuJcFXxo1Itoufg20t6pxj13ek7o1rDnn0BPHH0fVMxk9rDSjcEnKwM0PZiBb1jVnRbgONFg71BPRlBQNTrK6ZZL-Zp04MTwWXmk0A1uuTJyScO_sLPqQrirQmNCuLcMws1BBM1fqDP9Dv1z5fA?fife=s16383, https://mymaps.usercontent.google.com/hostedimage/m/*/3AE5a_GxSswKUSxl4YEpfZKTkDGcNgrCohDXkkdgKTiZVIfwO_CkTfawdau30FbbgYz3-x0td2gB5pWfVhO0H7i7ksLJ_Tfg4sXdLOY3GBfKRz1H_QjZK9nNeiimpMvU0I2MdVe0o2SYx9HcUTFKxDVEDX3ikX_YgU8UcW7d2O5eBfIOez2KTrOBD87COA9vhbOKnDn3N20B77yVy7g?fife=s16383, https://mymaps.usercontent.google.com/hostedimage/m/*/3AE5a_GwMUVB-AM5nGdQWwhNC3pkEg97qvc9SF5zrm7MqvUQlPzs1-cFUs4wGddq8EardnhrY88eU-uYI8oSnezpLDF2X-GgYhzGAJSLhCTvo7BeeoxYNKW1DfYCSLcdCthotYRpjeGI6Sc1mbXBjUYFkDd7CGVc2KNnxCoP4rpfiW9ASEoE3yiW4zwaAZLx4GdsjEoZkoSSBbtK4UQ?fife=s16383"
MARET-APRIL 2022,"Tanah Longsor, Desa Sirkandi Kec.Pwj Klampok",x,Tanah Longsor,Desa Sirkandi Kec.Pwj Klampok,Dusun selaraga 03/05,"-7.519915, 109.449811",-7.519915,109.449811,"Rabu, 30 Maret 2022",21:00:00,Hujan dengan intensitas tinggi disertai angin mengakibatkan Rumah Bagian Dapur Permanen  Milik Bapak sirin aryanto 49(6jiwa) Ambruk denga ukuran  -+ 4x5,1 rumah rusak ringan (bagian dapur ambruk) milik bapak sirin 49 6 jiwa),nihil,nihil,"- Cek Lokasi 
-Koordinasi Dengan Pihak Pemdes untuk membuat surat permohonan.
-Menghimbau kepada warga masyarakat agar selalu waspada bilamana terjadi hujan dengan intensitas lebih dari 1 jam. 
- Droping Logistik","- BPBD Banjarnegara
- Pemdes Sirkandi","-Droping logistik permakanan
-Droping peralatan dapur 1 set
-Triplek 10 Lembar","SARNO kadus selaraga 
'08500229265","-Budi Mulyawan 
- Widia Dwi Kurniawan",,"https://mymaps.usercontent.google.com/hostedimage/m/*/3AE5a_GzsAm_aatfu9ZDJPb0bpKOBhoCf2llqBlu4an2rbiyaS_nj9vTFKtbztYF06f_4n75AxsF0rfY2qiotxvqaQRZcx-2qLfvM2-L712h3Bo4KsFNs_BZ5LnbD1U6yKNT7vha0GQX-zUukpTp6MG1HhyQDz9asMABZ3_Zk-GAWSXdCL5QtjERY0bDL4uzqRFLYG9IR73bNmAWg5g?fife=s16383, https://mymaps.usercontent.google.com/hostedimage/m/*/3AE5a_Gz9RZvYs6QMDMnSr--XKyCDNMgPMYhDF62wkFys5mOvwO8Zt6aHxlBieJvqPjGlmtmJLgWwaXw_WDP9m3yIcvwy8ro1CucCopGgwnPZclKpOZklTILAlo5HFHkyhPKin6DAGSfpt8KXr_KDgDVu3TTc1OWaI48UfbtWvv91SHhYFDiX0dduSvtfNO1YfdxJ0xqL7hhJxCD1RA?fife=s16383, https://mymaps.usercontent.google.com/hostedimage/m/*/3AE5a_GyiUg9seDHNaC5H0jaZKbJaAhatTY9yVZ0yYpCbMxoJHDoR2IoVN021qLV32tio3kYblnz9D0TwmHY99l3nIoccpbrtp0hPieb5bOWmtrv2tSGLN1lrQEDFXXy2bHmfb2-2DcNtLYadtT2S_cZ9p9MNMhkyWmK8RcFrMYWux3LiEh-xH_T3KAB6uuqEe859YYwEDjpQ39oQtA?fife=s16383, https://mymaps.usercontent.google.com/hostedimage/m/*/3AE5a_GyU6SxLjEDS9evW1SE2k8oIdz911MS4n1xgn_Yv8d9LSmJGvwgG07alKkuZJfAm590ObkrwirbnOb0v5GBKTZm2hij_9nwQz_E6YisbP-6WbcGwd4A5Ng6g8yf37DEier3SDcr860ulo-ec8JZahWGmt7g_c-gP-IxWRnGkqxUjd_EyWMTUSjpTEjLLHNTUBewRqBRXl-98J_4?fife=s16383, https://mymaps.usercontent.google.com/hostedimage/m/*/3AE5a_GwzfQwvTmTJdO1SOgkja3hIyyteQvU0jcFIG0UXzxRhpW-aXxunL1ja4NuQ4Y_96h5_0QGV9kCC732Qhbk0tTM71cu_Cf8irx0u2kSfERH0AIjTVKa9czmoDMOEix0JWV5zooKVJIxQ23v6xt8jEVpcySCVFhFm8le5fdTzJSWHSeTYYvNNPCjbczRTWBmEIDXEsmDFSkFDoeg?fife=s16383"
MARET-APRIL 2022,"Tanah Longsor, Desa Pandanarum Kec Pandanarum",x,Tanah Longsor,Desa Pandanarum Kec Pandanarum,Dusun Salam ( MI GUPPI Pandanarum),"-7.284398, 109.60399",-7.284398,109.60399,"Kamis, 31 Maret 2022",21:00:00,"Hujan intensitas tinggi terjadi di wilayah tersebut sejak pukul 17.30 wib
Talud dengan tinggi 4meter panjang 10 meter longsor.",- Material menutup saluran air di Madrasah Ibtidaiyah (mi) Salam Desa Pandanarum kec Pandanarum.,nihil,nihil,INFO AWAL,,,Kasi Kesra kec Pandanarum,,,"https://mymaps.usercontent.google.com/hostedimage/m/*/3AE5a_GwGpenMdi_i4rig7o4SDCzbFS6R8LL03jDZpwOnB_4Z4iBKydKgmnpb66UTXGDRueDhpabPx6pO4Ash8QQOK6tWAIEdY0hT6OETvJtpruaXqYRKYrys-LoaK4IguNWLPZwgl-22JqyxgCBxJjlDvHYaOLkX5fyfJR9sC3xrlrXx2UVjop0H_PofrRslWLT5KonanvIAah3I2A?fife=s16383, https://mymaps.usercontent.google.com/hostedimage/m/*/3AE5a_GxVMLk3CwWiXKkqv_GDkjf55PhEI6UuVkYN2IVZkLFgZAkcDbuwuo3t8LoqevAPNBq-wLlrlB9sV36T6INJroKOmnPLS32VQDoqW4vuM5BJ_mNc9jnrPnsRSJ7vkMG8h0Aytwo2mguQPKnKKp01Hrxn3rTm4oLfUtWYpKc0InRKZvkiNNg6VQcGqs8jI5oHkfC5Jrng6Ph9vA?fife=s16383, https://mymaps.usercontent.google.com/hostedimage/m/*/3AE5a_Gy9-jXYtluUQkBKgBtxruF6xHIrRgUmiGGp2tfow5NjcRrA4rUFrjEZI1r9Ui3hBJTUZq93BTk9p9AnOpOEqXjq5WhZsV8rlb3ZYIAQ0flFdFTXA729T8Aqy5En-J_8qpLyLfJG252NrKq6FmWI4IQ7304n3Xk7RlPeARwevCaD4EBtsNdBQfH5fekIf9NOzdlOD7XoXmo4zQ?fife=s16383"
MARET-APRIL 2022,"Tanah Longsor, Desa Sinduaji Kec. Pandanarum",,Tanah Longsor,Desa Sinduaji Kec. Pandanarum,RT.02 RW. 04 dan RT.01/01,"-7.27898, 109.591605",-7.27898,109.591605,"Jumat, 01 April 2022",11:30:00,Pada hari Kamis tanggal 31 Maret 2022 terjadi hujan lebat dari pukul 17.30 wib sehingga mengakibatkan Tebing tinggi 6m x 10 m Longsor.,2 rumah terancam,nihil,nihil,- info awal,"- Pemdes Sinduaji 
- Kecamatan Pandanarum",Memohon bantuan untuk pembangunan infrastruktur talud penahan pemukiman,,,,"https://mymaps.usercontent.google.com/hostedimage/m/*/3AE5a_Gwo3cpud0P3VU4hyPEihY-CTfYBKrwDDQ6qQKlc_0Bu3ePOF31AgeI7oOqkSlBjAzW4L0OMkgtK9I1y0IggNJWvn9shlFksUmQkBdgpRg_CGbJUowrAU0FxDzsurb1DsuED0_uhliT8jBhLUccgylj2E2w32o7FL2nmbgD_KJtqhAwe86cL8DDWri3fB0F5sbpxNJHhYZZ7mg?fife=s16383, https://mymaps.usercontent.google.com/hostedimage/m/*/3AE5a_GzmXpOkJZHEWwrbDNWWoZefHwJdwHaoTi-7gdP8E5u9QR1hQ0z_daECsTNSp7tlErxBfzE9nFEBgvBu-TyBHMNeXGuAyrDuH9EfKkcrt8T_8GQ8w9GpAl-8sbaaPVh2WDIxUtLHVvy62Q0edSwWuG_jcJyaSMIqUDkaOzH9tqzfDp2-2vwZgX8xYL6kq6IUOMdobh7QSgRir98?fife=s16383, https://mymaps.usercontent.google.com/hostedimage/m/*/3AE5a_Gwhq9_Vx0IkvRBUgVyg8nRq3CS3qEtDaabYqbrWTcOzJ92Eo-CxbaE8DiDlxnCH7C7hEbIA8-BSwQ4kTlZ9aO_0dmxvsG29_vKv-q1bMcDUOaMKEm207b_emHqIwjkiXBcyAPPhsONuZxKnmw4JiZneiZ3n_OLHF2U3Cdur1jTIDict9x15e7l5NCnafIVYjW2kXUut7hYXVw?fife=s16383, https://mymaps.usercontent.google.com/hostedimage/m/*/3AE5a_GxhhRnxH3KSXkflko4KfqdQHjICxE7r0ZjdTm4RBrdTi0kPW6NmLobwoXgKmsRtbTwWDPGi8zy94MUaRjvrEe7yzRetbmyGyNFwbeROZzHLqnVuacAfBPoQrDGYKJOQ5p0_vemwsr8Zd1mQuGw_PlUXS-yIrnyz94QLDvPES7uVfTU2DnSv8y-GdHji8wIZsa6rQ8H6Auac5Q?fife=s16383"
MARET-APRIL 2022,"Tanah Longsor, Desa Pagerpelah Kec. Karangkobar",,Tanah Longsor,Desa Pagerpelah Kec. Karangkobar,Pogok,"-7.285502, 109.698257",-7.285502,109.698257,"Jumat, 01 April 2022",11:00:00,jalan ambles,1 ruas jalan kabupaten rusak,nihil,nihil,- info awal,- RAPI Banjarnegara,,"Pak kisut
0852 2666 2255",,,https://mymaps.usercontent.google.com/hostedimage/m/*/3AE5a_GweOmM4dvuRyQg_Dp3RpqymUQjABVwiA47zNhrzJ1fwoMPfEs7FXAh4eLCEGOMsJYgw8KyzI8IUkCNmQoWRcm_DAyeqbTT2-_FrKd84wJAXqS6IvUeXNBYH3OvLZbWwp56S5n9Rd291QcKaoFjsx4vtlA8VxlhE352FThCjj8jrQH-JYtfqBZZG7mfW6la2ffxvue7xVPmSpZc?fife=s16383
MARET-APRIL 2022,"Tanah Longsor, Desa Sirukem Kec.kalibening",,Tanah Longsor,Desa Sirukem Kec.kalibening,Rt 01/02,"-7.235414, 109.69912",-7.235414,109.69912,"Jumat, 01 April 2022",13:10:00,Tanah Longsor mengakibatkan tembok penahan SD N sirukem dan dapur mengalami rusak,1 Bangunan SD Terancam dan 1 rumah rusak ringan,nihil,nihil,- info awal,- Pemdes Sirukem,,"Heru ( Sekdes Sirukem )
0822 5000 0458",,,"https://mymaps.usercontent.google.com/hostedimage/m/*/3AE5a_Gw_18A7gk4aKgohIdgD4SoW5H8ECSeDVMOEB_jFTwfqGVMPJnOHvCmFtdx16BuWxW67mK0qzG7L2MMyPkTbdVr4SZnWAJF_MePUbgYfPsJTLTaICNJ_-Bj-N2ufT7aBa-dd0kWvgBljMBWmosiJ9iQcKK41XDsmbUFYY96-IVkSPHwfht8FwwDHgPezrRwtaogd4X6SIsi7pA?fife=s16383, https://mymaps.usercontent.google.com/hostedimage/m/*/3AE5a_Gyx8XdPuhl13n2nsCfnFcjr7Y_NHnV9EQ0W7TE9awcvquhuaFCAaQvcifA3FieNTX4nbCo9wTgBqNjA6v67fc8YC_HY1pt9tHbA6xb-2nzZtKfQEm2GqbE6IUT9Sd2NjxxeD2bV_rfVycLBHCpgvCG9gBY_RdjC-RyvGNNumPGMXBO6P9Ykv99-WOlHE9bWTo8h5EdONey7nA?fife=s16383, https://mymaps.usercontent.google.com/hostedimage/m/*/3AE5a_Gzp4nEVf1hTUwX9FlFwAcDAcVG4MCH0P4S6ogKgcaLqquMI6Wa2l_gfKvdpt3S0hDH0Pog0zjVq1YG_MmEiV6lRSPuH7saKamtBXIgji4kFsJphUdp_ethEe-Apyww_4L66p_XftVOYfxW5Vf3kIWn_0UXN2qacEF6vWR0-HU6294fIlrTB_cLd5D6OFWkXOMgW6oOrEhIYrQ?fife=s16383"
MARET-APRIL 2022,"Tanah Longsor, Desa Pesangkalan Kec. Pagedongan",,Tanah Longsor,Desa Pesangkalan Kec. Pagedongan,Dusun Gringging RT 04 RW 03,"-7.449989, 109.723085",-7.449989,109.723085,"Jumat, 01 April 2022",17:30:00,talud longsor samping rumah,1 Rumah rusak ringan pada bagian garasi,nihil,nihil,- info awal,"- BPBD
- Pemdes Pesangkalan",,"Sudarsono
0813 9107 4441","- Suryono
- Ismail","LOGISTIK YANG DI DISTRIBUSIKAN
- Beras 5 Kg
- Mie Instan 2 Dus
- Gula Pasir 1 Kg
- Teh 1 box
- Minyak Goreng 1 Liter
- Sarden 1 Kaleng
- Kecap 1 Botol
- Saos 1 Botol","https://mymaps.usercontent.google.com/hostedimage/m/*/3AE5a_GzAxGDo3pxVu5vBnc4i_xq-1gGi-RSn7fj3e6g97cl_EOLvJ6luALEzxZhOEQkDxXn6rt5z-BMDs5k1DxFv9_DDHH2XSid-hsI-SfV8wUMqPIpAIHg8_B1bMIwF_BwPwB1p7PXxlUk1OSOPyMp76_84KDnLJ3UijQUFzWqX6z8nTHk-4jTh8I3mFGZYkf9csIQcLm1m_u_rnes?fife=s16383, https://mymaps.usercontent.google.com/hostedimage/m/*/3AE5a_GxKw04fOrvOv8RK4-KFJfJ_krSssjq-4mcneTpU4trnuYWkmxTSUsWJTG1IG8Hzgdp35Zdn0-HV8GLxWs6_IVNb0QMl4bZVMXLuSI5ARgZGxdcNvMV0CoEny1p3wtDZ7fwMgiTnodzucg8mhZ0VrPoV4lGzlFDXcgmpWUX4fO7opsgCTDeLBWDHUgl_HvhQ6GLLkBttUBX7BQ?fife=s16383, https://mymaps.usercontent.google.com/hostedimage/m/*/3AE5a_GwK5c21SWT7XGbaw_9CTN8Ax9nGRWWOmY7ta8N2-7GhHsmc6WO93M2LCIGnLWFINOIE1owrCE2xLJycjH-VMkvI_kFQgKpzZwKvhAM2eNHqV9kLYj-N6EWJ-_rG85NuHq7bpUJhtvfahA6ARP1jsOAAgSFLNG9zp3_N-VxPZ45xA5W5MXkICLyg27glaeTeiXLxA3sc0Q34VA?fife=s16383, https://mymaps.usercontent.google.com/hostedimage/m/*/3AE5a_Gz7Hp45BSsyjszqw3FGNESu-beCfYjkAE9SKBM-NVq8zbIR0WFC1O48VQIXhT-fPvtDWyQQZSR-z5LQIV7dBIiLQphPRLQi7dM9qAiMg-BKkTXuym_K-9UPbZBFLNfUZKKlurRV386v1CNh-3E2kZxC4KNM9gtPCSeNHRZcqTYNlcAXqXzToWFVf2GD1nfJX_BXVYx2NgTsnA?fife=s16383"
MARET-APRIL 2022,"Tanah Longsor, Desa Merden Kec. Purwanegara",,Tanah Longsor,Desa Merden Kec. Purwanegara,Dusun Pekunden RT 11 RW 06,"-7.471705, 109.542674",-7.471705,109.542674,"Sabtu, 02 April 2022",16:30:00,"Cuaca secara umum di wilayah Merden hujan intensitas sedang hingga lebat disertai angin dan petir
Talud / pondasi tebing dan pagar pekarangan rumah dengan ketinggian 3,5 meter sepanjang 8 meter milik Bp. Sarwin longsor / ambruk dan menimpa jalan pemukiman RT 11 RW 6 Dusun Pekunden

Kejadian tersebut di picu oleh debit air hujan yang cukup tinggi melalui drainase yang tertutup longsor tebing sehingga masuk ke pekarangan rumah sehingga menyebabkan longsornya talud dan tembok pekarangan",- Talud dan tembok pekarangan rumah bagian samping longsor / ambruk menimpa dan menutup jalan pemukiman,nihil,nihil,"- Assasment 
- Kerja Bhakti membersihkan puing longsoran yang menutup jalan
- Membersihkan material longsor yang menutup dreina","- BPBD
- Pemdes Merden
- Warga",,,-Suprihno,,"https://mymaps.usercontent.google.com/hostedimage/m/*/3AE5a_Gw_uECgNDqMSpCde7RKjlb0K2JKuW5_fUU2vbHeBNjp6nm3LCYi7roW_M8o8m2d8ReXuVeF4gpMtlAmWv6kfR__R79IOuY8fUye_ARPIjMvVOm_JUr_dlzO6HnCvQ9BGxS70JHWxx7PJiRmh7D_z6bMh98Ybtr6Hu76J6RXoVG_dOClWwNtA4yV6AJDXUnlLx2rPekVJ48xuvg?fife=s16383, https://mymaps.usercontent.google.com/hostedimage/m/*/3AE5a_Gyw3pdjXU6yoftUhNOZdwRs-2bmQJeRMP-v2nl0Is8BQyGJmeVqbO7klLe3rkbU7ZGxkdkeO37cIcouXNwZj1OgOMpP2xl56DYuVgvc59T4pjDuX_7GevYG0t88H6MFwKGfn0W8ZYTgOhEiVq1Jg1by2SYsZ-DNtann2O9C65ZxgFRRYO0lgX2PyaUMtB-j1XFszgTK93g2JC4?fife=s16383, https://mymaps.usercontent.google.com/hostedimage/m/*/3AE5a_Gw-Eybn_vDzG8sakj-ycej6MJLuTvTPfRz0rMzcme40e6TKyljLjwNX1vm3n-POCXF37KZPGvj-uc9NSaCiBwYXhdRjqNByJt3puqhn8ItIfAnABfoo9enzK9Q91w3K4wrrZOgtSUTF-Ke5wCOaaZKxF9y8nRF-04bl1rIvdas1qlb1y4jPrb8EWJ3oCuI1yu3wvEiNQ1dvFso?fife=s16383"
MARET-APRIL 2022,"Tanah Longsor, Desa Somawangi Kec. Mandiraja",,Tanah Longsor,Desa Somawangi Kec. Mandiraja,Dusun Petir RT 3 RW 5,"-7.477618, 109.516881",-7.477618,109.516881,"Sabtu, 02 April 2022",17:30:00,rumpun bambu longsor mengenai rumah warga,,nihil,nihil,"- INFO AWAL
- pembersihan oleh warga sekitar",- masyarakat,,Fendi Damkar,,,https://mymaps.usercontent.google.com/hostedimage/m/*/3AE5a_Gwu1pKunOhFEOEnE4HAJbxiXRnpPPgwBmifqpRBLGMebqMM5P2QG4Sbg-IULI6O8lC_k2267pcCk9-d7wcO_7WtunBnY9NgibQSEtk2EIBXt-JcGQEf_usfS7aKGY6etgFs1NvUxkCLFElBEty-g1Guux0w1E3VK4CO0u4iCSbdPKqIOyBqm0diDPZYTYfKx-KaN_Ofy6uGTBo?fife=s16383
MARET-APRIL 2022,"Tanah Longsor, Desa Mandiraja Kulon Kec.Mandiraja",,Tanah Longsor,Desa Mandiraja Kulon Kec.Mandiraja,Dusun Jampangan RT 02 RW 01,"-7.45184, 109.513749",-7.45184,109.513749,"Sabtu, 02 April 2022",4:00:00,"- Cuaca secara umum di wilayah Mandiraja hujan intensitas sedang hingga lebat disertai angin dan petir
- Air hujan yang deras mengakibatkan longsoran 1 rumah mengalami rusak bagian dapur dan mengancam bagian kamar kecil.
- Mengancam 1 rumah atas nama pemilik Suwarno 50 th yang berpotensi mengakibatkan longsor susulan","1. 1 rumah rusak bagian dapur dan mengancam bagian kamar kecil 3 Kk 7 jiwa
- Muntari (75th) 
- Nurohman (39th) 
 - Dedi Prastyo (23 th) 
Jumlah penghuni rumah 7 orang

2. Mengancam rumah 
- Suwarno (50th) 
- Yusup (38th) 
Jumlah penghuni rumah 5 orang",nihil,nihil,"- Assasment 
- Menghimbau masyarakat sekitar untuk selalu hati-hati
- Membuat laporan kejadian
- Berkordinasi dengan pemdes untuk menindaklanjuti dengan dinas terkait guna penanganan antisipasi longsor susulan
- droping logistik","- BPBD Banjarnegara
- Karang Taruna Mandiraja Kulon
- Pemdes Mandiraja Kulon
- Warga Masyarakat",,"Suwarno
(Warga setempat/pemilik rumah)",- Ryo Ramadhan Nur Rozolam - ISMAIL -SURYONO,"- Beras 5 Kg
- Mie Instan 2 Dus
- Gula Pasir 1 Kg
- Teh 1 box
- Minyak Goreng 1 Liter
- Sarden 1 Kaleng
- Kecap 1 Botol
- Saos 1 Botol
- SENG 5 Lembar
- KASO 6 Batang
- Triplek 5 Lembar
- Wajan 1 Pcs
- Panci 1 Pcs
- Piring 1 Lusin
- Sendok 1 Lusin
- Gelas 1 Lusin
- Ember 1 Buah
- Talenan 1 Buah
- Centong Nasi 1 Buah
- Sorok 1 Buah
- Spatula 1 buah
- Ember 1 buah","https://mymaps.usercontent.google.com/hostedimage/m/*/3AE5a_GyZz9yiKHo2IVw9VGtqo2oUhk5wubYFX7ysL-rprNrIZYbuJgM-zChihobs8GXyaSkngqVgyi3U7MTX3Gc7UPxQtidDj2akT_Ob8iiJQqpzt_HOBOUPEk1hryh0AKqndL8Ac74Fv_PBIeUFDaSh4f_JBKjIi0Knyszl6KGrxK4M75jvgkdCei2mkcEptyziavUpAPx0k04A3A?fife=s16383, https://mymaps.usercontent.google.com/hostedimage/m/*/3AE5a_Gy2GLaB7Q8k94OaTy_sRiA325Z7SafUyZH5Wn0AV9jVRlttAloABiqNL9JGWosqI1uFG0uQn52m4LaZKu8f7kAqtZCXA89RjU33742_OuwYjd_9jydt6-ettXMrbFrD4TeRpkwyz-PoF4HOpp5sipBtKztOl73zb618FZ4UpkGKa1wLGX1oMpTeLwHCTyxTUhU4k48aQpfB0g?fife=s16383, https://mymaps.usercontent.google.com/hostedimage/m/*/3AE5a_Gx9pRfJYlOaPqYceSKWTOpWGH3KJVVhIk_75ssBfZqkWsOm7UVP9GNrZU10dbm4fsp8dtCKfGOTnWFN_tTAAwqAWPnn30NpiSVXe4MxuS81gq3Ig-CV22YLhwOrqjFNEI47vAZi0tA_T53ETU9zrRlOIAM2GMb69ftdTd3J2h4o29u7VDhYPHLj4e-YEkbNFR8-RfdVbfJG6A?fife=s16383, https://mymaps.usercontent.google.com/hostedimage/m/*/3AE5a_Gw9tfdkolRbpJexoYc-ulb2jbJAG4AT8ndcJOfLluE4lWC2L8Q3P_AJPRXgLqswTUdtTxh1hdwjI0t3P2o69ar9fm6ncI1891n1nEpDquMcVXLXMnla9p4ZK97Ts0df77-Ut8t7efKCQN4VdTGB0N8PPzdO-NFnzFB2IDpS1qbMX-ACZFjryeFMGO1R0bQbucs--OQ3DTym-g?fife=s16383"
MARET-APRIL 2022,"Tanah Longsor, Desa Penanggungan Kec. Wanayasa",,Tanah Longsor,Desa Penanggungan Kec. Wanayasa,RT 01 RW 01,"-7.199788, 109.78385",-7.199788,109.78385,"Sabtu, 02 April 2022",21:00:00,"Hujan intensitas sedang maupun tinggi beberapa hari ini terjadi diwilayah Desa Penanggungan Kecamatan Wanayasa mengakibatkan tebing setinggi kurang lebih 10 meter lebar 7 meter longsor menimpa kandang ternak dan bagian belakang bangunan rumah milik bapak Sudarso di rt 1 rw 1, kejadian malam hari sekitar pukul 21.00 WIB. 
Tidak ada korban jiwa maupun luka-luka namun pemilik rumah dihimbau tetap berhati hati karena diatas tebing merupakan lahan produktif yang mudah longsor apabila diguyur hujan karena lahan tersebut sangat minim saluran air atau drainase.",2 rumah rusak ringan,nihil,nihil,"- Assesment
- Himbauan kepada masyarakat atau warga terdampak agar lebih berhati hati karena tebing masih rawan terjadi longsor","- BPBD Banjarnegara
- Pemdes Penanggungan
- Warga Masyarakat",,,Jamroh - ISMAIL -SURYONO,"- Beras 5 Kg
- Mie Instan 2 Dus
- Gula Pasir 1 Kg
- Teh 1 box
- Minyak Goreng 1 Liter
- Sarden 1 Kaleng
- Kecap 1 Botol
- Saos 1 Botol
- SENG 5 Lembar
- KASO 6 Batang
- Triplek 5 Lembar
- Terpal 1 lembar","https://mymaps.usercontent.google.com/hostedimage/m/*/3AE5a_Gx9wj7SJRa3sIHLE1hCU_EFhO2W_IPw8PBrLgZWxUglXdUxi6iFmaNLWhg55RzjkCD-dtfiAgv5n6krCnwZXVNIF86X80aA05yeVoSdqvA9LgnQX3lDkAzI02Tlnnm3flA33XJGG3fMSpogKDfTG7fHQRIk_cjZYWetDyXJNhcEOl_2G03kj8qP5NsVoiIVAAFAG-N_GR8z4UA?fife=s16383, https://mymaps.usercontent.google.com/hostedimage/m/*/3AE5a_GzITAqUNV0fnEXnGYHNhTkBogEXB7vHmDyZz3iSLWpysGDBxbMO9MlheXgIoJyKvxRkdc8oe801SrREjYv0Uw4gZj1yUwsC8vfX9IfxVaSYfPs1WiX_GVxzLrKbmjfWTZj-bpDjq6pf6Xv1Ev8oHxbKG86kuprZeGPgogiWEvmR0764Ob1Rpz13ZfOtDjE343yZpKnOn49AQZs?fife=s16383, https://mymaps.usercontent.google.com/hostedimage/m/*/3AE5a_Gxo4eg51D0BUv7NQgHgbU9xVDMM6-jck0i1Jki9xrmkaBmDPBxsojlKdVUQHRAOp1CDMc_metesbEcBdmnuSN5nWKiYIBpiQHZ3gmhLTCJUoUye6jqCi97jPDsscuD38Qw38Y2A7jGy1aMsGqYdGUiB6y50VYALkyGLSK544MW-It-rol4zUVmzhdLsV1hMKgx_bk8XM7_V7Q?fife=s16383, https://mymaps.usercontent.google.com/hostedimage/m/*/3AE5a_GxYWNdGGjE7-f0YBY9Dd8doMRQkclanHD_lAUodfpxW8uzU7z-Y0IQw4wXVGpbFeI3USRv-EgzC0r9uMdeSXnluKhifPub4nulJR71p2Ylqfq2-bOVSp1ErFoOQ9XahzcvtrfyKMmI7Y3U2kYjwYAdh1bYK0hRxvF4SQmlTjABE-9_Wxz33sSM81SRDXl-EDgXs6j5U84ap4A?fife=s16383"
MARET-APRIL 2022,"Tanah Longsor, Desa Karanganyar Kec. Purwanegara",,Tanah Longsor,Desa Karanganyar Kec. Purwanegara,Dusun Kalimenjeling rt05/01,"-7.481731, 109.562169",-7.481731,109.562169,"Minggu, 03 April 2022",21:00:00,Hujan intensitas sedang hinga deras beberapa hari ini terjadi diwilayah Desa karanganyar Kecamatan purwonegoro mengakibatkan kebun jagung setinggi kurang lebih dari makota sampe jalan +- 10 meter lebar longsor +-30 meter merusak jalan ekonomi sekitar pukul 15.00 WIB.,"1 ruas jalan Desa rusak dan, 45 KK terancam kehilangan akses",nihil,nihil,"- Assesment
- Himbauan kepada masyarakat atau warga terdampak pabila hujan untuk selalu waspada kondisi kebun dan jalan yang terjadi longsor","- BPBD Banjarnegara
- Pemdes Karanganyar
- Warga Masyarakat",- butuh alat berat untuk membetulkan akses jalan ekonomi dukuh kalimenjeling,,"- Budi cahyo
- Daryoto",,"https://mymaps.usercontent.google.com/hostedimage/m/*/3AE5a_GwMvHrZYj4yhjElUdAy0xbgOXG0f6EW_Sq4UElmq2qrPjUSVAYUSOeQtQ8FtPJU8HU4RyPFIZF6ZDkz1dA5VLFLFCSNNedSp9p5IxbsaryWfxrblN_TfmodeBDy3UYGF5iYIe6hZQPiVYInhpYq7dQmgvb03ZTPrk8A2cnsfWdk-e-YmSItRP-LNk3qFX60WxA1dnVeTLLvIJc?fife=s16383, https://mymaps.usercontent.google.com/hostedimage/m/*/3AE5a_Gy6mN2J07c5RhmKjBVDpsybpyKPTtdKs4pKDMXruTY1xU-vwG7shZzPNQ1SrYs2I9uFIpBiMCkY5Q9xVhNlgbroD_tFINflF6pF9qHCDLv_Ri8akaFqJnXeooYDhge3e0rKyLaERRtRoOvffujxVy00rKZHtaAqeu1yJz006wrfr8j28SeLLjkQ6UBRntVM0QMynwmT35G4ynI?fife=s16383"
MARET-APRIL 2022,"Tanah Longsor, Desa Gunungjati Kec. Pagedongan",x,Tanah Longsor,Desa Gunungjati Kec. Pagedongan,Dusun Sitawun Rt. 8 RW.3,"-7.451566, 109.673675",-7.451566,109.673675,"Minggu, 03 April 2022 (longsor susulan)",23.00,tebing di tepi jalan longsor,menutup/ mendampak jalan Kabupaten,nihil,nihil,"- antisipasi oleh warga
- pembersihan oleh Dinas PU UPT 1",- Dinas PU UPT 1,,PU Banjarnegara,,,"https://mymaps.usercontent.google.com/hostedimage/m/*/3AE5a_GyHVeZAr9dEtg2jYLSgZfc8jh-SvNoEYbSoqAJM_uJRS80pnXz5SSRjXpem68uHsO6uFzcmZcYGB2U00NJv8GlxB07pziZm052vZE_z5lX5qQaO4oB_fWPZtMMdcz8uFzxG72JUrgZQooCh9kU69crb-5JSmkGWWrx2hxfKwysU2IcXhY8dq-4xzL5pDuQ-3tIX6R6gzqJczAU?fife=s16383, https://mymaps.usercontent.google.com/hostedimage/m/*/3AE5a_GzzQAqt-FjzZJ49veXeVB2M3n0eB4AT1SZnshlOIY3vIuSodRXj_pjv6AyRGZwXPe3h2nclV0Qdd6D_Jx_jVi7Yz0g00ywlLIrCnYwnzIXhAjhEJRXxhriQH23-T0Mwe_wA0VGXmcBeELML9jij1xZpDMikWhnO0XCrefe8dMkXSW4u5WxUbZKHzWg0fxM82qoQmi3qbDdPlQ?fife=s16383, https://mymaps.usercontent.google.com/hostedimage/m/*/3AE5a_GwxHSDQVUIyr09Cv8bSMJJuCOlau-Y1UG4vuVeTpw9L8wy67sqgc38n-xyhLxpFyrMu4VNpXyPA1JmGCIf3Dg0YR4p7KYEsow3xLOflgIGdRORbqy85PyeP4OVLCi-pS9mHnZ-BO5tktQkSc4qp9yKwPbSBengUeACtWBvPD5UthqIjdzHihTEFlQfA4y7hwdicLD3tcnvuVnQ?fife=s16383"
MARET-APRIL 2022,"Tanah Longsor, Desa Beji Kec.Pandanarum",x,Tanah Longsor,Desa Beji Kec.Pandanarum,Jembatan Beji-Serang,"-7.248976, 109.602644",-7.248976,109.602644,"Selasa, 05 April 2022",15:00:00,"hujan melanda wilayah desa beji sejak pukul 15.00 sd 20.00.

 yang mengakibatkan bencana longsor","1. Jembatan Beji Serang, longsor sebelah utara bagian barat, yg mengakibatkan bagian jlurung tidak ada tumpuannya, sehingga berbahaya dilalui kendaraan roda 4 , dan 6.

2. Talud kandang ayam Agus Beji lampeng jebol setinggi 7m.

3. Talud depan rumah Bpk Kabul longsor setinggi 6 - 7 m lebih.",nihil,nihil,INFO AWAL,PEMDES BEJI,,"Ibu Peni ( Kades
0822 2419 5397",,,"https://mymaps.usercontent.google.com/hostedimage/m/*/3AE5a_GwXzVz8hjk4li0_SxuTzOdJDjCvuUYpBXjQq4ZZNGnXbZXsBENyZ_5BwOacdbqBGV_543Yn9pQaS2HlYE40-TTH3fL7B6YlxFNoUQYeRFFC4ZMeXGnk6iE30hHDht-XRf4stXnbRFem0PM0gvTcrc6CGOncwksNQkF5ovS60Exr-R2CXhs5PnbH4oQGdqH79UPPm6JOodx0ZVA?fife=s16383, https://mymaps.usercontent.google.com/hostedimage/m/*/3AE5a_GwO0TvOs76X1XDbmJGx8hMX7a01KcUwROKigAtkgT4ReAirlnMCpnAECpixVp0ulJrs0L7mIKF_eaHOzjGIRZktUhhZl-Ty4tasMWmDSOdV3J27v95IKUdVV_mWE4dx22vcO2Mldry3YPEQBKnUORT1KKI8zFKCtFmZvo4Pli6T49_ih2aMaBTSn37JjrcqWtd2ycp_Hj2rr1w?fife=s16383, https://mymaps.usercontent.google.com/hostedimage/m/*/3AE5a_GzLJ7lEqEE-CWanWN86Hcwo6yN6XoXC6Ju-HFOmIk6zninizpR4MIjSDONMRdcFQqYTrr6C8HQyWycaVk2n2C97DNj4KMtJj4dpvtCM51Jsc06dSKETz6DWzwoWWTxPw3eIL4TckPmIhvo3AnTMhgXG16-vrN1ak31hBb22bsGSBWCVnSNU7lg_zYkfvsENGnyG9wJAcS_asw?fife=s16383"
MARET-APRIL 2022,"Tanah Longsor, Desa Pasuruhan Kec. Karangkobar",x,Tanah Longsor,Desa Pasuruhan Kec. Karangkobar,Dukuh Sudikampir 04 rw 01,"-7.271077, 109.676201",-7.271077,109.676201,"Sabtu, 09 April 2022",14:00:00,"Akibat curah hujan yang tinggi dengan durasi yang cukup lama, sehingga mengakibatkan luapan sungai kali santen meningkat.",1 Jembatan penghubung warga terancam putus,nihil,nihil,- INFO AWAL,"PEMDES PASURUHAN
RAPI 33 BANJARNEGARA
DESTANA PASURUHAN
BANSER",Membutuhkan beronjong sebage antisipasi Erosi sungai.,RAPI,,,"https://mymaps.usercontent.google.com/hostedimage/m/*/3AE5a_Gx5t4vnhDsSUmsXL526NgxIFlaPl4m_tU82RAnffI-TjgBDKGPYpEc_NJvKmAmANXVx3TpW-EJ_82cg2qELDN_faSJMN2zM7Xt00beQAe8QRHXisymflfBsbfgkELkGq053XMvsycOXEtkRDxtaI-ToZStvzYp7RKIumM3DqtXdzzygZRXeBkMt627kL9Jv-Qs4-z8n4mcu78E?fife=s16383, https://mymaps.usercontent.google.com/hostedimage/m/*/3AE5a_Gz0pC4tES-yaTOIBPg-RP5sSEn9MV-nPMDxVYHVPmgeY6mwsc-NIlMyKECkGLslvpttyePd7f2jAh2stLPzzZu4lrsK-OkDM0zITMljS4ti_dFJlaz3op-niuhIfQz69aiZg3GEt25Zj3B59-AWY7XaBJnfUP2e93mbbVfzaxf2WaWLHabA-DTDXEzzteRcl0BrJ3p2fPZrQY0?fife=s16383, https://www.youtube.com/embed/ZBZAurEl5yE"
MARET-APRIL 2022,"Tanah Longsor, Desa Limbangan Kec. Madukara",x,Tanah Longsor,Desa Limbangan Kec. Madukara,Dusun Plipiran 04/03,"-7.3635269, 109.7746614",-7.3635269,109.7746614,"Senin, 11 April 2022",17:45:00,"Intensitas hujan yang tinggi, kemiringan lereng 90° berarah ke arah Timur Laut dan jenis tanah dilokasi tersebut menyebabkan tanah longsor ( Batu ukuran tinggi 165 cm, lebar 1 meter ) jatuh mengenai kendaraan yang sedang melintas sehingga menyebabkan kendaraan jatuh ke jurang sungai Clapar dengan kedalaman kurang lebih 50 meter dan kemiringan 90 derajat serta batu menutup sebagian badan jalan.",ruas jalan kabupaten tertutup material longsor berupa batu,"2 Orang MD/ Meninggal Dunia akibat kendaraan yang ditumpangi terhantam batu yang longsor. 
- 2 ( dua ) orang MENINGGAL DUNIA.
a.n :
1. Salim Ridho Afan (L/38 Tahun) MD di Perjalanan menuju RSUD
Alamat Desa Babadan RT 8/3 Kec. Pagentan 

2. Khayan (L/40 Tahun) MD di TKP Kejadian
Alamat Desa Babadan RT 2/3 Kec. Pagentan",nihil,"- Cek lokasi 
- Evakuasi korban dan membawa ke RSUD Banjarnegara.
- Menutup total akses jalan.
- pembersihan material",,"- Pembersihan batu yang masih berada ditengah jalan.
- Evakuasi kendaraan yang masih berada di jurang dengan kedalaman 50 meter dengan kemiringan 90° di sungai Clapar.
- Pembersihan batu dg PU PR dan BPBD","- BPBD Kab.Banjarnegara
- PUPR UPT 1
- POLRES BNA
- KODIM 0704
- Koramil Madukara 
- FPRB Pagentan
- TAGANA
- Pemdes Limbangan
- Warga sekitar.
- DAMKAR Banjarnegara","- Andri Sulistyo, S.OR
- Raib Sekhudin, S.ST, M.KL
- Tujono, S.IP
- Budi Mulyawan
- Anif Khamidi
- Budi Cahyono
- Suryono
- Khafid Nur Bahtyar 
- Ismail
- Akhmad Arifin",,"https://mymaps.usercontent.google.com/hostedimage/m/*/3AE5a_GwAWaoRyP_ZiWMA6E2eMw38cIeHMEwhsWdxmy3VnbD_D_yEx-KSnfh13LlRzsMpLB-rD4b-B3bq5N5V13ooOWZyLEUsE5SV3NxgRMniXFank0YGI1yMgy1eb1aIY-2lQjvlyizFGXn51oKCmHsJFcyEwpxn9PhvIoMVTuy3GW1qce3EU4-MsDEclLDcY7RdGMn-AN9spBWNwg?fife=s16383, https://mymaps.usercontent.google.com/hostedimage/m/*/3AE5a_GzToIWmeppUWPN51Namc4TCaOYl_5zij0TOIprY1twVKMDBtp36Dt0P_-hzStSuLtZbaMdBWnV0qZXPHMvTeUPr2-gTdiXB12MeWwn3i4vOEctq9GayHGeOmJojC44m6u2MIfR0GLEOTyxnLmjz68JoU-SuhTrS-_hyRKiJKw_XYGM3bKnnvu6dSIxqRw3avHpESelCZlEEfQ?fife=s16383, https://mymaps.usercontent.google.com/hostedimage/m/*/3AE5a_Gxpsyw17zc04pS_NVxWERm9PbzDOKm-eibg5q1-ep7aoFBchI31uthbZDiUd9CvMpd2Zt8USbc2GYGU0s3FddykyUb2u0zPv72cyGwcSCqOFA7tLicSroAuhTcFHnqPcAV9tJgPoLm-7iDhBD8xWrBzemiqxNBYMVrAnbzP4DhDdYiebAe_5IiahN_y-Wqutsf1p3OqNo65oUM?fife=s16383, https://mymaps.usercontent.google.com/hostedimage/m/*/3AE5a_GzmsUfo4tzrWwaHNoKp0Yghuqkz2PeXqLi0i3yH5HcvTh1LYawMShzx5IXn31ljHx2rvTENriAkVqiN5aY8JJjJU1i_kyacrwp4zcFtK83DwRrvL2Hj9DScmeX2Ii1CRSJcftn9rk-oEOU3Nz3-SUMBthUmeqkjrd2-5qUvcsehHL3Vfq-5w6pGp7ORrIgrQerDyS_yisPdD_Q?fife=s16383, https://mymaps.usercontent.google.com/hostedimage/m/*/3AE5a_GxCkFSYdzGbjYyvY1HL5ApMmjv-It0ghTlmFficIXgoHL-ft4PpKE-aPAIlb0C0jn31PFkess-w8ijRjqx5p90ry3MpU7OKWYd70IpWVVzvzfIatUTBnFtuGaTAOxf-2wrKMzGlQxf2bsC9r_jBOfAwOfOLU_S6FNSe4iiSszxL_JXWKkN871UVUyhR_ErrYf4oxPdM9EOLug?fife=s16383, https://mymaps.usercontent.google.com/hostedimage/m/*/3AE5a_Gx0RtKmSAIMIm2q3jj2EC_u-IbYhSP7XOUPSGznWm92glUp6STZzcVuz5TyeVK4Z0ce8YNfElYQuzD0hkRYDx4VuZFXm1aTCC--FCuJGG0ahXRva1sW3tOgobZ01BqDbaixHzGzIyGw2BRzZarSzYC8pFwAB-nFcp3r0shLZkdFGWLa7rDyKbnjACW81MnHFEjEPKk3CNgy6w?fife=s16383"
MARET-APRIL 2022,"Tanah Longsor, Desa Sumberejo Kec. Batur",,Tanah Longsor,Desa Sumberejo Kec. Batur,Dusun Rt 1 RW 1 Sumberejo (Belakang SD 1 Sumberejo),"-7.208953, 109.833906",-7.208953,109.833906,"Kamis, 14 April 2022",17:30:00,"Hujan deras dari jam 15.00..- ..17.00.mengakibatkan tebing jalan kampung sepanjang kurleb 15 m, lebar 2.5 m dan tinggi sekitar 7 - 10 m longsor ( dan menimpa rumah P. Guris yg ta 5 jiwa, ada anak usia sktr 8 thn (kls 2 SD), dan mengakibatkan rusak berat shga penghuninya mengungsi semua ke t4 saudaranya di Dsa. batur.
Disamping Jalan yang longsor tsb tinggal Pak Khusni 5 jiwa tedapat Bumil dan dilantai rumahnya terdapat retakan diatas pondasinya.
Lokasi jalan tsb sekitar 7 tahun yg lalu sdh pernah mengalami keretakan akibat gempa timbang.","1 rumah rusak a.n Guris dengan taksiran nilai kerusakan 10 jt
1 rumah terancam a.n Khusni
1 ruas jalan desa terputus/ rusak berat",nihl,1 KK 5 jiwa a.n Guris,"- Cek Lokasi
- Koordinasi Dengan Pihak Pemdes untuk menutup longsoran sementara
- Pembersihan Material Oleh Warga Masyarakat.
- Menghimbau kepada warga masyarakat agar tetap waspada jika terjadi hujan dengan intensitas sedang hingga lebat yang terjadi di wilayahnya.","- BPBD Banjarnegara 
- Pemdes Sumberejo
- Warga""
- Koramil Batur
- PMI Kecamatan Batur",usulan BANSOS,"1.Pak Qodir
2.Pak Slamet Kadus Rt 5 RW 4
 Hp no.","- Slamet Riyadi
- Alam Syah Tri Putra","1 Paket Logistik Permakanan
- Sarimi 2 Dus
- Triplek 10 Buah","https://mymaps.usercontent.google.com/hostedimage/m/*/3AE5a_GyauLFCOCrjCC4XaZb76hMTodmSq2ViSiy54YWAR2OJ5oVgIzu529_3zTvUzDODuoExZlCfvoAoCGuJbu1d3AGzNNwj2x_U35tZ30KBQORVUMhVkgeSGqZgG-xRynefuBhllA0peDExtIDVbZF1dISRb5fha2Lem5RX5CWazxKNpOWcrvH5hsEseKEsNzW05V5EbxvxrTG4xhc?fife=s16383, https://mymaps.usercontent.google.com/hostedimage/m/*/3AE5a_Gzh5UIich62A7cExilznoSwF0TxGXgKxiuYY8w-87vmnNj9SxSnx22awXXxxoe7idy4JeuBjwKluFPcrji3uRxxU0i0Hy-4Cx27RrZsLvP3quJ_p-OrcYJLKHNPCHAR4CXh3AXI-3nxZmy6v2oZUpJGkkQV22Afo7JFsMGrYr6GQH-pNncOfk7yNO_WE6gPg5fK-26YW30o5rg?fife=s16383, https://mymaps.usercontent.google.com/hostedimage/m/*/3AE5a_GwYS5vw-5OB3QRtov7IY7RdR6b73XtZby-ORYQw_dEfGOqwSIGUD1lir1FAQg8JNwrb90rZJt4OwPXoem7hdKfTJPlJB5YJA-PbswEp1cyijw-R-OWMuQwSnhyGaD584q7PFT0h0Vh35e5qWWD56hGFTPe2drSlxBRntqxIWUgUjn7EuKAXDhNmyUN9GzagPjDNqVXThvpUxQ?fife=s16383, https://mymaps.usercontent.google.com/hostedimage/m/*/3AE5a_GyDwKHIgMAa6B6VG-sYGgplqTD84O3OaGri2xDFp-Y12lb_ksu-8N2-75bDfN9MoXfFSGY9QM-55UKoVodJ_DB5bql62f3agOxL4HQTfF32Okw3P3-hykVI_vYAlP-26CkclOsVry8dH_FRypqep1GwBir8pP9Qzwrg_t617sFLq7Nh0YIzwLeMC2qRWQcOWr40JIubFKMaog?fife=s16383, https://mymaps.usercontent.google.com/hostedimage/m/*/3AE5a_Gy3H4R08sqj75wxg-_i-2MvX4gNgboH98_sOTCl9EZUUSSWnBEQ68WiJhuNKq60NB-mE7UqqiU9X0GXHKfpwupEr8CHC5eqkg5VcdjAV_TchsgAY1ERz_MMCI0_2N84dgouiN-raRnPcxr1WxWMatrbUBYj36g_BAqbX2sM3AszMFJGhJhSeHMh4u9KBUb5jTgyzO6jxOAMwg?fife=s16383"
MARET-APRIL 2022,"Tanah Longsor, Desa Kesenet Kecamatan Banjarmangu",x,Tanah Longsor,Desa Kesenet Kecamatan Banjarmangu,RT 01 RW 01,- 7.356026 109.692690,,,"Sabtu, 16 April 2022",15:30:00,Hujan Deras di Sertai angin kencang di wilayah kec Banjarmangu dari siang sampai sore .Mengakibatkan Tanah berserta 1 Rumpun Bambu di jalan Kesenet Rt 01 Rw 01 Longsor menutup seluruh akses jalan.,"1 ruas jalan desa tertutup sementara
Keterangan :
Jalan akses utama warga desa kesenet Rt 01 Rw 01 tertutup seluruh material longsor. Dan menimpa kebun Palawija milik warga",nihil,nihil,"- Cek lokasi 
- Penanganan dan pembersihan material serta rumpun bambu. 
- Pada pukul 12.00 Wib akses jalan bisa dilalui oleh KR 2 dan KR 4","- BPBD Kab.Banjarnegara
- Damkar
- Pemdes Kesenet
- Warga sekitar.",,Ramlan ( Kadus 1),"- Raib Sekhudin,S.ST, M.KL
- Budi Mulyawan
- Anif Khamidi
- Agung Septiyanto
- Sapto Hudiono
- Parwoto
- Fahri Susanto
- Widia Dwi Kurniawan",,"https://mymaps.usercontent.google.com/hostedimage/m/*/3AE5a_Gy0xVQsnmLEQyXtoft_2D2wOa9zFD8i_kYycrBxFgHHGpSn46NbRQAC3Irx44erobD3v31-dD9hFB_lXcHYGbNPvgLI9nbmZVpCxKdmkdcFWmpdNNrDoLsXKkjPZ0Q9QVaDTcu0XvPI5jEZPAgKl2QkBPQ8ysAMpCmpTgkV1qQoWxfLWUKacfdrY2Lx9t8DNXE8zqLRq2jFSGk?fife=s16383, https://mymaps.usercontent.google.com/hostedimage/m/*/3AE5a_GzEnaCWacBXgbeGCw_itN9Z39f5MD0ETV-v_s9nixVmULmqh4lqvbWCoLun6NXJ0Fp5ahXsEv6wyjrtsZLjL6JA7G7ZUMPkqNPOwaA0OHVC0oKqrEtySqPjRD72mL9t6ifllN5YMEce6LNqRwWmoA7J3BZH61wEhG1T_6xb6ussljyYtqBQ0x-MJsgR2LSP1tsjLlPwW5FTTQ?fife=s16383, https://mymaps.usercontent.google.com/hostedimage/m/*/3AE5a_GzX6o6j7teGW_l64pvGgluSyKm36EXSA3hMi5R1BSUrT8ISOTgCa_L-4T3Cqm6VSzOhSUctC_7jOICyaruNqjOI-UHCjBvuGuYbGUfW6HU4bpNMafQmcut485Ps0IF7ZVmBMJAx9lm7r8S9wlJlLqKu9YAY0AGXHFjE1Zfacbj4t9mVgsldymZvDu3b1AhhjSoVdz5kPidy8g?fife=s16383, https://mymaps.usercontent.google.com/hostedimage/m/*/3AE5a_GxqL9xWhE9onp6nQSEZU3lPN91weSvZQOMqHnwxgFCxEMy4Z1o6TheX-3QiDLBn1GaTD9AcxObEhbnMINzAP61tWqCgPLQsplZavILsaFiGdJXfg7Ai_TL0dMVc9cHeOQ4kTKt3IhFB5B7rJDkyd8-_R27bNL6gZer7xGJeQ-YDvVf1TLAer8TlbfkX_YZheQaugpva0JSu18Y?fife=s16383, https://mymaps.usercontent.google.com/hostedimage/m/*/3AE5a_GxsLQlrk-7qnB3Mf4PmY2DOoi3dxLnu_BDB6Qeu1Rpj2xMC98C1puuFvuXvXLZuuJfJgfJeuqiAqlLN-i4YMnnveGf7lpSyd4rEbeCCOvDUuw75NP_zkOIT--JHNl2AVXvosQVtnLC6QDsjSZBsPdWbddZ5XezaGI3WXIxzFBjyn1o3dIRRCLn1ZXQo3xZtaMY8iYhTU6WK-ww?fife=s16383"
MARET-APRIL 2022,"Tanah Longsor, Desa Kalitlaga Kecamatan Pagentan",x,Tanah Longsor,Desa Kalitlaga Kecamatan Pagentan,Dusun Derikan RT 2 RW 3,"-7.305494, 109.793264",-7.305494,109.793264,"Selasa, 19 April 2022",16:25:00,-Hujan deras di wilayah kecamatan Pagentan khususnya di Desa Kalitlaga Dusun Derikan yang berlangsung selama dua jam menyebabkan tanah bergerak yang mengakibatkan jalan serta kebun warga mengalami kerusakan. Selain itu tiang listrik hampir roboh dan beberapa pohon terbakar terkena jaringan listrik dan sangat membahayakan warga masyarakat. Sampai rilis ini dilaporkan pergerakan tanah masih terjadi.,"1 rumah rusak
1 kandang kambing rusak
jalan penghubung menuju Dusun Klesem sementara hanya dapat dilalui kendaraan roda dua.",nihil,nihil,"-Relawan bersama warga masyarakat melakukan pembersihan material. 
-Penutupan memakai terpal pada rekahan di jalan.
-Menghubungi PLN untuk melakukan langkah-langkah terkait jaringan listrik yang sangat membahayakan. 
- evakuasi dan hewan ternak","- Pemerintah Kecamatan Pagentan
- Koramil Pagentan
- Polsek Pagentan
- FRPB Pagentan
- PMI Pagentan
- KNPI Pagentan
- PLN
- Pemdes Kalitlaga
- KSB Kalitlaga
- Warga masyarakat, dan
- Relawan lainnya.",,TRC FPRB Kec. Pagentan,,,"https://mymaps.usercontent.google.com/hostedimage/m/*/3AE5a_Gx61ogDrTu3k0E3eWN8tbX7V1r6d7XvmYE3DPqTat39JPLZSXyHcUl4Y9wzvxJ1s24S4ZrzXOoxiEpTtFbQHh-3IR-45NR426gUUKTixmpHLvykB3o7JKB7Yf2Ci816qDkLIusQSF9Q_sW-aC1p4N0OnFvZzyjw6u0Blh846rkMk5tTKuZEguV249xl_TE_9mNijO5hDc870w?fife=s16383, https://mymaps.usercontent.google.com/hostedimage/m/*/3AE5a_GxqFzRnZYn9JeS4oTWqw5iSPfvqxpad1_ITnhzXEqldrgb-eq3TK2DpjFGVsDNzfpYZXTb11fPXwRBqsmcPygfJvsVZfZN-mHtPx10cCYxpxgZzJ-4BEnooHTtjja-6fituLlFOoMpuhScCDdnpCeqJgKCgsGhtltc30KK1zQxr_i5w5ealSNMdduKBGsUNvzk37ZgTZbkAiow?fife=s16383, https://mymaps.usercontent.google.com/hostedimage/m/*/3AE5a_GzaTN9uwLK5dlHe2rwaYI4PSNTX0NRaaaRoIF6E4shSZfYjgEDDQY9SRyhhuC4L-fzcygFPgH2UUiqP2391b0_4F9CeS08eTZiC19KsjBgr8fxxvuel693L8feUHRK5PwEFxudeT2C9EuyUYkClXVyFtvB8Qa5uqu2VliqDlCQwguwDfrrlIhz29WFNGD0ifYDAcEky4VaDyQ?fife=s16383, https://mymaps.usercontent.google.com/hostedimage/m/*/3AE5a_GxsUpUSUHFb5BBAr5I6yX_x8nqPJLXzm70owodDTIZN-x5b9jqZMKkk4qzu5Tx7Gg7dhY3OR4HdHHQJPD2xMsnlwbNXyf5UU8QoAglGeejn9c3CognEGX2nu-BllE1keebfMYWlk30qSgGpl4XGAUg5YPVmvZxieJPb44G7fitjiWOMfVnXR0aJzxRmS0UcCqJk9Fy0QlkE5w?fife=s16383"
MARET-APRIL 2022,"Tanah Longsor, Desa Tapen Kec. Wanadadi",x,Tanah Longsor,Desa Tapen Kec. Wanadadi,Dusun Tapen jurang RT 02 RW 04 Perbatasan Tapen Jurang dan Indonesia Power,"-7.398196, 109.596884",-7.398196,109.596884,"Rabu, 20 April 2022",0:00:00,"- Erosi karena luapan air sungai dari dusun tapen jurang saat terjadi hujan deras, menyebabkan tebing setinggi kurang lebih 20 meter mengalami longsor.
- Tahun 2006, 2009 dan 2019 kejadian berkelanjutan 
- Pemdes sudah melaporkan kejadian ke BPBD dan Indonesia power setelah kejadian, sekira Tahun 2019
- Cek Lokasi dari BPBD pernah dilakukan setelah mendapat laporan
- Penutupan tebing menggunakan terpal tahun 2019.",1 Rumah terancam atas nama Suparyo (70 Th) Dusun Tapen Jurang RT 02 RW 04 Desa Tapen Kec. Wanadadi,nihil,nihil,"- Cek Lokasi dari BPBD pernah dilakukan setelah mendapat laporan
- Penutupan tebing menggunakan terpal tahun 2019.","- BPBD Kab.Banjarnegara
- Pemdes Tapen",- Pembangunan pondasi dengan menggunakan bronjong untuk mencegah terjadinya erosi saat hujan deras.,Bajuri : 081327387957 (Kadus 2 Desa Tapen),"- Suryono
- Ismail",,"https://mymaps.usercontent.google.com/hostedimage/m/*/3AE5a_GxfdfzZS0r1OKqLd-HLKJA2oE5KwA4-i8Q9tbm0pO6UOsxX8t6Cc7Xinpk1kCKh93pNLt4A53QoqZjQN2tchqm4c7Jx8qkBvRRev3W865IMPPtXRUaGxIJRR-M6Ri5UjdGCNHB3wNZLtO9jrTPQyIXM0GYzj5NfDxbLQE6aTWkS-d_E8uJHFO2fMcSohBL_cnm85j5WZS4Yxx8?fife=s16383, https://mymaps.usercontent.google.com/hostedimage/m/*/3AE5a_GxMpD8FqEEXtRfb4j2c17qrX5FJq-MtgxsutYUCFI0LZ79xvcm368JZXD_-cmPs0q-hZW4PKRdeNBzk6YECWazOjmEUl-ba2yZtdPf4YgUhKsRhCm6vIpsUkoofd7p-mFnOtNCqf64d_RoQcRKk2N4VLMSm8kBBvrT-d2o4pt4s_HLN1IxKln_Y104GJ8Ertxne44rVlzik4fs?fife=s16383, https://mymaps.usercontent.google.com/hostedimage/m/*/3AE5a_GySJscd1vfa0uJIBnYEPclYi_u72KzCbVFQVk_A_33aYFyZeotN7fUyLdYl7c3nQyBG7y6pj0JGQQIMi_rAfE7OkZZCNixCsZ9_3S0o9VYNJdyJYzETJZ_-DyLgMfD5sfIa66D20crXffjOwY3Q5Wzz7UzfoYaJ0iGWdLYJFdLPaQHR6xVcIrd_zifTT0ghB1GHAcknIVjX27U?fife=s16383, https://mymaps.usercontent.google.com/hostedimage/m/*/3AE5a_GyPkRUVxNzSk7kAqN_NAaFD8Kzc_d1OrWzRSCjJlXWUSiIGB52mziNQWycfpzbfDUBV_0iqbTnZyeIl882eQosJ9Wljq5c5CqKKF4tUAf-vU24Mih4_4uEzKYZUB5W1ZVeAL0eaLfnF2sGNSjqyTCFoF1LD3wg5Hl5H-BIL-mO0bGX5cXfcCZs_zM-8-yzyZQpc3ubFChYHCg?fife=s16383"
MARET-APRIL 2022,"Tanah Longsor, Desa Talunamba Kec. Madukara",x,Tanah Longsor,Desa Talunamba Kec. Madukara,Jalan Kabupaten turut Desa Talunamba,"-7.357239, 109.764157",-7.357239,109.764157,"Rabu, 20 April 2022",15:00:00,"Hujan intensitas lebat disertai angin yang mengakibatkan tanah longsor di bahu jalan dan masih bisa dilalui r2 maupun r4, namun dapat membahayakan bagi yang melintas",,,,,,,"Wanidi
(Fprb pagentan)",,,"https://mymaps.usercontent.google.com/hostedimage/m/*/3AE5a_GwflDp09CH4rb28prHxUUouu1s4t5B5WMp_OAvTsUw8cObEPWeUDVD-yNILzKUC0xQquXTZPQUtUF_HRs4N4x-sfWA0DXqOG7OZfkkdzRN9SIYo4ux8T6umvydHGlt57QgRv2nk79Pa3QhkC62YZuFLcDiiXN1GoasS181kOaMMvJof5C4BcuLUKY1S4-PEiFFduRkI6e2ktA?fife=s16383, https://mymaps.usercontent.google.com/hostedimage/m/*/3AE5a_GzO0vfKUhUyVuQLzsOtMPTYO5QbJ9Cvn156GH_dQV_Gs7-N2h1hpm_sEV2BHZ03P84-FIRdR-9kzjPR7uvRoVDbdUvtwxb4DM89mrmwXNVzCSB3iuMNuqfZQU8tfJtQppFG4cjrPhHr0dSJjS0cJkchCCt65aZW9fRmuzbtgJVuldw9JCWhCg29UPToE6-4z4Z5tufQ_ScV2jQ?fife=s16383"
MARET-APRIL 2022,"Tanah Longsor/ bergerak, Desa Gumingsir Kecamatan Pagentan",x,Tanah Longsor/ bergerak,Desa Gumingsir Kecamatan Pagentan,Dusun Kaliglagah RT 3 RW 3,"-7.3219235,109.7582181",-7.3219235,109.7582181,"Jumat, 22 April 2022",16:25:00,"-Hujan deras di wilayah kecamatan Pagentan khususnya di Dusun Kaliglagah mengakibatkan tanah bergerak yang berimbas pada kerusakan rumah warga hampir 1 (satu) Dusun mengalami kerusakan pada bagian lantai, dinding dan bagian rumah lainnya. Selain dari intensitas hujan yang tinggi, yang paling memberi dampak terjadinya pergerakan tanah secara masif karena Dusun Kaliglagah diapit oleh sungai merawu dan sungai pining.","21 Rumah dan 1 Masjid rusak ringan
Ket :
""Kerusakan pada bagian rumah dan perkebunan warga. Adapun rumah yang mengalami kerusakan:
1.Masjid Baitul Muslimin
2.Rumah Bapak Tuwarno
3.Rumah Bapak Mulyono
4.Rumah Bapak Mihedi
5.Rumah Bapak Kardiman
6.Rumah Bapak Darto
7.Rumah Bapak Abdul Sutomo
8.Rumah Bapak Amin Sutikno
9.Rumah Bapak Tartono
10.Rumah Ibu Ratem
11.Rumah Bapak Parsono
12.Rumah Bapak Budi Santoso
13.Rumah Bapak Marno
14.Rumah Bapak Sukarto
15.Rumah Bapak Rudianto
16.Rumah Bapak Tarso
17.Rumah Bapak Suratno
18.Rumah Bapak Senen
19.Rumah Bapak Imam Sutikno
20.Bapak Udin Yuli Suprapto
21.Rumah Bapak Nur Solehan
22.Rumah Bapak Marso""",nihil,nihil,"-Relawan FPRB melakukan cek lokasi dan assesment awal
-Melaporkan hasil asessment kepada Pemangku kebijakan untuk menindaklanjuti kejadian tersebut.","- Pemerintah Kecamatan Pagentan
- Koramil Pagentan
- FRPB Pagentan
- PMI Pagentan
- KNPI Pagentan
- Pemdes Gumingsir","-Warga berharap mendapatkan tempat relokasi yang lebih aman.
-Segera mendapatkan penanganan mengingat Dusun Kaliglagah berada pada daerah rawan longsor dan berada pada bantaran sungai merawu, maka dari itu agar tidak menimbulkan kejadian yang semakin membahayakan bagi warga perlu adanya penanganan secara cepat dan tepat.
-Droping logistik","-Kades Gumingsir
-Kadus 3 Gumingsir",TRC FPRB Pagentan,,"https://mymaps.usercontent.google.com/hostedimage/m/*/3AE5a_GwPEt2eLirNd0gibjlN0PmFfJcMOT9FepEFe35kNKx8BYbH5HaeFO_lPPZYOw7VLE6bcelxw5qHFYdwy96sWWJz5xcMf7nm-1YtueAFLBjtVKYLSqKJvSkOoYz6tHgnRS5B8_9f0cnWqJgWa5cZMjS8jHlvDnphwMH0Xu7aGsGF9J4YFmBrYUrVWPH5MSfEapLJLNRII8C3Mfo?fife=s16383, https://mymaps.usercontent.google.com/hostedimage/m/*/3AE5a_GxllgeyS9VkrzoBDL7A73wcz9KEBA23mkBHQ0p1y8Hz9rs_OUXGlU2BNsIOKtlteRUUcsn6ahwwB93Jei0OoiHn7OqNhcHfmMNrqxY16D2RYwZdmcffkZT3WlrAI4z6bjQ1wUPniZ1LTZgfCTyEfZM3hiaw0HsbLMpbFOlq29guIOgVmscqojPvDOwhZjfBM6pc1y88iAd1zw?fife=s16383, https://mymaps.usercontent.google.com/hostedimage/m/*/3AE5a_GzbqcJr2BmZgaUcAaoSOMpIpjCkscfDG5ir-_dkGXOYdruyKlSgDgIwPiLwfUILPkjHGtvXV8TfKhblwlY1r_08xXzC4KfPGeBcb6xgAM8C-aQcqj11ufffrC3FQ3--e2jSctwS6StxAAKfTTPksIZ_JUi5V4KXGui6aEM86vJ2YCzdAe16DZnk3BgI7_vc4Zrmvsf3hbeFTQ?fife=s16383, https://mymaps.usercontent.google.com/hostedimage/m/*/3AE5a_GygFV9tsbKaavYcwdzEhMeWpbEPrmAA2BdRLZNbg5_2kUoJxD0sAAzDMCrN_ODYR0mgqxtd7deJN8JRSVp-9ocIpl5kjYMJhLgM_ZVZOYUiZZ7YRB6Zs5y1q6xoA0puOAL4GW5wU3zAL8AoIwrRRFdUN_6XU902uDTSmkX5CSwk5CRy5u8blQnpryMKRplnDCu-ZyG7JT6S-gU?fife=s16383, https://mymaps.usercontent.google.com/hostedimage/m/*/3AE5a_Gz1hhbxS4fD9DX73xuu85iuRXsPkeQziBKWfaYkX5TP3mhm_UcbqtkpRFpi1cby_jvVCMwa_WVlkEeifgKPwLqJGV_ymLt2fkj1KPZ_itz2U-Oi_hVx3EzlDTz-QFiPc86lq1ErPYy26z_NGhLUwDrk_oMhf4afL0lwU0W8jaJNF__Kx7nSaj_aZCOiLB3R9MssB2hKjOgqHQ?fife=s16383"
MEI-JUNI 2022,"Tanah Longsor, Desa Plorengan Kec. Kalibening",*,Tanah Longsor,Desa Plorengan Kec. Kalibening,Dusun Tembolan Rt.01/05,"-7.1870161, 109.668352",-7.1870161,109.668352,"Minggu, 01 Mei 2022",14:00:00,Hujan dengan intensitas sedang hingga lebat kurang lebih 3 jam sehingga tebing setinggi 10 M Longsor menimpa Rumah.,"1 rumah rusak sedang
a.n Bp Muhyanto/53 th (6 jiwa)
- Tembok Jebol
-Alat dapur Rusak karena tertimpa material Longsor.",nihil,nihil,"- Assesment dan menghimbau kepada pemilik rumah untuk selalu waspada ketika hujan turun dgn intensitas sedang.
- Pembersihan di lakukan oleh keluarga dan Masyarakat.",- Pemdes Plorengan,"pengiriman * KEBUTUHAN MENDESAK*
-Logistik permakanan
-Seng
-Triplek
-Alat Dapur
-Terpal",Pemilik Rumah.Bp .Muhyanto,"- Budi Mulyawan
- Fahri Susanto","- Triplek 5 Lembar
- Paket Permakanan
- Paket Sembako\PMI
- Alat Dapur 1 Set

Bantuan diterima langsung oleh Korban Terdampak","https://mymaps.usercontent.google.com/hostedimage/m/*/3AE5a_GxezLuUbUES88_IG5pgQwMDPK6Mqm1j8tfOAiQMPfK7jgxMs6JUNi5QtwokFcoBjM5DiwWif_LEnGSl_4-qgQk5tPHzjA76zeK3BnBqWIAgeDvrnohEKrAiEM7uTiUwymUJ3Zk4MBtHN0HDXefuSg1_DqNNVw4qd8A1q78eZu6Je0SXIId0lPLb2rB5kWZ5We7ytZZiW4EQoK4?fife=s16383, https://mymaps.usercontent.google.com/hostedimage/m/*/3AE5a_GzdwjIKr_HLJhgpyM1h7EUrWmrh_8leHPjhYwWm6QaR9k_lpUMcGuhw06xPz3GrnZyOFQN_LPg3QsiAMP81iYRtGHzIBX0-aoGe5Lcu9euJIBNz3Hgp-mPbZ3lQvYStiG60m0pkY_qrULZTHdtVLty7buG6N8AJESA3DLOfCnuZovqblou6AFqL5oBU3Bzqg5M-q9yBVwOP26w?fife=s16383, https://mymaps.usercontent.google.com/hostedimage/m/*/3AE5a_GwTNnbGnc3LprGiLt65U5y3ewN3hKpU4SVBO3UaHiVMNBfXSFcLXudyC4Gub0uNQNVo6XQQ6wokSuFnoYK36kxScx1wMVlDnU3vHCYwEZvcg9ozffZ2x1bZPn14vWhL4_Y9-d_07X4at0XMExC6pEwHLMBP8xEL69tEpAb559XYfRK4m0ofURck9YBipZSc5o2X4xDU5vNFhgY?fife=s16383, https://mymaps.usercontent.google.com/hostedimage/m/*/3AE5a_GxwWvUMnYjbF8nr-c4ro_BeRt82R0fK1l5AJYYbmW6s4nKHm9aWGGtuNWe85cmkAz0PauS2EIPsmQc6_UQ1MVjZi7BpRRw8a1OSyL71Odv0ZqT7BY1yx61YFUvpC_KZQjj_Cu-EwPsHMjUzBWilMAwMT2v86HhVCBwNJIQZycdOJpAm0cIXyaUh4v1uCSowJEvTsopw-Tw0uA?fife=s16383"
MEI-JUNI 2022,"Tanah Longsor, Desa Pesangkalan Kec. Pagedongan",*,Tanah Longsor,Desa Pesangkalan Kec. Pagedongan,"Jalan Desa, Dusun Jatisari","-7.451496, 109.733925",-7.451496,109.733925,"Kamis, 05 Mei 2022",19:35:00,"* Sekitar jam 15:15-17:25 wib turun Hujan deras mengguyur wilayah Desa Pesangkalan terus menerus.
* Ruas jalan utama Desa Pesangkalan lewat Dusun Jatisari Tertimbun & tertutup material longsor mengakibatkan jalan tidak bisa di lalui kendaraan roda 2 maupun roda 4.
* 2 Gorong-gorong jalan menuju dukuh Cliwung Dusun Jatisari Tertimbun material longsor sehingga air menggenang di jalan.",1 ruas jalan tertutup longsor,nihil,nihil,"*- Melaporkan kejadian tersebut pada Pemdes Desa Pesangkalan.
- Asesment dan cek lokasi
- Menghimbau warga masyarakat dan pengunjung dari wisata Jurug pletuk untuk putar balik lewat dukuh Tegal gunung Desa Pesangkalan.
*_ Untuk Rencana pembersihan material dilakukan besok pagi ,di karenakan waktu sudah malam","- BPBD Banjarnegara
- Pemdes Pesangkalan
- Desatana (PETA)",,,,,"https://mymaps.usercontent.google.com/hostedimage/m/*/3AE5a_GyojM3RWHzwjH0VLs4k6x2LuAWtDwSGYFTDaAgWzitKO90EDEl_ygM8WkGqJbfS1vII3u8VZfma_9NeT3vnmy5029jhuxzcYOtzI14l0Z0oqBc8zjwoIFfbDlLwrj5IXaid2g06kCXAoxhyAipfQWQ-PxeONmO8n5PGVoRkjTDB7emyNTQi2FDWXm0mCyfrmhkANpG77iXpEg?fife=s16383, https://mymaps.usercontent.google.com/hostedimage/m/*/3AE5a_Gz0pjcNHrkLjI8lQyVl7-IYc688go9cTrAHmDhDmiMmHyNiQqFD9emyUy8qWwENEQeAdpCNAtPp3KQMUzTunZhNGjkYEmWZfVmuDXLgdKXtUrGs9XaLjDKJ3PR5Gh6nV7NcXFTXbediD4imXcw2_epJXdoXtfXceCq8xuywKqyVap6MwuJLPIwBsSChVl3B0Lm_DY93Mty72Q?fife=s16383, https://mymaps.usercontent.google.com/hostedimage/m/*/3AE5a_GzFAvD8frT5_IFvmzRinVVrPhgvPlW8_4WCSyDy0dC-GqiN2f-K3qKiLrAJRt32wy8SLa8JB-9nQZZ6R9T79ZgDXdm9nEGVdCJO0FSRfMXfbsgDoNM8gQwefJllX6IWUboI86ervLnCBNwrgT5MPt7mpwDcVOsBJpzMgNkZcW3GcH3IkGyiYnt9elHpQT7GG1IJfm56j5K5Iw?fife=s16383"
MEI-JUNI 2022,"Tanah Longsor, Desa Lebakwangi Kec. Pagedongan",*,Tanah Longsor,Desa Lebakwangi Kec. Pagedongan,Dukuh Kemojing,"-7.474444, 109.661667",-7.474444,109.661667,"Jumat, 06 Mei 2022",16:00:00,"- Hujan deras dengan intensitas tinggi yang mengguyur wilayah Kec. Pagedongan dan sekitarnya.
Menyebabkan tanah longsor 
Dukuh Kemojing
Tebing setinggi -+ 6 m dengan panjang longsor -+ 4m dan lebar -+ 4m","1 ruas jalan desa Akses jalan warga Kemojing dan Desa Duren tertutup longsoran, tidak bisa dilalui KR 4",nihil,nihil,Pembersihan,"- BPBD Banjarnegara
- Pemdes Lebakwangi
- Warga",,"Bpk. Wahid ( perangkat desa 
Satrio ( DESTANA )","- Budi Mulyawan
- Sapto Hudiono",,"https://mymaps.usercontent.google.com/hostedimage/m/*/3AE5a_GzMaseAK96tZIwYo1lrFNYPqpfBajYJUSUMYdUth0qBZgBPdpNxzFrA5glhb8vNyKkucN4_DA42_Mi6QQ8jY4GFugrbob50oXo5GDDAVqtUfg1fKUcRgTGXlM88FuTakogVGqbNIlPRte_LRfKm6wtanx_kllCRwr-45DvAMTwATK_55QLZcovdZnrhyNiu241hzx0G2Ey_nhs?fife=s16383, https://mymaps.usercontent.google.com/hostedimage/m/*/3AE5a_GzITFyH-8Z4cyGd4FavJheypFbbpPD4TUdJRK__ICkNueRdrOau2Y4PP8xHjUrjvxJQEsVk9PeKKQS5sHb8Hru1_lDLKENio2xa68yacb8gUeZwC-MDoZd9QS2PkqD6y4s9sUFm2AsjVC8VqDsyEgg45bU42BPJ6yoCnUrwcuYFCWNWc8BoQfFiUXvDYLDgUxz_A2GB6SUtiww?fife=s16383"
MEI-JUNI 2022,"Tanah Longsor, Desa . Lebakwangi Kec.Pagedongan",*,Tanah Longsor,Desa . Lebakwangi Kec.Pagedongan,Dukuh Panggung,"-7.464547, 109.6583675",-7.464547,109.6583675,"Jumat, 06 Mei 2022",17:00:00,"- Hujan deras dengan intensitas tinggi yang mengguyur wilayah Kec. Pagedongan dan sekitarnya.
Menyebabkan tanah longsor 
Dukuh Panggung
Tebing setinggi -+ 15 m longsor dengan panjang longsor -+7 m dan lebar -+ 2 m",1 rusa jalan desa terancam Bahu jalan dan sebagian badan jalan akses menuju Dusun Panggung longsor,nihil,nihil,Pembersihan,"- BPBD Banjarnegara
- Pemdes Lebakwangi
- Warga",,"Bpk. Wahid ( perangkat desa 
Satrio ( DESTANA )","- Budi Mulyawan
- Sapto Hudiono",,"https://mymaps.usercontent.google.com/hostedimage/m/*/3AE5a_GxgrDimd4aVTh2K7M28xIQX6KBK_p6rZJomYapA2CbCdCPuIySmIAPgvWeXl2cxnor0vo_cDdl8XgOHFISWlyMllm_TlZfysyYTSqNDbvn4EPKZyerN5MdFie8HPXVGEA48dLeneL4j3M-GJZfESH8XMuHkpUfJTzMJchIxbNIanZm4uA-rBZqt4cxYAHWc2v42oOlBkROes_I?fife=s16383, https://mymaps.usercontent.google.com/hostedimage/m/*/3AE5a_GwEPUe9acA9exG997ZGwKgAuMzFTukOzfAWDzjXoEX6dnA0fdOkHzqwD0KEyie2_OecFPICxQvM_ExkFM7hKj24X9cXqB9H5oN-tdqTHcLbruNTQECS81T0aK2laMQrHWWbZKAKWdfU57vegFfCroqp5KW9hX8GKSLqupwC7_6t-D9ykbVzw3gUIKLStUeiiE8xpCW0OYPYCso?fife=s16383"
MEI-JUNI 2022,"Tanah Longsor, Desa Gunungjati Kec.Pagedongan.",,Tanah Longsor,Desa Gunungjati Kec.Pagedongan.,Dusun Depok 01/01,"-7.4386138, 109.6736433",-7.4386138,109.6736433,"Rabu, 11 Mei 2022",18:30:00,"Hujan dg intensitas Lebat Disertai Angin Pada Rabu Sore Di wilayah Kecamatan Pagedongan Mengakibatkan Pondasi Penyangga Rumah Dg Panjang 6 Meter dan tinggi 3 Meter Longsor Dan Mengakibatkan Dapur, kamar mandi Ambruk.","1 unit rumah rusak sedang
Ket :
 Unit Rumah Milik Bapak Toni(52 Tahun) 2kk 5jiwa Pada Bagian Dapur,dan Kamar Mandi Ambruk.serta Dinding kamar dan Ruang Tamu Retak2.",nihil,2kk 5jiwa,"-Assesment
-Koordinasi Dengan Pihak Pemdes
-Menghimbau kepada Pemilik Rumah Untuk Mengungsi ke tempat yg lebih aman.
- Pemasangan Police Line Untuk Menghindari warga Masuk ke Area Longsor
- Kerja Bakti pembersihan 
- Droping Logistik
- Pengunsian","- BPBD Banjarnegara
- Pemerintah Kecamatan Pagedongan
- Pemdes Gunungjati
- Posramil Pagedongan
- Polsek Pagedongan
- Pemdes Gunung Jati
- PETA (Destana Pesangkalan)
- Destana Kebutuhjurang
- Dewatana Lebakwangi
- Warga Masyarakat Pagedongan dan Gunung Jati",,Masrur Posramil Pagedongan,"- Budi Mulyawan
- Daryoto
- Tsaibun N
- Heni S
- Sapto H
- Widia DK
- Pujianto
- Ahmad Arifin
- Aldi
- Ahmad Arifin
- Ismail","BPBD BANJARNEGARA
A. 1 Terpal
B. 1 paket alat dapur
C. 5 kg beras
D. 1 liter minyak goreng
E. 1 kg gula 
F. Satu botol kecap dan saus
G. 2 dus mie instan 
H. 1 kaleng sarden
I. 5 Lembar Triplek
J. 5 Kg Paku
K. 2 dus AMDK Mrica
L. 1 box Paket Higiens Kit

DINSOS PPPA BANJARNEGARA
A. 1 selimut 
B. 2 paket makanan anak
C. 2 paket makanan siap saji
D. 2 kg gula
E. 1bungkus kopi
F. 2 bungkus teh
G. 1 pàket famili kid
H. 1 paket peralatan dapur
I. 1 Dus Mie Instan

PMI BANJARNEGARA
A. 1 bungkus kopi
B. 1kg gula 
C. 2 bungkus teh
D. 5 kg beras
E. 2 liter minyak goreng
F. 1 bungkus kecap
G. 2 kaleng sarden
H.1 Paket Family Kit","https://mymaps.usercontent.google.com/hostedimage/m/*/3AE5a_GxYMJZIfWSxZRN5TD8Il7iz8BXsQedq095v5aPFYpMJDWtFWfIjzLrS4rka9SX-KT3rFmU7D1pTvRsUXN65EO2WdBHdCO9tbMOFh2YzOdLFNk-NTZpKItumt_Q3LsdDmnKOl09tBSPh2LtFB6-gSkm1akHIrPL_i5vmuBFt9fpZwg9ku3RPeSny0YMImZAPEV3vcJ595bQkIw?fife=s16383, https://mymaps.usercontent.google.com/hostedimage/m/*/3AE5a_GyWanWsOvPdXvxzkLoq-VhDF7N04-Cf27ud20dWtGQ_qr_8pqkjX40AKAwWbBKbAjqRvmyCnJp_FSHFVz2BxXIGnQRBhERgK8WbOhB4-3B5BKLPlz-od-RNUSMeWje5cLgppyQQhnK_8ZxXh7mNAMfo_M2D2PceXRHdvx0lBK7x9t3fUQlQyPbGL4OzM_Oh9F1ngO_2VRqSDQ?fife=s16383, https://mymaps.usercontent.google.com/hostedimage/m/*/3AE5a_Gzw-WBpFfp3XlSl6OvB7fPTakr1f-GlsR2HwhuU4GbQSGy0DasU7aDxJqvbL9ZMwHQmCViY7-3IJkrVrPoinMQ5OnpPOI25cTYc_yp-F9mfEfZ_P5cMS5gE7fo5T2USpIYx-41Up78z9SIf4qGEX-0AyY8R-JO3MX7UEyEjjGaHfyoklI0dJHTPgH0nqRGYnVweVdFp2U3fRg?fife=s16383, https://mymaps.usercontent.google.com/hostedimage/m/*/3AE5a_GxE1YhNWIpbh9GNuuyo8Fkh7zx8JKK6A7U7o2hGyQlUMWtsqUWgcp9HuTXWDM4dOhZfu7ltsdws91MajE8qtvLsh_96nd4P4ji6ehHCgJytj6QZs-5C2YDmHnLG0Epe13DVE-P3CgyLXwqqrlipK5sUSdslrjF65nI8Nm57Vhta_Zzm8V27VowzKb_EWRm_FC8rKp6rL1OuzQ?fife=s16383, https://mymaps.usercontent.google.com/hostedimage/m/*/3AE5a_GzVzPd8Vfu0C6UAac8dnAmCnoC4Mkk3v4ToW1QbdxzY9Arm0w52gRUIrohHWDL4S7-FSJL4Vo4E24nzhGF5Yr4StFmL1VF0wf2xGPinYhA7nPT_29_1dZscDykoX0198z4mArIGLfeCxNevXjYWnASSw5W41Izix-DKYtKCpAPlT1Gq5pt1NxVxk2oVng0-uozVP1YkGPFU_O8?fife=s16383, https://mymaps.usercontent.google.com/hostedimage/m/*/3AE5a_GwdUl24eRQ1LWUSSBrK2GmkFFNtWjA00bpCXmr3d2KdRYqxXjihcIhTVWAqAz_mBkgiRx398ZnPOQF7GcBy9sqtuVX4NzG96wN_ekOfHiM1TizDAbMZTPsQgE9cscycnV6_fVXdxr-UHs2uq2jd5NzxuGi6Fkkb6pYpXXUPVS6_WQb9sFNg3WHwrjMMj5u6tTJ7qGnDVNwL_g?fife=s16383, https://mymaps.usercontent.google.com/hostedimage/m/*/3AE5a_Gzv1f3gKwmxkYCyGgLVN8Qz9NZiIfdMLv3WtNexsFSRuXhxwmKE1CJdzXeqcsa4q6LCxHhXS6BqklXR8DMKqk-VwygNrR9bPjettZXCmf-8qvEnriJe0NeRNO-BwgVRz-HJMj7HNsL9H32lYKMwt4CAY1hnJZSrn9XZcBBL5ycQnxetedZaZUfEn7m14b53cTxG82PksKhQgw?fife=s16383"
MEI-JUNI 2022,"Tanah Longsor, Desa Kebutuh Jurang Kec.Pagedongan",*,Tanah Longsor,Desa Kebutuhjurang Kec.Pagedongan,"Dukuh Gobang Dusun Maron,01/03","-7.471762, 109.694814",-7.471762,109.694814,"Jumat, 13 Mei 2022",15:00:00,Hujan dg intensitas Lebat Disertai Angin Pada Jumat Sore Di wilayah Kecamatan.Pagedongan dan Sekitar nya Mengakibatkan Tebing Setinggi +- 15 Meter dan Lebar -+ 10 Meter Mengalami Longsor Dan Menutup Total Akses Jalan Desa.,"-1 Rumah Terdampak Milik Bpk.Mistoful (36 Tahun) Pada Bagian Garasi Mengalami Kerusakan.
- Akses Ekonomi Dan Pendidikan (jalan desa) Tertutup Material Longsor",nihil,nihil,"-Assesment
-Koordinasi Dengan Pihak Pemdes
-Menghimbau kepada Pemilik Rumah Untuk Mengungsi ke tempat yg lebih aman Ketika Hujan
- Pemasangan Police Line
""- Pembersihan material tanah longsor yang terjadi pada hari jumat, 13 Mei 2022 yang menutup akses jalan desa di dukuh gobang Rt 01 Rw 03 Dusun Maron Desa Kebutuhjurang dilakukan secara manual dan juga menggunakan alat berat Eksavator BPBD Kab. Banjarnegara.
- Finishing pembersihan dengan menggunakan Mobil Unit Damkar Banjarnegara dibantu relawan gabungan dan masyarakat sekitar secara gotong royong.
- Akses jalan sudah terbuka pada pukul 14.30 WIB dan bisa dilalui pengguna jalan dengan lancar.
- Secara keseluruhan kegiatan pembersihan material tanah longsor berjalan lancar dan aman.""","- BPBD Banjarnegara
- Dinsos P3A Banjarnegara
- DAMKAR Banjarnegara
- TAGANA Banjarnegara
- PMI Banjarnegara
- PLN Banjarnegara
- Pemerintah Kecamatan Pagedongan
- Posramil Pagedongan
- Polsek Pagedongan
- Pemdes Kebutuhjurang
- Destana Kebutuhjurang
- Warga Masyarakat dan relawan lainnya.",,Jarwanto,"- Raib Sekhudin, S.ST, M.KL
- Budi Mulyawan
- Pujiyanto
- Agung Septiyanto
- Sapto Hudiono 
- Ahmad Arifin
- Widi Dwi Kurniawan
- Fahri Susanto
- Ismail
- Yusmiko Nur Azis
- Parwoto",,"https://mymaps.usercontent.google.com/hostedimage/m/*/3AE5a_GzULPnj7hBkaeYpS8QP0f7mXTmm8LyvqCH2ZWzoplLEnYx_QDluxRDz54ulUK6Hme9yR-PsmA0xSlqoWr1MJmvKnax5-LBp6iAHQcDIUiwCWr352jSTA1E37iuIneeLG1XbsdJpSn7kU54Nec5W1f7p99796bofh3HzdLTJh_FxNUfCYXUfPzpqxP5MlKSV52rOBSfz_FAceq4?fife=s16383, https://mymaps.usercontent.google.com/hostedimage/m/*/3AE5a_GwCiVloxy4Wu20IfkJIwUTtw3tITZDzAyXz5JvJJdrlwnwE0xgCgqSw-rMPhCGUzYpC0haYNf83TU0YQ9TLxPnBKKtML6J210sx0dX0nKCBlBJhzoYYiVXP_EPUM3E1AEY9Wbj9Z7vnB_tB9moVOo3qwjOIyg9K2rdYBULTQRTJpF1qdwNYrJTtX8x6mFpqolNsR9d1YKqB2Q?fife=s16383, https://mymaps.usercontent.google.com/hostedimage/m/*/3AE5a_Gwmq7ZeZ2gRqviybdWJ610Aj8m1yU4CXYMVT7tmaLMtjZXBe7IcpkZbU_f4QT4HLUCkGP5zXgvBZSTR7OI6ka_C7Ws4gdf4HmLu8IsKzSjfBWK7vcQK0K0_6GAoauA5ljwhTozYRdDeJVpD6Cd2phHReVU41aF8GgxuNmm2ter0Do47T-EuRW2LhlbjnVSrvV4HK3prLbOZMos?fife=s16383, https://mymaps.usercontent.google.com/hostedimage/m/*/3AE5a_GxKzpzn9C9KgZOpA2zfTXki283pMb50cEERU8xYO0AAGkrT6wq2receaLwJsHt6hDm_OFjbFaS9XAQOesoRM876aAvqdaKzUy5WD10N8vT03A-WQaV_o_u6Ahvx8XfZ1LwQdj8WLp4x1VBDHUmGcb_aRGm5TxLM_3v5zxYsENInBsipsEQoaTJSncYpYVTxZouMA3hP8q4IKXA?fife=s16383, https://mymaps.usercontent.google.com/hostedimage/m/*/3AE5a_Gzp6jSE9OV8FTve1P8MBk7hVok6qyFhb_V1Fcmi-HxYYWYVGve7v-Pfv831aN6QAe7qmXR0LkRz_969wFc2WUrDFzurrZbASdblBQsWxfZo4DEdpA89h9GmC2gSAr0ubkRLdcxWWHQOOKxtpvyxzmVxQOO4UALk2gu2qKNaApMjHV7hGxENezU6otFB2P2aOCXtgeslVdjFroI?fife=s16383, https://mymaps.usercontent.google.com/hostedimage/m/*/3AE5a_GxbE2wjmspiFFR24C0DGUq43d8ZLBFoa_I1awB06YBA1aao25l1dNcYdxTLziZ5SeC2N0cJeRm7T4ns9vubHsQap8i0SKT_kIZLfwz93I9O3sTKejCfOibziOhCnz7nPk69SPWSGuojSRQdCCGasJP9k-AndMNsK5G1gnXz6Tv7zoQ9jY9CyBkgQbHbC87ziNZwYXgpQ0IlTqc?fife=s16383"
MEI-JUNI 2022,"Tanah Longsor, Desa Sirkandi Kec.Purwareja Klampok",*,Tanah Longsor,Desa Sirkandi Kec.Purwareja Klampok,Dusun Balong Rt.04/04,"-7.493263, 109.44942",-7.493263,109.44942,"Sabtu, 14 Mei 2022",22:30:00,"-Hujan dg intensitas Lebat Disertai Angin Pada Sabtu malam Di wilayah Kecamatan Purwareja Klampok Mengakibatkan bahu jalan Kabupaten perbatasan antara Desa sirkandi dan Desa Berta Kecamatan Susukan dengan kedalaman kurang lebih 80 cm, panjang kurang lebih 10 meter, serta lebar kurang lebih 1,5 meter.
-karena Disekitar bahu jalan rumah tersebut terdapat saluran air dari pegunungan sehingga talud terkikis oleh aliran air irigasi.","1 Unit Rumah Milik Bapak Narsan /tidak di huni terancam, jika ada pergerakan",nihil,nihil,"-Assesment
-Koordinasi Dengan Pemilik rumah/ Keluarga","- BPBD Banjarnegara
- Bp. Narsan
- Warga masyarakat setempat",- Koordinasi Dengan Pihak terkait/ DPUPR,- Bp. Narsan,- Budi Mulyawan,,"https://mymaps.usercontent.google.com/hostedimage/m/*/3AE5a_GyUAbhgQALOBcHdPXyJvZmBbNtrm_po74I6-HDnJjBEE8azkIMC2aquc9W0CHK0DZfAo2-3VjgO-OqiQEVhDHTmSZwgw8XPKHJe5DEjJGTUmKnirBjgnqc2tzs__6H-G5e9iHqsBnZaZ8ugDFtc3_2CsmsMoLZ_rsA_SgqIQk70BO-Vb2bGdqJuTPm_7eqdqBoSXrWcDYh7qkY?fife=s16383, https://mymaps.usercontent.google.com/hostedimage/m/*/3AE5a_GxHFaZp69l5-H0y1k8GnHlA0NRv8o01TC0BbNw3UBB-q1oxIdmxmR4ZQH4T318hiJfButgzbFHfeWRFrzrt9BfreMvBMuBAFAWkHpKAMv5KYQXkXoRIvzDYatPoQSfSbUqtWJymmh1qNixwDMGPA43DDlH4oF23B1tHyliv8wRD72oSonqe0GAvm0lUpZkmSsmP8LVraQsrLYU?fife=s16383"
MEI-JUNI 2022,"Tanah Longsor, Desa Karekan Kecamatan Pagentan",*,Tanah Longsor,Desa Karekan Kecamatan Pagentan,Jembatan Dusun Tempuran,"-7.273408, 109.782343",-7.273408,109.782343,"Minggu, 15 Mei 2022",15:00:00,Hujan intensitas ringan mengakibatkan jalan dusun Tempuran mengalami longsor,1 jembatan dusun rusak dan tidak bisa dilewati KR 4,nihil,nihil,,,,"Supriyono ( FPRB Pagentan )
0813 2750 8550",,,"https://mymaps.usercontent.google.com/hostedimage/m/*/3AE5a_GyRHkUdr-ota9sOVJvU7RDrlnOjrwo5bQuUCok9Id2znd9BQrp8ftTu3CFE2mkg4Pkyaalbcb9_EbequX11tGx0G1VoY06bPl1CqD7M6dBKzhaVNcgY6H6xCHxDDJRaFXYWt2qHggtTLroWaz8NW2JxzbHZH0iOGHwc6mAGM7PiuVQRRMoomoVBSUgGs5y7nGOAZlaTa-wNBw?fife=s16383, https://mymaps.usercontent.google.com/hostedimage/m/*/3AE5a_GwkptSMIYgmkcvTYNI2SoFfzDOqFMVJkpQER7I9cQ_alIadOUisBYhoSdT54lqnZpOD3TvFNljmIS2_pca4zvvVEmkckm9T_SsrVhM0B3n4DcSgzHVHLgMLoBoMqYJKGcWb6pK1usRetvRt9tBedhCd2PvQFpQdY3vHFU_66vbfejMKhw6QN94iToftH0Xrm3WqcVBt7ipPDQ?fife=s16383, https://mymaps.usercontent.google.com/hostedimage/m/*/3AE5a_GweIAZCaKUF_2vmw6-UiXQ__gQPNsP-twglumGEUhCXIJDTwlJogzo3tWrsRxedmEDLLTxPZ0w5oKkacxjfBtYCaFOIAUXIw2zcLQGzEnlQM_EZC7AafcWZvpSigcWz8DM16ylFJjo6mMYYgn5jnhCAndvyJ1mzkHYbgZHxrIdmTacphQ6llv6XRZ7ikRTOZVYTkX3qL_KfwA?fife=s16383"
MEI-JUNI 2022,"Tanah Longsor, Desa Karekan Kecamatan Pagentan",*,Tanah Longsor,Desa Karekan Kecamatan Pagentan,SD Negeri 3 Karekan,"-7.285241, 109.781031",-7.285241,109.781031,"Kamis, 12 Mei 2022",15:00:00,"Dari hasil asessment tersebut di ketahui 1 gudang ambruk, 6 kelas mengalami retak di bagian dinding serta atap. Lantai kantor amblas. Jarak SD tersebut -+ 200meter ke pemukiman warga.
Menurut Kadus setempat pergerakan tanah sudah teridentifikasi sejak tahun 2010 dan sekitar 29 rumah warga terdampak sudah di alokasikan ke tempat yang lebih aman. Tindakan sementara masih dilakukan pemantauan. Dari 
pihak desa dan pihak sekolah sudah melaporkan ke dinas terkait dan menyiapkan lokasi relokasi jika sewaktu-waktu di butuhkan. 
belum ada rencana dalam waktu dekat untuk membersihkan material. (ASESMEN SDE Siaga Peduli)",Akibat tanah bergerak 1 bangunan SD N 3 Karekan mengalami ambruk dan retak- retak di bagian bangunan dan dari lokasi tanah bergerak menuju ke pemukiman warga sekitar 20 meter,nihil,nihil,"-Assesment oleh SDE Siaga Peduli
- pelaporan ke pihak BPBD dan Dimas Pendidikan",,,"Supriyono ( FPRB Pagentan ) dan SDE Siaga Peduli
0813 2750 8550",,,"https://mymaps.usercontent.google.com/hostedimage/m/*/3AE5a_GyofOnwq74nXrj1_18i9p9glXKTn3gMxz_zJhKXeDKrEABFvZwzPDedn_f2Qxi1O0Wn-nNqSHj7cK_6U97UUgKvm7Qk9zuYpC0IdUL70rQINuTynE2k164nvPCBBrypGjPtvSAXiZjT5d3KQtPFW1hvaaduxHaWAGjDR6ip6qBPjKddcDsiS0T_W1NN-pARfHYixEGAArm0YWY?fife=s16383, https://mymaps.usercontent.google.com/hostedimage/m/*/3AE5a_GwX2VAs4dbDDjUCXzaU23Q7O6kZlBD_SPJPG_py7C4ZFl1b78yqZdi6GdMNj9lEOI3Xlz8pDncaeNCWBwWXxMghmsyMuwG4MaoRtWUK9sebHfN-ATIJ8F-CXAkNGkzgWDzGVCQ6HoxPwW2IfdOL6bZh1mtKEseAItQdiPy9b771_wqJ1WvyhbjaCCAS76PcjjZH5G3X6uJKbys?fife=s16383, https://mymaps.usercontent.google.com/hostedimage/m/*/3AE5a_GwV1Wv41fo2xjb7nrG9LfZtzYpCkpjXGIBeOVxDi0c2qG9Nxx158fD4s0A_P2vvkNkse6hovymz2XKe2eDGw3OPr2mA8Q0enhNlBK1qLJN47QtKpf8mQO1g0Mo7kajo4uYjDA42gXqpmCweqhkqiLjyALOwpw3xJbTxWpxtzK-7NIvQVkMykv1LFETwgxtfzGAmFxHf13DSdak?fife=s16383, https://mymaps.usercontent.google.com/hostedimage/m/*/3AE5a_Gw57LONn0gCS--LfLYaRbVgQ1ODFqbstwV0AUFEqg4nMJ0qh6CALAhOCsxiPjaYrISMx40kSYRPAnKJt9steanS1DycPCgkV11KXzMa0QlmglbHOFdmrXeX6uocetl9dRw0sAWfNBowBSjgGO9pQPpgHwGiCG10WDP8A_Wn6m8jISKDpFDR5D7jpP34sIo0bqaLGpOSQifTow?fife=s16383, https://mymaps.usercontent.google.com/hostedimage/m/*/3AE5a_GzmQMP2B3gIW7q0rEGlS966UXbCo3H1zd6ELXDEJRcIzo_qYFlPBBQvObcq3bhAYoIV5eXgMbCEOW2q0QK0UQjlROVqYlQv5Ds1PP34FFNgl-AAA6ksLfBr456zFvDHODBQVLyxck1aVIkU2NE0YhJehIVdYcCQlEAUF63WL1pmQIziIpjKgQE5tm2QVee3y7_sc21oMJY0Ig?fife=s16383"
MEI-JUNI 2022,"Tanah Longsor, Desa sinduaji kec.pandanarum",*,Tanah Longsor,Desa sinduaji kec.pandanarum,Dusun Sidaurip Rt 02 Rw 01,"-7.280469, 109.58596",-7.280469,109.58596,"Rabu, 18 Mei 2022",21:00:00,"Hujan Deras dg intensitas tinggi yg terjadi pada 17.00 s/d 08.30 WIB di wilayah Kecamatan Pandanarum, Tebing dg tinggi -+ 7 M, lebar -+ 4 M, longsor yg mengakibatkan 1 rumah milik Bpk Riswanto 30 th, Tertimbun longsor di i Ruang Tamu,","1 rumah rusak sedang a.n Pemilik Bpk. Siswanto 
Ket:
dihuni 4 Jiwa Riswanto(30 thn) Satini (35 thn). Anak 1.Dodit (7 thn). 2.Ahyan (5 thn). kerugian pada kejadian ini di taksir -+ 20.000.000,-","3 orang luka ringan
Ket :
1. Ibu Satini 27 th, istri Bpk Riswanto ( luka di bagian kepala dg luka jahit di sebelah kiri dan kanan) yi
2. Dodit Prasetya 8 tahgun Anak ( Luka di bagian belakang telinga tanpa jahit) 
3. Ahzan 1 th, Anak (hanya luka memar dibagian kepala) 

Ketiga Korban luka pada saat setelah kejadian langsung dilarikan ke Bidan Nurhayati Pandanarum dan sudah ditangani sesuai standar pelayanan Kesehatan,","1 KK 4 Jiwa 
Ket :
1 ibu menyusui 
1 Bayi","- cek Lokasi dan assesment
- kerja bakti pembersihan material oleh warga setempat
- pengecekan Kondisi Kesehatan oleh Bidan Desa Sinduaji Imas Rahayuninsih
- Himbauan kepada Korban untuk mengungsi ke rumah Ibu
- Droping Logistik","TAGANA
PEMKEC PANDANARUM
PEMDES SINDUAJI
BIDAN DESA
POSRAMIL
POLSEK
Warga masyarakat
KSB SEMBRANI
BPBD Banjarnegara",,SANTO TKSK Pandanarum,"- Anif Hamidi
- Suryono
- Daryoto","LOGISTIK YANG DIDISTRIBUSIKAN

- Family kit 1 set
- Logistik Permakana 1 set
- Alat dapur
- Peralatan makan 1 set
- Tikar 2 lembar
- Higent kits 1 paket
- Terpal 1 buah

PMI
- Family kit 1 set
- logistik permakanan 1 set","https://mymaps.usercontent.google.com/hostedimage/m/*/3AE5a_GxjE486c0-jW9qGttC3taRQx3AK_5R_14VS-j2jRAbHptjlvB65eHvu7AEm5E0vfQnDfAEnQs1ztKgwvniw4HWZ6T_vSrQd5ZwvHzXgXaQODf4Hwv1gK-Bs1Geavr8GBP6IZ9d2JzluD1afu16_WAmd0kG-HYX6FyMT3TBc3Z1LZVTlX_hB0vjHUP09NTqmXA-Q6RdDWTARxQ?fife=s16383, https://mymaps.usercontent.google.com/hostedimage/m/*/3AE5a_GxZGgjBYHZA4ptW3U1a1dImdHx8pdkEpmb7vT1UXPyP1gJix-D4GLqlqpfExpZ3qhr_3jbmbkzmielKoZzHfbJMPjBAfwQzRH7DKdZkq7kM24cA_d52yas2gA3pl3S_YomcqxLEJcjylDta87EQ-W6KWYJ6hbm1F-pNI8XloUAn_RSfo47Gd5D9wUyuNMKqNociUuT5cQlaauk?fife=s16383, https://mymaps.usercontent.google.com/hostedimage/m/*/3AE5a_GzQCQdw2UBzMzVMvy6_Mapd4DmH8qyTDO9f-1AeTj8zRO15KfHS869krwfEYdMi7Hqsq7j2fO-MeOkMl1M-xDdmNDKXCQSQr7r28BtXyEGok35n8ch5h02RZPxpG_f68SJTYWBe2RjnHlULZnzs69T_o2XVJSulBhMAHqhG9HYh-rHoI3eMgKNUAEC7hCwUmwqV3LKxzBcCD-8?fife=s16383, https://mymaps.usercontent.google.com/hostedimage/m/*/3AE5a_GyBo2myc39j0f_ZJ-nKDzIlCafYYISxYRRb1E27x4Fkg1N0QWUJDjfwKBaDwqc3FM8B2XcV3E93DqSmlgKAgp9q12eRTyn2y6vqN24pyJ_GjMjSVyuhkHrCaXSg3JwtnKpr7N5DnmBTvRiDqpMK6rb51nDEAaELGIlP6ur0pV6_OLG3rKiI_m2YakRMTJomelVNveLy1ygXwzg?fife=s16383, https://mymaps.usercontent.google.com/hostedimage/m/*/3AE5a_GwjYNdfmNeHQd00ebL4sfqq_Wt782i63jGfRhn4ujoTBspi1rHA9B9eiyTAmoab8VwSaihQe5hyjqSp5aywijaGek5gVc3LpDIXBkxkicW2oTKZ3ru32UvnsbNx_SmnUhOh7AIgluuEBxHwdMzdMB5uYfyNLWVhJ6aM7-_56A8C1ZNQm0Vz68PI2GeWd5usMU9IRigkR8SkoQ?fife=s16383, https://mymaps.usercontent.google.com/hostedimage/m/*/3AE5a_Gz4C2DQLssB1oPBOKi15yp_aLalsNs2cONcxdf89VCJJe6czimI-UsJaqAqrJ2rR5XzGPW4uzEmdVz6zFaEsZGCuKYDz2QZMB1QysvOPOOIx7x1Z8ZqMMAhYo_BBQyEFElVkg-B1S7GyDdBb_tj1dBW2kVRXgZ23nLnCJD8VWaHJnx3S8Wz-6jNj4TPse36Xs9BuuMU64om9w?fife=s16383, https://mymaps.usercontent.google.com/hostedimage/m/*/3AE5a_Gydkcx6e87-luWDL8kRFuqnBXiby2JPl59h2gjJ2zMB1dT8r32J5oKH7RGJcq5BbrUe4QIkkk3xyIykgfIVbd4rQKt145dySx7oc459SZmdRDom7blRxvpBbQ5ViISbv4yvEFR_fypZypZSyVw6cxgAxEjTmmkD5lSipEcGHKEu2x5r-iF1KfhwJSzQoLP7717_5kjR_GiOBQ?fife=s16383"
MEI-JUNI 2022,"Tanah Longsor, Desa Kesenet Kec. Banjarmangu",*,Tanah Longsor,Desa Kesenet Kec. Banjarmangu,RT. 9 RW.1 Perumahan Banjarmangu,"-7.359513, 109.69003",-7.359513,109.69003,"Kamis, 19 Mei 2022",18:30:00,Hujan dengan intensitas tinggi pada pukul 16:15 s/d 18:30 WIB mengakibatkan aliran air di drainase jalan provinsi Banjarnegara via Karangkobar tepatnya di Perumahan Griya Banjarmangu RT. 9 RW. 1 meluap kejalan sehingga mengakibatkan tebing tinggi -+ 10 m samping perumahan longsor sampai ke halaman rumah penduduk,"Tebing tinggi -+ 10 m longsor
 2 rumah terancam",nihil,nihil,"1. Warga sekitar melakukan penanganan darurat menutup aliran air agar tidak masuk ke longsoran tersebut
2. Melakukan Asesment
3. Pembersihan tanah longsor yang disebabkan oleh tebing longsor di samping perumahan dan halaman rumah warga, dilakukan secara manual oleh warga sekitar dibantu petugas BPBD dan Damkar Banjarnegara.
4. Finishing pembersihan menggunakan semprotan air mobil damkar.
5. Pembersihan selesai pukul 11.00 WIB.","- BPBD Banjarnegara
- Damkar Banjarnegara
- Koramil Banjarmangu
- Warga Masyarakat setempat",,"Bpk Muji Prasetyo ( Warga )
0858 4904 1500","- Marsongko
- Rianto
- Daryoto
- Tsaibun Nuhud
- Heni Sularso
- Disem Giri L
- Dwi Yulianto N
- Daryoto
- Almasyah Tri Putra
- Yusmiko Nur Azis",,"https://mymaps.usercontent.google.com/hostedimage/m/*/3AE5a_GyvNDEo9ELJ7T6u45H5_2yT3xNYh7hLMOOD8TGiqJYjsMByw6TdDIj9YYGAjHKnXnbXhd--_mVscKqrCWh5ZU7TNFyfkm9U7_OLfdRYn62Jk9POgLeG_Q-BkefBl9uezi110cRl8v0_RDH6sU1K__hOe1Zs736CFNTCRCdMO4RP3nybBqCcf6GPy3ofjjZoAN9z1V69zy3Dmg?fife=s16383, https://mymaps.usercontent.google.com/hostedimage/m/*/3AE5a_Gx_kuV6ycHzGlzOGxbZ4_xYAQBzFfhzGVVSjmlwQ61pD-5SoTthV80gDQiAZmVX8X9uZkO_LCz7dM1_JgqdVItzDOZg_6LRJvf-6GsPu83ecPKg-AqyQHYraHUeAtoda4JFkiXBgXREOhNDEfJOWlq8SIx7iYVrtMzQpZh7e9Dbl6WfKcphp5EAxLlN3u7TPNt3WjH9IwkHuQo?fife=s16383, https://mymaps.usercontent.google.com/hostedimage/m/*/3AE5a_GwlHFgdjnbUowopL3Uzwb-sEXlk3ED2BxhWbUmBnj121t7GSA3-HUBpO2pJ5JJ51TG12InZo1eEaqvd2AihbCoWYvE3J9IReGg6H0IRfRMucICEn0APSMGcz2rRPj56T3BVe7QC-dB8Yk-TLdgsTI_Wtmz4eoZCKuki_QN_9eIgF37IArDpVpttW46AlYGk0OAbie3S6kmUfHU?fife=s16383, https://mymaps.usercontent.google.com/hostedimage/m/*/3AE5a_GwgjE8jj7gcR8J9ciJ-r5HW_ZHE9HOzBhMpjGdegnC82rxghveC6AdlT-W_mxMd6ZwIN2Hc2y4OlV2lurIDACMSEltt7ZBX9HOFJHJHkFhz_N8tRjo3sEylc-HPyyDBceWK8oKGbbZOiV619lh8jg6xtvA0GAPX2JyxRiYyLYq2awqtyWQlbth_FvzemGG1wjY5RPfRn3SL-Gc?fife=s16383"
MEI-JUNI 2022,"Tanah Longsor, Desa Sirkandi Kec.Purwareja Klampok",*,Tanah Longsor,Desa Sirkandi Kec.Purwareja Klampok,Dusun Salaraga 06/05,"-7.5191073, 109.4498665",-7.5191073,109.4498665,"Kamis, 19 Mei 2022",5:00:00,"Terjadi hujan agak lebat malam Kamis.mengakibatkan longsor di sebelah rumah bpk warno rt 06/05.
Mengakibatkan pondasi rumah nggantung..",1 rumah terancam,nihil,nihil,,,,"BPK Karso Suwito 
Ketua RT 06/05.",,,"https://mymaps.usercontent.google.com/hostedimage/m/*/3AE5a_Gzl33OmdiRAS-a421_HW5A7-3axZuj1l4SVLMjgxKB7QUtojklnol4Lh72sB5pN8Y_NDLUeuyVr1FJ2v2bBJqrSKFLG0eEhVJHE91ozIZaHkrV_Eq2haOSZGzOYxpFhzBg_B5HfgGMF6CcAbgnz-raA8IiWx-9bPkFvlxdBIFbJI_3YVGyefQ7d0wweK5WxpjnLiWjjwQA77_U?fife=s16383, https://mymaps.usercontent.google.com/hostedimage/m/*/3AE5a_GwN_IwBBnzbqT0soAxym-FnWJNQLTrkhnrAhtk8L3s--tTbRutt1aT6DnR2yR06k58C0o04_pnJDIdoRl7gQfNPGEeIPF4DZXYr0VTpTIv4VuNJjCCos95bgPnby1jToQLWBfUfrVXneyPftBC7POwV7ZLhSYcEoeBqk1MKYepji5aDJNmOpy0oAW1RddCM_d_-V_SYfeSAj_k?fife=s16383, https://mymaps.usercontent.google.com/hostedimage/m/*/3AE5a_Gxr6c4svHCd0L79o9dKA15a6efKhIywYsdp1LolNiJCI9pHuK_jhBuVfOwdJMz1-o8vY0m5QxoKX4s0MtPvUTZ-BRCxWfj-_MPPyvIB-amRjBUVdEscfp1qRmNP5RyWDrHYRlKBPgUKiz8fuatwlfR_VCIy-Mhwrcmj_QkD7ancHsfjfXqF6upxV5VPJ6ekksqVqm26nql1j-U?fife=s16383"
MEI-JUNI 2022,"Tanah Longsor, Desa Tanjungtirta Kec Punggelan",*,Tanah Longsor,Desa Tanjungtirta Kec Punggelan,Dukuh Bengkat Rt 01 Rw 06,"-7.322817, 109.640617",-7.322817,109.640617,"Minggu, 15 Mei 2022",5:00:00,"Pada hari Selasa tanggal 15 Maret 2022 pukul 05:00 WIB Di Desa Tanjungtirta terjadi hujan lebat sehingga menyebabkan talud pengaman badan jalan Kabupaten ruas jalan Desa Tanjungtirta - Desa Tlaga Kec. Punggelan dengan lebar -+5 m Tinggi -+10 mengalami longsor, yang membahayakan permukiman di bawahnya serta mengancam 1 unit bangunan Masjid.","Talud Pengaman badan jalan longsor dengan lebar -+5 m Tinggi -+10
mencancam pemukiman dan 1 masjid",nihil,nihil,"- Cek Lokasi
- Penangan sementara menutupi dengan terpal","BPBD Banjarnegara
Pemdes Tanjungtirta
Warga setempat",Koordinasi dengan Dinas terkait untuk tindak lanjut penanganannya mengingat talud tersebut bila terjadi longsor lagi akan membahayakan pengguna jalan dan mengancam 1 unit bangunan Masjid serta permukiman warga dibawahnya talud tersebut.,,"- Budi Mulyawan
- Agung Septiyanto
- Fahri Susanto",,"https://mymaps.usercontent.google.com/hostedimage/m/*/3AE5a_GyzAkjLBZBTXnPZZuS-Ngs0UFQ5suiAUAKinfeDndDkezVglipH4E7M6rYKvellATNnwcrpQEE1ZSHMBoX2oBtvtnYM4SaXavB3Cch9FsLhssC-lM_Zl2jKAIF46vN2jG2zQ2qjF7XhaY4CU6nqmNddnL3Rp3RJYnMHp1PQU7s48M3CzQwHSBwf1yXdVcEjmYRlomUuHsWIATo?fife=s16383, https://mymaps.usercontent.google.com/hostedimage/m/*/3AE5a_GzKCMLdFhiDoMmnyhKyHuRxCH47kt6NBIweSyKTBQo5yIJLY7f82VVP5FARts66bAGfHFbqcUw59ySsvw6uCUWuBqiocatNozcgBbavLB5y680LOCfh3l3QCZa16uqVrA_aS_8Cg66A_X7d-5DRxMf-n0sK9TL_6YSpPpXMrU5AvAAecHZcX0W-gseioawZN2ykAocyNxMcEt4?fife=s16383"
MEI-JUNI 2022,"Tanah Longsor, Desa Penusupan kec. Pejawaran",x,Tanah Longsor,Desa Penusupan kec. Pejawaran,Dusun Bojong 04/06,"-7.2465613, 109.8000759",-7.2465613,109.8000759,"Rabu, 20 April 2022",14:00:00,"- Hujan intensitas lebat yang mengakibatkan pergerakan tanah. 
- kejadian merupakan kejadian susulan dari kejadian pada selasa 11 Januari 2022
- Pemilik rumah belumpindah/ evakuasi karena belum punya tempat lain untuk pindah.",- 1 (Satu) rumah mengalami rusak berat dan tidak bisa di huni kembali dan belum bisa di bongkar rumah atas nama Bpk. Suprih (50/5 Jiwa),Nihil,1 KK 5 Jiwa,"- Pihak Desa melaporkan kepada pihak yang terkait
 - Pembongkaran rumah akan di lakukan pada bulan MEI
- Sementara pemilik rumah mengungsi ke rumah orang tua nya di Dukuh Gambiran RT02 RW06","- BPBD Banjarnegara
- Pemdes","-Melaporkan kepada instansi terkait
-Cek lokasi oleh tim BPBD Banjarnegara
-Rumah belum bisa di bongkar mengingat hanya lahan itu saja yang di miliki oleh pemilik rumah""
""-Bansos dan Relokasi mengingat rumah dan lahan yang berbahaya dan sudah tidak layak huni
-Kebutuhan material bangunan","Sekdes Penusupan
(082313985786)",Bambang Tri Anggoro,,"https://mymaps.usercontent.google.com/hostedimage/m/*/3AE5a_GwsjWFJbhQhD0Auc2Gl1zz5GOutKGK2Hm3JT3dZFPVRvS0YQNuHRb35WfhyPHpIREo6zymTZx1_o4ek1NgQa8yBjm1vFZn3bO5G5dAHNXfASh3p0aogHbWcQXURArMV3O62XUcG7ySj9wgr9ITubgvjzqQWFsF53ba-m5CFNHQQouNjzajSFRxeRD_bguad3TLN7y2YZSrOl8s?fife=s16383, https://mymaps.usercontent.google.com/hostedimage/m/*/3AE5a_Gx0fxHqLq-ITYe3y2Qhb9-fCHOf8tF4CyBDnP22-IqZuA_vwwCiwmCfDbeZwjgBBhvyBabCKLN1TlJx7Nn1k9ajVI8FvgF2DXrMdvt2xngdEzGGEPs2NG3ZgsGYdQ4KPz3K8FrQolCBLDEKtMWu6EEFVuystSwln5_zqnvIEJtLWeM4IPQ6Me8MnFso86-ATlBJgRHSFdCJUYE?fife=s16383, https://mymaps.usercontent.google.com/hostedimage/m/*/3AE5a_Gzf0pLjIkqSlRtzFRMnmuiYruzq40xDj_nNDULl-KE8OxP5HsbzyMRXr1dQGIQl23j820NtXZvr6U6OWxliB1dRPe7tUaJeukBwlWLWb2m4ZQDRWLF127Mo4OCRBZwa1jh2nDrp7WVQlwV_xvEpo7DEOqbQoGB8r5in5c8JjwTctZXbgvbjwAcCe40A0wxAVYdibPI46O05eQE?fife=s16383"
MEI-JUNI 2022,"Tanah Longsor, Desa Kendaga, Kec.Banjarmangu",x,Tanah Longsor,"Desa Kendaga, Kec.Banjarmangu","Dusun Kendaga Kidul, RT.01/01,","-7.339182, 109.703013",,,"Sabtu, 04 Juni 2022",19:45:00,"Pada hari Sabtu, 4 Juni 2022 pukul 15.00 WIB wilayah Desa Kendaga Kec. Banjarmangu terjadi hujan lebat selama -+ 2 jam, sehingga mengakibatkan rumah bagian DAPUR roboh/ambruk","1 Rumah Rusak Ringan
-Dapur milik a.n KK.Bp.Dulhadi 65 th,(3 jiwa)
1 Rumah Terancam
KK.Bp.Budi Safrudin Aljamil 42 th(6 jiwa)
1 kolam tertimpa longsor
- menimpa sedikit ruang dapur dan kolam permanen milik a.n KK. Bp.Suprihatin 38th,(5 jiwa)",nihil,nihil,"- Melakukan asesment kelokasi kejadian
- Koordinasi dengan Instansi terkait dan pemerintah desa
- Pendataan warga terdampak
- Himbauan kepada warga masyarakat untuk berhati-hati jika terjadi hujan dengan intensitas sedang hingga lebat disertai angin diwilaynya","""BPBD Banjarnegara
Pemdes Kendaga
Warga masyarakat""
TAGANA",,Arinta (Kadus 3),- Marsongko,"LOGISTIK YANG DI DISTRIBUSIKAN

- Logistik Permakanan (BPBD)
- Family Kit (Dinsos)
- Peralatan Dapur (Dinsos)
- Perlengkapan Mandi (PMI) 
- Logistik Permakanan (PMI) 
Bantuan diterima langsung oleh Korban Terdampak","https://mymaps.usercontent.google.com/hostedimage/m/*/3AE5a_Gz5ewyiJtP-V6SkkJFuGUBKtEpt695kEQE3xV9tfMVOgSUbXCETz6h2HCIX9lp-E-lTtXpTY2J32e_XRePJ5YyB8fdyGMLk5Y0QzSy884UFi9_qYTyzRKk5zYB4ZwlWn7fUk4m_riOpC0sQBNaL8npZl1ZvRMqHI7Z08dSsOxBFatOzEsZhV28iFOpmziE3fMt1oMOssq5uCQ?fife=s16383, https://mymaps.usercontent.google.com/hostedimage/m/*/3AE5a_GxJnD5QlrRdkoWxGKyrLufEF9uIkqwr3MDupkTb2dfYxkRPGFBh3x9mVMdeWzyzkrVnZza1kXKLlGqMV1iB0S53E6PoEFidzyH58f9aBIq9tqHjDNdT6X-svYNXniX1OX1c5Tpg_ypX4sPR3pnQuMHjtgqaVu7lG5scKbS0DjMNtB2EqdTp79fwht-_t11Vjc77NrpIUoaTIOE?fife=s16383, https://mymaps.usercontent.google.com/hostedimage/m/*/3AE5a_GxgMjHlRtz1GwT66wlkc-Wsb5D1tbezEiWE438QnUdDht0zZhElruanCTy2IyY9ZgmKrt6MKMpdlaNMKYJZWVLLif-R-KB5vaJEWcodKY5h5KOiKN-Z-2HIxiCjAIMwz5Fqc-17FOE_RRhMcfnwqLSrF9KTd_cmqqg6gFptpIGJBXdSR_GFNM0aSBXxn1QNYmGljdF7fyusiYc?fife=s16383, https://mymaps.usercontent.google.com/hostedimage/m/*/3AE5a_GwiuF4-frWiNZtgDSXfRNK-eWYhwemFBaEODQ8G2VbukWbOu3sWKroivqS2HzJZC6cXth9DtobjXqonFgWTXOir6cP2MqkJfRJjnZBpKG2Ku8ZYesCK3O581sFxrxR5ADDPHQFawza2fIkmZtxl0RLErDYeOuau1KlUEsGgWsXiFPYydUqKWnNKTzUv21_rV1sU6QEP71rELA?fife=s16383"
MEI-JUNI 2022,"Tanah Longsor, Kelurahan Sokanandi Kecamatan Banjarnegara",x,Tanah Longsor,Kelurahan Sokanandi Kecamatan Banjarnegara,Dukuh Krajan RT. 002 RW 006,"-7.3906406, 109.7171728",-7.3906406,109.7171728,"Sabtu, 11 Juni 2022",17:00:00,Pada hari Sabtu tanggal 11 Juni 2022 pukul 17.00 WIB Di Kelurahan Sokanandi terjadi hujan lebat sehingga menyebabkan talud & pondasi rumah warga yang berbatasan dengan sebidang lahan kosong sebagian runtuh merusak dapur salah satu warga dan mengancam rumah di sebelahnya. Kejadian dipicu karena aktivitas pengerukan dan perataan lahan kosong yg berada di bawah rumah warga. Sehingga membuat pondasi rumah menggantung dan pengaturan pembuangan saluran limpah air hujan yg buruk.,1 Rumah Rusak ringan dan ! Rumah Terancam,nihil,nihil,"- Cek Lokasi
- Penangan sementara memberikan penyangga bambu pada tembok yg mau roboh dan memberikan batu penyangga pada bagian pondasi.",,"""- Koordinasi dengan Desa dan pemilik lahan kosong terkait untuk tindak lanjut penanganannya mengingat talud tersebut bila terjadi longsor lagi akan mengancam dan membahayakan rumah warga .
- Memberikan arahan pemilik rumah untuk menjauh/mengungsi apabila terjadi hujan lebat.""
""KEBUTUHAN MENDESAK
- Terpal 
- Karung """,,"- Marsongko 
- Budi Cahyono - Agus Susilo - Daryoto","LOGISTIK YANG DIDISTRIBUSIKAN

- BPBD
- Mie instan 2 dus
- Logistik Permakanan 1 set
- Terpal 1 buah
- karung 50 buah

- DINSOS
- Tikar 2 buah
- Paket Sembako 1 set
- Mie instan 2 dus
- family Kit 2 set

- PMI
- Hygent kits 1 set
- Paket sembako 1 sets
- terpal 1 buah","https://mymaps.usercontent.google.com/hostedimage/m/*/3AE5a_Gy6WFVz2eH1A_ntUgDcQyZGdWnu2W8xfaThoq6zwTsV-ZMcpbDVUj2jXzVALCCUTfkvMff2X5Tvendb_Re9Mozhc-VV95mXLyTWxEaMDcs3X9RHdR9HJ84KoUDooEEHafPkrcw3zPPgsk2M1DhAKEbEi2NmNtGOOYhjePhxtyQwRrdJTxQajzd-71zrQILJfY9q4qnzDfEWBOU?fife=s16383, https://mymaps.usercontent.google.com/hostedimage/m/*/3AE5a_Gwncitk7aGSEmOAwpwHx4HwfeThs0bTFqtHuzp7N_bbcbmHSKSeGu_fsF21tFo06ru0qJ_ZjidkN_nzjNJ_Hkwog9lMUz-bSObogO_J19y3QL-M7YDmvEOLTQylq8tmdnwsuYvHy8bGpxBj9Rkeh_3eoggPHgEOse9hOOhaj5q4ajw7wdE63b7Ez3RRpLZXNWaIewvR1Gcml4k?fife=s16383, https://mymaps.usercontent.google.com/hostedimage/m/*/3AE5a_GyU5MDEDhMp_3KHyzZ19BNVegc_W-7Zx6NzUlkZm64FWlf8cwLC7m2s77msIcnF-fE1DyOUR6BpDNWiAG_LPhyHpXahfnnyfN7XlHL1sQkxTaQCIUTh0zCptGHN7t_flPXc0LSzahdGRPBB_CLe3KEeDxC4yMb66XBfOLGhgboyAAKgy1SSe_VxqnXE8fxzpFYjyIHwRMD04KM?fife=s16383, https://mymaps.usercontent.google.com/hostedimage/m/*/3AE5a_Gx_J1vi_ILQRzCIrmvmOkWh6L_YVYz1uLNIfSeRAR5IZedv3lPdooz3tlLdJJjs9LtbbX-Jwa5MipGp1ynEBqRSkdacZaLU4-YiJCrTnOsDofTvh06uz9VQxZygLdV7A3iAdl7TpYzJRJe81MTvvdILDwUeECGwpbu5IRa6TlFZZoTR4wml1nSAz__lftnYILpv9_fsemaTRA?fife=s16383, https://mymaps.usercontent.google.com/hostedimage/m/*/3AE5a_GwNIUQBk2gOzwQ48JTMXU_8sqX7m3X3Qwp8nmAFd1lpQ0KTGhhNYn7lqglTy46H55hyhq5oN1q0cbFG11uNnjToK1eBJoS0TDAHY6j4nFCYtwq-BSBG7UPhaihwAmhFgBuH84Jm6YvYG-erm7dYLsJuFR2aZJr2AXd1THtMBQqUTkn9Bz9YHocPwT_jUz3_WfNwLCwbbBYHc-U?fife=s16383, https://mymaps.usercontent.google.com/hostedimage/m/*/3AE5a_GwrB9F8iqJp7gtiwlFLvNbi7yGK5wgnYX-OwiqOjAxdxvXfDdUFEGqWte3SL4Ztwi7Cx1s5WJXR134RGXzdcfqZ8nf0pjGp68roUUG4epGqdlV8bE57efphcbAZpq96F7IepoWNRONZWhdjCoHocBsjTfvkucG4O-3KxgUdthBVW9UaQQUDErZbkSbwwOJ0byn8_eyWiDIpUg?fife=s16383"
MEI-JUNI 2022,"Tanah Longsor, Desa Wanadri Kec.Bawang",x,Tanah Longsor,Desa Wanadri Kec.Bawang,Dukuh Siranti 02/011,"-7.485761, 109.606122",-7.485761,109.606122,"Kamis, 16 Juni 2022",18:00:00,"Hujan lebat yang mengguyur di daerah bawang dari pukul 16.00-18.00 WIB disertai petir dan angin menyebabkan sebuah tebing tinggi 7 m lebar 8 m menimpa sebagian rumah Bpk.Susanto 
rusak di bagian dinding rumah dan atap dengan kerusakan 25%","1 Rumah Rusak Sedang
a.n Bapak Susanto",nihil,1 KK,"- Pembersihan 
- Distribusi bantuan",,,"Muzer
+62 889-8328-4606","- Raib Sekhudin S.St.,M.Kl
- Budi Mulyawan
- Heni Sularso
- Slamet Riyadi
- Widia Dwi Kurniawan","Droping logistik untuk korban terdampak tanah longsor a.n Ahmad Susanto Rt 2/11
1. Desa Wanadri 
BPBD Kab. Banjarnegara
- Logistik Permakanan
• Mie instan 20 pcs
• Minyak goreng 1 liter
• Gula pasir 1kg
• Saos 2 botol
• Kecap 2 botol
• Sarden 2 kaleng
- Logistik Non Permakanan 
• Triplek 10 lembar
• Terpal 1 lembar

PMI Kab. Banjarnegara
- Logistik Permakanan
- Higient kit
- Terpal","https://mymaps.usercontent.google.com/hostedimage/m/*/3AE5a_GzY87IGhuDg59OkFII4fiaKqooyOyRKO1Be_9JTJgNmBwo7fZfJAm8MjoL29ULi8LoJvqdKHFm7fxYgg2Psqe0zAicvfRMsV0gyzlmXdu--iXehzsT_Aw-WMBiQq5nO8ESa2de4l_T-xehHKfgX7kqylUdXy-vyU1o0cyPr_xuypJesWut6ejnIZU-DHb3ZKu78KCJsrTZTUA?fife=s16383, https://mymaps.usercontent.google.com/hostedimage/m/*/3AE5a_GylAeyyltxHQ-rJoyJxEQ74HIp4EiKcjwK-FC-xxCh0WKWBQovMw8McD6La3CQEWssWCEOtnCk_LpESFyCtfv3rnzc2G6dG1iobnjiUSzQ4bf4zmWdlMi5dgXMxo_9z8HEXSbXMKb5RK6Q79vTgtlC3Lqx3CpIPZkE9N6BOLUIf3tDDcEok4sY0ft6G0ecQN8SIzjsPiafvNg?fife=s16383, https://mymaps.usercontent.google.com/hostedimage/m/*/3AE5a_Gxc0y169EPHD39-6ynOOmXPLnDdr_aEND6qIYdz1WUh1IJsngy6Z_MavhpnhBwxFCTMJARMUuJHh5cQuc-CLZ6bILpWSISGyHzaBjn9dM0DOdx-hf28X2wjOC1Q_skaD6zrTLhJXlEaJlpBUl7MeQeAzWITX13f0ftG42ZmOuiN4ei-AMb4dIfa1s61MWjpqC4fEn_Ld5PZrg?fife=s16383, https://mymaps.usercontent.google.com/hostedimage/m/*/3AE5a_GyMdBp_5bhnVs5GpkQ5yA_yal4HO1NxLmYImpCh5YYcQ6YMb5OElYol2SUfrfRdFyT8TUyoS6C96ohWoa_ptEyBwX9u2Xbl5pcmY06wPSOoMmsIQrX0eMbFzX_Qs5ifCUDB2TQ4miVK_kfAvGQXGXRsyZT741uMCROFfBina6ziOtHEQ6UPjwPcGfoRk5QVWSP00gDgzMGlrJE?fife=s16383, https://mymaps.usercontent.google.com/hostedimage/m/*/3AE5a_GziET8XhEFz9yL_K_6-fgVZkPzgAEbeI6kgOlNjg9YWUDsuR1lpcOXKnoyxq7AZcxn87N9SDfoLW20F-8d-qLPmkfe0chQ2Y33jcGu5hUjNZybdudNwHmG_AP5Nwp4mO79LDvta4L1mwGCpGqhCv3RlsWRwhHm2UFKoKqVG_8MmY2y3KDXkotdsuFEWIp9Lld6xdrcTtabAbtE?fife=s16383, https://mymaps.usercontent.google.com/hostedimage/m/*/3AE5a_GyKY4VuG74_RwTY0i1DLQYLTw__cvAz3OumVmeQ3xd0NUxMM55v1Y1CLzrXM-MBtQZJEBnZ4rBMu3b_J4JK0deoljlr59P09b28TIRlvm2V6N6Y6DIHvvZjCiJYISiSI09mcyjDH_yaYC_vPug9gd7z97UPvUylw5iE4GjDGcVCvBrB4vDndZp1OMecRjGv2kk8VHccQ1HTzA?fife=s16383"
MEI-JUNI 2022,"Tanah Longsor, Desa Wanadri Kec.Bawang",x,Tanah Longsor,Desa Wanadri Kec.Bawang,"Dusun Duda, Area Perhutani  jalur arah alternatif kebumen menuju kadus silangit dan kadus kuwali","-7.482511, 109.614635",-7.482511,109.614635,"Kamis, 16 Juni 2022",20:00:00,"Pada hari Kamis pukul 17.00 WIB terjadi hujan dengan intensitas sedang hingga lebat diwilayah kabupaten Banjarnegara, khususnya Kec. Bawang, pada pukul 19.00 WIB terjadi tanah longsor dan pohon tumbang di Jalan Kabupaten, sehingga meutup total akses jalan tersebut.","1. Jalan penghubung tidak dapat di lalui KR 2 dan 4
2. Terjadi Antrian Kendaraan KR 2 dan",nihil,nihil,- Pembersihan oleh warga,"- BPBD Banjarnegara
- Damkar Banjarnegara
- Kec. Bawang 
- Pemerintah Desa Wanadri 
- Warga masyarakat.",,"Muzer
+62 889-8328-4606","- Raib Sekhudin S.St.,M.Kl
- Budi Mulyawan
- Heni Sularso
- Slamet Riyadi
- Widia Dwi Kurniawan",,"https://mymaps.usercontent.google.com/hostedimage/m/*/3AE5a_GztXYJklL5rT6eshWXx2F17lRQrGXBHVALELgzX3afkrxUsXZMNrTrvaW08HJvNA278tkan_smZTgwXHS8zLVkJywAcEVqC19B_Y14Ep9hak9N06K6vuIZrzeOAajTQayuxa3stnZRPCCWKjYi5qT7EiHF-cOIj-w8hx1klFOlzKipVNiIZz5HupV7Sjb8gR9WoKIM6Hn2vPHI?fife=s16383, https://mymaps.usercontent.google.com/hostedimage/m/*/3AE5a_GxyRyZ8dsKqdyqAVGL0N4SIF8i_7jS3kaFwY_Ubb-7kduTdrRxZmBda4WrIb0fPt9SezjRsiFOJnl3qdLeQzLoNYqyvv0CxpiTrWX9goXu_rG0hug_3c-K2ORseqVUMu9Spd2s0Bo_p2Ylg_Y8noq8qJhUaeJS33NfRo98UWhFcJx5WBw0MtXq3h0xNeNox1KOKrVng6B-Y-IY?fife=s16383, https://mymaps.usercontent.google.com/hostedimage/m/*/3AE5a_GyNItg5hrJ6QSw8--8EPP1K6YoEr5j-z860WhWBWIyikqzXXv1DOduT4WmTckft9yOU7StK4-v6w_QLDn8S4J-n5t7PN8Hscgy9JkWv_-NyXLK45NqzF9dAv1xS5f_HVnMKqkyUZUr01-_eaqQ3gfIoykYse2-K0KBXfCgRTWhpIz-ckK0Z3xwN2P8oybWuxR26qzeJPUYTJw?fife=s16383, https://mymaps.usercontent.google.com/hostedimage/m/*/3AE5a_GzVglbXIlRcVxoeL7ApdxyWa0pzvamARSVlaKeibw2nwozRrGF34cbD7x9-4bBa5-EzJTU2R2a6QtWV-3wEsRk4dPeUEoiErnlkp3AKZ0htXAjONU2XGVBKa-RCQkCWDODSyFf3P7PVeIKc8lgaMSK9WMPj0P8sL9SKC2ggZBGcP0-ZHXo1U9bo9lncRc63Xmmu_Z6Jt1vn1A?fife=s16383, https://mymaps.usercontent.google.com/hostedimage/m/*/3AE5a_GxAOKfukSxCcT8bG6nwSc4mxJQ8yIww-Pup1b6E64XKeyqlJBi7TVfvjXqK7LOBiwQAlk_ySiCDn2JXJJydpJg9_KfKszyIu2by77aRMFPqKYzkCg9zIyUeetxTPMvhywmyymO8Wp1ezLzcYQQJTbTN_daM9CwGC1jdF4Pi1HRVtJGQIf6h3p-e3GfkAgq8CvCmEshUfNo8968?fife=s16383, https://mymaps.usercontent.google.com/hostedimage/m/*/3AE5a_GxGFTwSTC_RonoU-t8hwQ_-t5DWenpqKAoaW3kBdRDLXFcEsYm5emLo04K-jWiG4OxcHB3ddpCxwTTA6TbEJUBxeELShoY9ZrvdmymmD5grsdlNtX912goMOSrll5nS9OqWSDjlRv-uYDsgZzB1i50y-tCMIGcJlKJn-FmvWR4FJL1z4xVUQP8YvNEzmvdX2TWtTpZFe_6_Zw?fife=s16383"
MEI-JUNI 2022,"Tanah Longsor, Desa Kaliajir kec.Purwanegara",x,Tanah Longsor,Desa Kaliajir kec.Purwanegara,Dusun Bulukuning Rt 06 Rw 04,"-7.49195, 109.5764",-7.49195,109.5764,"Kamis, 16 Juni 2022",21:30:00,INFO AWAL,,,,,,,"Latif Fatayan S, Sp
+62 821-3622-1037",,,"https://mymaps.usercontent.google.com/hostedimage/m/*/3AE5a_GwU8C0_6i05Imqy4-mFzBfw_8QiyRBLpChsFMkhi9ng_nSM9IXVgtjcDN6w1p6RBOZ7rcn4vMbecqY-XocwDrDF5YG8kU0TIKDdQ9kpzzZufI_hMjxewTL_OrBBn2IuIRxR7tCwn-AROpwRTQo95WMT5rDOJRxbXpuIIt0qHvPxW1PTdozlpFNKjeIgRT6ymfBsbzCd51Pwu8o?fife=s16383, https://mymaps.usercontent.google.com/hostedimage/m/*/3AE5a_GxcrlnZgB7L4vWEpLO953tzsvp1Zq75KeV7sCwViH6W20jTY69fnYYBLQVh1ucyK0ka8Bd5RYmZ7jwDBrY7s3DHWobC0YsClyMaEnlXW2BHH9aTksawqFiui90gxXdL0t2g5wUxxl2663h66uPk8MmpdfqHZTsyDe1dM0CP3lIApcscfsSP3kyU8lKYU1Luxk2ndUvGTlmQdQ?fife=s16383, https://mymaps.usercontent.google.com/hostedimage/m/*/3AE5a_Gy4Ukazy5Tm0IYgxVAtrcB2luo831EeoJEHLL7GLg9G6dIOuQJSsZe7uS8uAh4M97vI3AO3Ssfcbv32TW1UF8uDn0g-l4Tu4oifn-87qxP9CS4dI72b9sEFSSkXJWYRUi8KUcI4ye13pEwOiaANu654dC7rT4E1daT_TADUVWvNcPhxBCqKHQnpKorlEMWMq1leUKuyeB3p-D0?fife=s16383"
MEI-JUNI 2022,"Tanah Longsor, Desa Petir Kec. Purwanegara",x,Tanah Longsor,Desa Petir Kec. Purwanegara,Rt 02rw 04 Dusun Kayubima,"-7.493372, 109.599849",-7.493372,109.599849,"Kamis, 16 Juni 2022",19:15:00,"Intensitas hujan yang tinggi mulai pkl 1600 Wib
hingga pagi hari mengakibatkan tebing longsor menimpa rumah warga an pak sartam
1.tebing setinggi -+ 20 m panjang -20m",1 Rumah Rusak Sedang,nihil,nihil,- cek lokasi dan menghimbau kpd warga untuk waspada dan menjauhi lokasi di kawtirkan akan terjadi longsor susulan,"- pemdes petir
- babinsa
- destana petana petir",,"* Pak Achmadi(kades)
* Pak Andri w ( Babinsa petir)
*wasman supanter .suratman .( petana destana desa petir)",,,"https://mymaps.usercontent.google.com/hostedimage/m/*/3AE5a_GzZP9n95bV5qVt8AzoF3Cpxwwrt0jHF2z60AqaBSAEijwnMaCzEPW1RUO2FwHvJeuXJtcpbwsXbiR4hTrrXbSZiR7knU2-JJx48wiKAdcA9zm_9nCQEvNKt28wbxDZaSM-PdUaS048o-tigL5hV9YibYxCuMjSCfbIwGDWHCYRgZgJPej7F4kH5pTiKWrHZcMj1QnB_GZCTSZE?fife=s16383, https://mymaps.usercontent.google.com/hostedimage/m/*/3AE5a_GwqSC18d4iD-T-S9qKWfDllWaUVKA3NG3ZrvvsRR3PAf2PHasl8QndULBD4M53JphUpWY8YAkWHvTpEmclGle0GzNdvMdUcGGf6EYTCZswKWIxEKFQ_FlmG4S-7N4NuKJRY7hRKfp8QQy6LaVAwccYcEL2LD0H4HUkd1Inan3J2mI1wA_6jGwrjLO5hVwdxayAg79i35JZHrw?fife=s16383, https://mymaps.usercontent.google.com/hostedimage/m/*/3AE5a_Gw3wkFLGlh4ntdbFQCeGmLi3mMEz5MzOjfefOHYiQSR2p_TconA0rWnDljhwWjQjoG8fTIe3gSZ3541yn-tZakgo4dMRGSrda0hlufhihQ5GDtG0Y2QuC0m8X1dAIKQ-0h8mJljD8Rn5AP4H3pt9B0cOeePxY0oHcak4nIAZP6WOuY5jjY8Cc5UE85DCAE0UvwI3TaGBxMUlQ?fife=s16383"
MEI-JUNI 2022,"Tanah Longsor, Desa Pekandangan Kec.Banjarmangu",,Tanah Longsor,Desa Pekandangan Kec.Banjarmangu,02/02,"-7.328595, 109.681351",-7.328595,109.681351,"Senin, 20 Juni 2022",16:00:00,"Pada pukul 15.00.wib terjadi hujan yang cukup lebat dengan durasi yang cukup lama,dengan kondisi tanah yang labil atau rawan longsor sehingga pada sekitar pukul 16.00.wib terjadi longsor yang mengakibatkan bagian belakang rumah tepatnya bagian dapur tertimpa longsoran.
Ketinggian tebing kurang lebih 4 m dengan ketebalan 2m.","1 Rumah Rusak Ringan
Nama Tn. JARWANTO ( 62 th / 1 KK / 7 jiwa )",nihil,nihil,"- Melaporkan pada dinas terkait
- Assesment /cek lokasi
- Menghimbau kepada warga/ pemilik rumah untuk meningkatkan kewaspadaan
- Droping Logistik","- BPBD Banjarnegara
- Pemdes Pekandangan
- Destana Pancawura Pekandangan
- PMI
- DINSOS PPA",,"Jahid
+62 822-4283-5354","- Sutrisno
- Anif Khamidi","LOGISTIK YANG DIDISTRIBUSIKAN

- BPBD
- Logistik Permakanan 1 set
- Triplek 5 lbr
- Paku 1/2 kg

- DINSOS
- Peralatan Dapur Keluarga 1 set
- Paket Sembako 1 set

- PMI
- Hygent kits 1 set
- Paket sembako 1 sets
- Selimut 2 lbr","https://mymaps.usercontent.google.com/hostedimage/m/*/3AE5a_GzRCHZ0lDBPtQ8xJ4KJ-LOVaRwAU93prkSkJmYV4SR8S2B7NKNSZ93wJBrpUEbDmbXSCER65bWjQa8lsoXdmPNXw5hnVDJBXy7KwhDnm6OE-oBcEJDehw2gjk6eDoc2zyh98d0kSsn612SoykkgI9Vt1FzCuqlF-4Id6QOd4dNuayP-1hniamYY0bDWDZrBXhavcAZiQWnqqYk?fife=s16383, https://mymaps.usercontent.google.com/hostedimage/m/*/3AE5a_GwotoEuC3Kgz1hVnaT_S6vULgF_rLKev0C1UzF6pQIUNv0-8ZQ1-rTGp5zL9kErEwuCunnIvqJTjnJ1YM3fs3KRf_mx-kSrRbUjwDQ1qF-qbmUW5HJgb4EHB8U9j4kM8k5krP4zk05pHsy7wurjNW_kA02WoVQ62VZ4Gu_rh40tAWPRIsS7RhwYCkqYgxT_BBNF2OTLtp_EAmM?fife=s16383, https://mymaps.usercontent.google.com/hostedimage/m/*/3AE5a_GyrUER8hAklvPRbAFbRC1Xv9Qf6cy3gPUgFIjiWB50c2ewNLYZcGwYUtiilPTZcFsvKRKX9mEjtSOtC6m3aSchduTx_eQxYzurVBuXUDfk622dJzVY2zOrqTH1s2-2CxItLegg4qkVurgj9S9Qa2rr96A56fx6hgOYF0GdlK5z4rpiTq_UuiFBgIJQ1M1Btr-xUSDDSnW1nzb0?fife=s16383"
MEI-JUNI 2022,"Tanah Longsor, Desa Pringamba Kecamatan Sigaluh",x,Tanah Longsor,Desa Pringamba Kecamatan Sigaluh,SD Negeri 2 Prngamba RT 07 RW 02,"-7.435128, 109.760744",-7.435128,109.760744,"Kamis, 23 Juni 2022",19:00:00,"akibat curah hujan tinggi, menyebabkan longsor pada tebing SDN 2. Sehingga menyebabkan tertutupnya akses jalan kab pringamba-cendana dan halaman rumah bapak Susanto,setelah kejadian, dilakukan kerja Bhakti warga sekitar, melakukan pembersihan material longsoran, selesai jam 21.00 WIB.",Ruas jalan tertutup,nihil,nihil,Pembersihan oleh warga,Kecamatan Sigaluh,"Penanganan pasca longsor, agar dilakukan perkuatan tebing, serta pembuatan saluran pembuangan lapangan air hujan SDN 2 Pringamba.","Izak Danial Aloys
Camat Sigaluh",,,"https://mymaps.usercontent.google.com/hostedimage/m/*/3AE5a_Gxr0WycPw_zVicAkiXozkJ-epR90dgY1h-XZ0m4RxItEofdtPSEhS_81Xye79Lbl9_VjuPQsqWY6x7sbDa70D2Fsfx9mlFkPPdaGbMizyECd5NG55mzT5qhr-D2436QjcQmpONlJpVTakBmwAJoEEJuFV-GJVJAxK2FneW3MihpH9weZTyFHK4-ZcY20JFufW9l4ya455TxSQ8?fife=s16383, https://mymaps.usercontent.google.com/hostedimage/m/*/3AE5a_GyO0B52NNrDV8-gMVwh5J-SNx6QNIIzQvE_fpRNmDOIO7XBMXdMIo-7K1QDibAMROW7LJiQHDzNiHFQMOuHto-XFeZt5q27ppzpCRdjnVlYPt025Y8ZG1NOt3CYcO0JONgFrL_XgE3JMq6RxTiwBCZ5-LeCqZEBgg2yZE619PHcCYizwRvmnKX90Flqur4JJPGL58OVn2v1eus?fife=s16383, https://mymaps.usercontent.google.com/hostedimage/m/*/3AE5a_Gy9oshZLSjsKGnFCGYc7FK0mFut_dp-hd-q7P210sVzQam9zo5APn-MqXN5xPDh-prCsAOAerf8-qZ_N7DBYu6V_wMCSDrUwJNxr-7E39hOiWWHUKX-k5QUv-k9Pq8fLw6dxCaYCt-Op4wW9Z-dhSwIUzVxJx4-AuqK-Gq6hsnN7gDTG4JZX9tJUdiveDQBHptpZ3nTQZDaRdw?fife=s16383, https://mymaps.usercontent.google.com/hostedimage/m/*/3AE5a_GydAJbapqlyR-Irqjm5pJYVJoMhdsVYE0tLqfFJiabNCM9LPsvC5hQ0_dviWmPOulTQeF8veaQ25JCXkrx2Y7TuNBdZjx6Kmfs4ybJSdUXBYfrkjkrNUQhiKpQt9B1rVqoH8twI1bHcquv-sfIqi1MUUR5chTSxyX6I-5b0fElUIRRGlYgR5JkJ0du8x7eGX9xspXMUy-awJEU?fife=s16383"
MEI-JUNI 2022,"Tanah Longsor, Desa Lebakwangi Kec. Pagedongan",x,Tanah Longsor,Desa Lebakwangi Kec. Pagedongan,Dusun Silegi RT 01/03,"-7.454075, 109.651716",-7.454075,109.651716,"Jumat, 24 Juni 2022",18:00:00,Hujan dg intensitas Lebat Disertai Angin Pada Jumat Sore Di wilayah Kec.Pagedongan dan Sekitar nya Mengakibatkan Tebing Setinggi +- 10 Meter dan Lebar -+ 10 Meter Mengalami Longsor Menimpa Dapur Rumah milik Bpk Dulkheri(50th),"-1 Rumah Terdampak Milik Bpk.Dulkheri(50 Tahun) Pada Bagian Dapur Mengalami Rusak Sedang. Anggota keluarga:
1.Churyati (48thn)
2. Sadana(88thn)
3. Rasel prayugo(2thn)
4. Anik Arifatun Nikmah(24thn)",nihil,nihil,"-Assesment
-Koordinasi Dengan Pihak Pemdes
-Menghimbau kepada Pemilik Rumah Untuk tetap hati hati dan waspada ketika hujan.
-Kerja Bakti Warga masyarakat
- droping logistik","1. BPBD Banjarnegara
2. PMI Banjarnegara
3. Destana Lebakwangi
4. Warga Masyarakat",,"Satrio, Anggota RAPI Pagedongan
Cp. 081325768496",- Ahmad Arifin,"JENIS LOGISTIK
BPBD BANJARNEGARA
- Mie Instan 1 Dus
- Minyak Goreng 1ltr
- Gula Pasir 1kg
- Saos 2 Btol
- Kecap 2 Btol
- Sarden 3 Kaleng
- Teh 1 Pack
- Terpal 2 lembar

PMI BANJARNEGARA
- 1 Paket Logistik Permakan
- 1 Paket Family Kit","https://mymaps.usercontent.google.com/hostedimage/m/*/3AE5a_Gy9ITlI3CXrdJY01AO2KpjHfNvRSiyXMntOQId1_WmHaVJv2oMyuCKfxSyhmn5HN4wTjOiMg6c8r1v6vo8B_PeMCTEXhHKuXVrcdTXBbdIUFjEXiQIrfvjKE6KBIuKJgcdIDMwSV57CLYJ3ulL9ZA3aQps3uNGfX4plULhicwHQMwkj9zAWRbrKUU2rbW55EXhTKTFWkPTI0RE?fife=s16383, https://mymaps.usercontent.google.com/hostedimage/m/*/3AE5a_GwywQuSAdBZ2l5X7erFT7VthU9nac0JLsSUOIudA4b-FZXtedseScXb6h9VYiSHsIP2fLaM73DczE3V1mSeAVmAPanjxjrTuCQVseXqJf3GFe8xBl1ELuyGLVrIrFp2bq4zSFiQyleSNF53wnLLziJy-fh7jPaE89OftIWVBUG_RTV7Gst_iuqeRKDeMP0x2lK-FakN7zL39NE?fife=s16383, https://mymaps.usercontent.google.com/hostedimage/m/*/3AE5a_GyedGh1wQenUeV1dzSSQeHSpttlHiVKtk4CsleCArB9JUKKTnzjxvf58ARBRNc0uE19dzqDc29KpRS7m-mXWW2rlwhTrKzmt64p4DnToe_jNj5ksak9xDjCJaZqkGp1H4zXk0s2gR4wH8rEsOiZ85ODjGipZgHDcd1-LzbgOcv44Lx6z2OSWtkvqOu3_wIGkXEJZCpXt3OOaw?fife=s16383, https://mymaps.usercontent.google.com/hostedimage/m/*/3AE5a_GzVWdR9OX6oybAmyViCmV3VNMnsN6jTmyARM1H5Gzkh7ATEVNWqEWg5hMpvPP9i3ldzJ2F5dso1u2LDln0vVcRXGaYvIW6q1G7QhEev5VGFnunYyn3WZdPnwu_0dTALvFUDFTeqN4hKNYxMrCoiMdEL5-pLM-TEk85Q0aJIcf9Uqaq6ZWkf_eew5E-qsgyg0aYwZ_M-zPrUwQ?fife=s16383, https://mymaps.usercontent.google.com/hostedimage/m/*/3AE5a_GwHftYmMOlOZl1hT3tWmBgFTl55E9N9JZswxAIhrc8xs5Cp9G5zcALumqsAON98QYaHZ6zO1TVvtNFeASTlVyCUAty6eVhLkhJYsQ0CesljPPKZsFqdLGrrTQrPm_Ky_u3KapNqqpQB2lfGkjjnYCJmmooj_rOsQ_6OLfoOH-vyZBAh8579dkEX9intLVZuW4V4XZo_ex8wig?fife=s16383, https://mymaps.usercontent.google.com/hostedimage/m/*/3AE5a_GylssGulJg8qDXeofyfX9hMYmTnAr-ewkU27YnPZcuvOY1vtLKUyUc6bQ9pEfHNDc4dNCVTd0QFieMpZqWW8m4eLxErT85xqP4yL9SDbLgJ96DdFDUDKBzeL0YaFtCRljEHaJaPCMR-MzYj1-CMdYaolNqBvbm7XcUJEV1TAv6S_Kwn2sQnpN000bHuvm_fy8UtGG9c1UGEOw?fife=s16383, https://mymaps.usercontent.google.com/hostedimage/m/*/3AE5a_GyKMQJ7UexLlLtwqgY0oSUJxLIoE0LHJ-vXhMld1R5GWNjbH3S0Ofz4L7MNw9L7OloWWkJyz8YlzCSkL6on-NaMnMv9_bzg8tkwmOnBawPY1U4XZYD9TUsaHiVgwvDXD6CdV8O_OtLG6beNPct2MGLMOVqqY4al1GZcZhXI0CxB307Mg8H3XxjA9LY0Nx0xxpFHD47_mtCg9oc?fife=s16383"
MEI-JUNI 2022,"Tanah Longsor, Desa Danakerta kec.Punggelan",x,Tanah Longsor,Desa Danakerta kec.Punggelan,Dusun Domas Rt 02 Rw 08,"-7.3466191, 109.5263341",-7.3466191,109.5263341,"Jumat, 24 Juni 2022",17:00:00,"Hujan dengan intensitas lebat mehakibatkan longsor yan mengacam 1 rumah di dusun domas rt 02/08 desa Danakerta kec.punggelan
Panjan retakan 5 m dan tinggi 10 m","1 rumah terancam atas nama bpk Tedi 
Jumalah 5 jiwa",nihil,nihil,"- Cek Lokasi
- Penangan sementara menutup retakan oleh warga sekitar","- BPBD KAB BANJARNEGARA
- KORAMIL PUNGGELAN
- POLSEK PUNGGELAN
- TRC KEC PUNGGELAN
- PEMDES DANAKERTA
- WARGA SEKITAR","- Koordinasi dengan Desa dan pemilik rumah untuk kerja bakti penutupan retakan tanah
- Memberikan arahan pemilik rumah untuk berhti-hati 
- untuk Melakukan penanaman Tanaman Vertifer","Pak Kadrin ( kadus 5 Danakerta )
081227906277","- Alam syah tri putra ( BPBD )
- Sertu suharto ( Koramil Punggelan )
- Zayin ( TRC Punggelan )",,"https://mymaps.usercontent.google.com/hostedimage/m/*/3AE5a_GxIiH3y4veMHB0piIw3B_fDlCdEu5QlsjwCtskySqerHi3yVieuy5Rmat314IJCzNmSklqSCuuXt2tJpCsnlW9kmR-ANZUocuuJMCFHK1xQl64D42Fs8brcbo_BiXPyylFUJkRAezOkpuzWTUWI53OWZreMxP5p85JcPzxLZdBE8jOdl7C2-6I30auFaA3YtnMZcZHbL3Oxbg?fife=s16383, https://mymaps.usercontent.google.com/hostedimage/m/*/3AE5a_Gx5wlMvQSsX2PUJ2JAZEToBo1FI20J7Je_E9q9vTM7od40L1DnjoPqcCOO6bYB9BVoKDwSF8cfjZ9n6dbyNARS6r6XkbOPeZEYbTBVL0PEtmlDHJaBdW8BFSbnehdnTYmoHRGFXWozajDZeiC8HY7ddgEZ6L7ZY8axBxPyarAC3fil0YHbsOYZuQ4HM8JlS01HrynrJE7gPew?fife=s16383"
MEI-JUNI 2022,"Tanah Longsor, Desa Gumelem Wetan Kec. Susukan",x,Tanah Longsor,Desa Gumelem Wetan Kec. Susukan,Dusun Jomalang RT 05 RW 11,"-7.52755, 109.429054",-7.52755,109.429054,"Jumat, 24 Juni 2022",4:00:00,Hujan dengan intensitas deras dalam beberapa hari memicu terjadinya tanah longsor serta kemiringan lereng -+ 70°-80° dan jarak -+ 1 hingga 2 meter dari rumah,• Mengancam dan sedikit menimpa halaman dan tembok rumah,nihil,nihil,"- Melaporkan pada dinas terkait
- Assesment /cek lokasi
- Kerja Bhakti pembersihan material longsor oleh Destana dan warga setempat...
- Menghimbau kepada warga/ pemilik rumah untuk meningkatkan kewaspadaan dan merekayasa tebing dengan teras iring serta menanam pohon yang dapat mengikat tanah","- BPBD Banjarnegara
- Pemdes Gumelem Wetan 
- Destana Gumelem Wetan",,"1. Pemdes Gumelem Wetan 
2. Destana Gumelem Wetan
3. Pemilik rumah",- Suprihno,,"https://mymaps.usercontent.google.com/hostedimage/m/*/3AE5a_Gx69gRYB8fIcU7MoYV2SZURc5-nn6r2Tb7gPsJ4OwIuPFmWN4nrN5uQe0NTZE8wZO0Ki9EKMTRAgoB_pRnFe9cZJi3v5w4pdwrQk7wlgqSQIgKAnizr4yJR-8Sqpx2d6Ebtmb9Q9qdUcOhk7P7rDFtGFqrJsO8kWMUG_yIQzDH0tKlKjp1UyixHltL8aCvrB-8SrWLCkV2iOro?fife=s16383, https://mymaps.usercontent.google.com/hostedimage/m/*/3AE5a_GxKlFJ-aBtlR-ljjlnoL7WFa_QtyyOHKc_K79y6nCuiRRE4WLSaTRj3rDQnIGbypOpE7jVrbGyM-0Cdn567aymNjH1bzHYhMVUyJogvThN39qKo7_4TUNHbU1HJ7Xzb94fqBrwfQ33WQdl_OGGvxH5JlmHbEA-vjv14aehKCIxFU5b0Sm8fBKdLpltYzK6jdNIoa-RxPFFEI7E?fife=s16383, https://mymaps.usercontent.google.com/hostedimage/m/*/3AE5a_Gz5DV1X6JSzI1o7EDi9AYy1EFYEjAIJNKIhlvYPCwVKTRyh950Kp6oqfTb69wvkRVN8GCJQWr_SqKX_k1IfQmGImG1B5NPcMN_cImmMBoQ-qGW5kbPF43_aRGPXibpWAAhsq84s2bf1QaC9S6knwh3NW3o2av5dga0lE40oDY2591f5vrdy73lu9f_AFmH6LNqT4brliAK2YqI?fife=s16383, https://mymaps.usercontent.google.com/hostedimage/m/*/3AE5a_GwTRGzNcvfxgrHu71lP746iiG4m94ZhnmMgoG6f5ET70G53MJtYSJhexgk0gV-7fuA-TJ-ENZA5lPZozMctMCIB-1z9F30xg4iHLl-tmP3MMxGdJNgTiXyU08iZeq_Jl9dDgZjOKJaX51FgpZc_KesKPq4vi9OfihUnOuxhVBINoNcAD202FFri68Envgfjo4sK0ezpFrvRU_s?fife=s16383"
MEI-JUNI 2022,"Tanah Longsor, Desa Sirkandi, Kec. Purwareja Klampok",x,Tanah Longsor,"Desa Sirkandi, Kec. Purwareja Klampok",Dusun Selaraga RT 06 RW 05,"-7.518194, 109.450361",-7.518194,109.450361,"Minggu, 26 Juni 2022",18:30:00,"Terjadi hujan lebat pada hari Minggu sore. Berdurasi sekitar dua jam, mengakibat longsor depan rumah Bu Boyem RT 06/05 Dusun Salaraga dan Mengakibatkan atap rumah bagian depan rusak.dan teras depan ikut kebawa longsor","- 1 rumah, pemilik a.n Ibu Boyem rusak ringan dan masih terancam . 
- Jalan Dusun sebagai jalan lingkar tertimbun material longsor dan sudah dilakukan pembersihan oleh warga.",nihil,nihil,"- pembersihan
- pemasangan terpal
- droping logistik","1. BPBD Banjarnegara
2. PMI Banjarnegarxa
3. Dinsos PPA Banjarnegara 
4. Pemdes Sirkandi
5. Warga Masyarakat",,,"- Tsaibun Nuhud
- Disem Giri Lastono","BPBD BANJARNEGARA
Mie instan 1 dus
Air mineral 2 dus
Minyak goreng 1 liter
Gula pasir 1 kg
Sarden 1 botol
Kecap 1 btol
Saos 1 btol
Teh 1 box
Terpal 1 lembar

PMI BANJARNEGARA
- 1 Paket Higiene Kit 
- 1 Paket Sembako

DINSOS PPA
- Gula, Kopi, Teh
- Terpal","https://mymaps.usercontent.google.com/hostedimage/m/*/3AE5a_Gy2u2ICXSvtUyoHlQk4AFyiASX0QHWrqyoYynGHOOPBop7ymOBwY6U2Lu60c_7_5fGkOYjl7M0hJWrPwwfPI3_hyITdP33BYOl6vNetMcAzwSAPUUxf0X00_FzOZE_3JpJQTveZ8bXhY675wKAkE6NPLrw_3PwF71eNglDUPS6SE0QCrLisoauaTNLdaX9VS-axAdNyJ7NPXA?fife=s16383, https://mymaps.usercontent.google.com/hostedimage/m/*/3AE5a_Gyyy-tudrvrFKc5Chgv5H8v1-DYmQxlz9IaAAgOmEhIl9k2CfHzmPAGKau9LZIb1ENC8ixoOuJY9m2it0CG4uU1ZCB12aN6_OJk7awpSDj-_pjc6gY17Dnxlv-G9FJgOnCNMLNv91DAuQj2Xu6FL_EFBG1f8O50qN0Kh014iPDGdqzkxyUukogJTcwlURpXXK2E0nCHI3m9QA?fife=s16383, https://mymaps.usercontent.google.com/hostedimage/m/*/3AE5a_Gy0HI8wRHfrRd7V80nCzJaziZOnO8n36iFgNq1BrnnYPYd5MVrxQoG1ZYolNdxcWIAIIthTgcYra-vxoJTdFG4T1mBQytUM1WwmDW-DLcoVnLNk3Q2ENUbtgyTxfJlzkKBBRGQEbx_sgr0adaBlPEjXCMX81zL83-4fNr2Cumc1etogK--CPwhXFTrRicgPgp-F74YpKmzEDrw?fife=s16383, https://mymaps.usercontent.google.com/hostedimage/m/*/3AE5a_Gzb0HmzowSXy2G7idM5w5d1bWYU9srXVeaCeMT7CcalJH4-yh_pbOgcGfry4ym7a4wZWza7q06Pk01PK_wwf7OnJwaZx43BZO96E8BeUHMV70px2kjnImPwy1lifL4NqTb7g0Zd9Nx5Jl0ljHP3VxRMaQNhhIQyF66OFOJuZ6jVs0z8cW_rvqq5juHwYHNZ7LK_ilQBSO2zlXY?fife=s16383, https://mymaps.usercontent.google.com/hostedimage/m/*/3AE5a_GwjOMW-9VLENyeHpKRpTVp7CZxUaPcivDTcogcyEwETtxkC6jhvdxXB_CqwBKvQOUFkbf6nzJUiKifEebc6EMSurn2t_BARsHfrZOm5ypPbEvNlNUc_cjE4F8mUuHAIIvGqh1W65d4nrAllW96DgmoXMgtPlRANZKp0ouz8HduAsm8SJuL8JNeUsTNt8TLrocGcrb-1IJ5rmqw?fife=s16383"
MEI-JUNI 2022,"Tanah Longsor, Desa Gumelem Kulon. Kec. Susukan",x,Tanah Longsor,Desa Gumelem Kulon. Kec. Susukan,"RT 02 RW 05,","-7.522139, 109.406417",-7.522139,109.406417,"Minggu, 26 Juni 2022",19:00:00,Hujan insensitas tinggi memicu longsor di halaman rumah atas nama barino,1 rumah a.n pemilik Barino terancam dan talud jalan longsor,nihil,nihil,"- pembersihan
- pemasangan terpal
- droping logistik","1. BPBD Banjarnegara
2. PMI Banjarnegarxa
3. Dinsos PPA Banjarnegara 
4. Pemdes Gumelem Kulon",,,"- Tsaibun Nuhud
- Disem Giri Lastono","BPBD BANJARNEGARA
Mie instan 1 dus
Air mineral 2 dus
Minyak goreng 1 liter
Gula pasir 1 kg
Sarden 1 botol
Kecap 1 btol
Saos 1 btol
Teh 1 box
Terpal 1 lembar

PMI BANJARNEGARA
- 1 Paket Higiene Kit 
- 1 Paket Sembako

DINSOS PPA
- Gula, Kopi, Teh
- Terpal","https://mymaps.usercontent.google.com/hostedimage/m/*/3AE5a_GyWDTBtA5llYW5VQdm2NjomdrblLtyeGp5x-y9prxkXR120FOu0I4Zow-MUeE3BxSgBkyyuuzprlbKSG0LjcnxNUcVX2dPuPQ1B4lQP63g4jc4jIT0TApV6ggJKwEAYuEoU0E24oodjnO0y0ZBqsh2T9ZRntF8vKP2h0rDNXhVPwJ-JzeU7Dbfydii5UnRkJ6Mh2vj6ocIezKs?fife=s16383, https://mymaps.usercontent.google.com/hostedimage/m/*/3AE5a_GzfDGF-kqIGS-Tv3WDsyq4n57YkDZk53RY7Hsyvbnvnj8pLj-SnrgRQgAxGe9sLtHb3jZq9vtef9iIO0nQirFeygJq4KEx7TgeOYOuiMM1iPEFfZAoUfh5g6eBql-pIS8ysiZEk19-cDaf3qznLmLxupYBNcNLPUAoQZ5ce0N8DpykGZgNviW_TFIWp0OGWMZsTeJqsKBdvpG8?fife=s16383, https://mymaps.usercontent.google.com/hostedimage/m/*/3AE5a_GwLd4IeVkrGyG2Nqk8tGmeC2GHwxXz9p6AtkIhLwYsn_kNDMII7fXQK10OxZb6cxygD0sGi2K8GF4Yleq70kS_Pohbkk1FW9bu7v_9-mHfuYPptqojfoy6ES_pxHdxoVQrhuus_4I7MgX0-lg4H6s842aniEn-SzhMqPQQvWBpzujmE3iarWyf6LFk7nXw9nCwgEyoEqWd9-Q?fife=s16383, https://mymaps.usercontent.google.com/hostedimage/m/*/3AE5a_GywIt4KAvtgZH0DP_6fuHAmZ0z6EvAeO-TIy9I7ytYuTcJFarsbfGuuDkPtnNwCO9YMxqsw4MsAV8l8JVHSNA9hfsJIcmg6JadpNkyZw8ydz9Dt4mRuIHWiEPghVfLSMv4tGH6heSM6V-B7Ausr3JTMyLu_hnXxAhPjyUzzdWbIUpLL6fOsvYCGs2-cPQQjbP-a5MVmeq-hXg?fife=s16383"
MEI-JUNI 2022,"Tanah Longsor, Desa Kaliajir Kec. Purwanegara",,Tanah Longsor,Desa Kaliajir Kec. Purwanegara,"Jlegong RT 1 RW 4, Dusun Bulukuning","-7.4923, 109.5746",-7.4923,109.5746,"Minggu, 26 juni 2022",18:00,,,,,,,,,,,https://mymaps.usercontent.google.com/hostedimage/m/*/3AE5a_GwrJ11y76XpqKH5XgePjU7Y8mOpZiMHHGmlGgyi5Kg9WbvQ4WoalygQGRHrlZxrmcz8KUtQt15Otiv6pn75HsoT1mxRPFs3wUubD5bTd88-RfNMzMF4hgrAw-H9sTGgThhgBogGbM-YwSxjY8MZNl-JYUBKcipcbEl94PbQcNSUKqq2ANNGDlLlzc40ecRr6JIghzR_k54yMQ?fife=s16383
MEI-JUNI 2022,"Tanah Longsor, Desa Petuguran Kec. Petuguran",,Tanah Longsor,Desa Petuguran Kec. Petuguran,RT 04 RW 03 Dusun Sokayu,"-7.337235, 109.612107",-7.337235,109.612107,"Kamis, 30 Juni 2022",16:00:00,"akibat hujan deras dengan intensitas tinggi pada hari kamis, 30 Juni 2022 pukul 16.00 WIB.","Jalan Desa tertutup longsor. 
Kerusakan yang terjadi bahu jalan sepanjang kurleb 7 meter longsor dengan kedalaman 5 meter.",nihil,nihil,"- Pelaporan
- Pembersihan
- Droping Logistik","BPBD Banjarnegara
Warga masyarakat
Pemuda
Destana Petuguran
Pemerintah Desa Petuguran.",,Destana Petuguran,"- Rakiwan, SH
- Suryono
- Ismail","- Mie Instan 2 Dus
- Air Mineral 2 Dus
- Karung 5 lembar
- Terpal 1 lembar","https://mymaps.usercontent.google.com/hostedimage/m/*/3AE5a_GzGbRlr7D06rTOG0Tfd4UFMCUwgKHX95wh1EPKesh-gLOabSf09pvMJRRaVfh52QQEu9n3GFaMTPDFOpCK4iiun-m8_ceHxTszxLuaD2JaM0xbFhEaqE4Wo8coOSBYc_ZeKaYpnviAgWi3D9ShwV9naTvQruvG4GRQsICFimnWBCcFr7GSW0LLxFo1oGHSPG9ugnD5pQEfTXQ?fife=s16383, https://mymaps.usercontent.google.com/hostedimage/m/*/3AE5a_Gz5P_mN9re_g7ESq6QEBTSy-sr7vVLKQb1r7sfuBweGGEQubyCtVJy_6LE-MuEdiujaxQ3G7vBcQ2KNq0YFKVZUHwPJVPmGC1HdAC9dO3AvSNfE3MmsLZNGRIQYoVM68Ckmmpq0x4kXSKzzwzK6q6lkzXFIqOVxq5LhARuq-8qkgSa4D55NTMsc9gqcZKuHjT2UKcqFJeP9Qg?fife=s16383, https://mymaps.usercontent.google.com/hostedimage/m/*/3AE5a_Gx7Iy9tW9Sj8SdAOOLEESra5zGuXOb2t5B1CXCxWTNc6Hw9UkCwRJ_JOFDbSLRg0x9b2_Mf1wnHI3K10oC8IfhHUFZymeeQ7PP696KWHo8nYU3woEYiAsIe5aLdFUj5DlTmYgEvzLWKVfybOMpQp-MGitmDVGYnZxC60c50EZMPq1HvUhtj4qHv-o6GfwnpoEl2ioBOabbeGg?fife=s16383, https://mymaps.usercontent.google.com/hostedimage/m/*/3AE5a_Gw-3b18RJxwpHOb0dfUx7qhNPONFpmQf2suyptQLZW4H9WbxK3nOT-B-ZoVGW6h7_fAN-s5uJ3OzQep56bI-yCrBDBXYEFr6tUqVj3RMNorG9X7mZ7Zimrku-M1mkEo4N79yby0NzdbQ2p7xYk5QPlmt_paoPxN0MTLObkYb586mjWriT5Z48y-59P4WvFXGVICOEG_MMyc_w?fife=s16383, https://mymaps.usercontent.google.com/hostedimage/m/*/3AE5a_GyUBUqQ3ys6sZOhbEhmehlrzshwsATpJIJcBoBgva_ESsmbF4QIDJrlYxURuw3bCJ0gIWM2wm8gNMFbr3Tz-LMHDpfxomG0qfBlgA7A3Ruxj9DQwFhIcgi1LjTnsBzTQ2mfFAsmQaX1hRp3evk1xZjM-0hr-yF0NQbv6WwPAEHfglQ0S5bszURmYDND5Exdo3D5HusJhyvMtA?fife=s16383"
JULI - AGUSTUS 2022,"Tanah Longsor, Desa Tegaljeruk Kec. Pagentan",x,Tanah Longsor,Desa Tegaljeruk Kec. Pagentan,RT 3 RW 2,"-7.270583, 109.832577",,,"Kamis, 14 Juli 2022",15:00:00,"mengakibatkan beberapa rumah, terkena dampak. Terutama rumah ibu Nur hadi RT 01/01. Bapak muhirin Rt 03/02, Bapak faozan Rt 03/02.","3 rumah terdampak
mengakibatkan beberapa rumah, terkena dampak. Terutama rumah ibu Nur hadi RT 01/01. Bapak muhirin Rt 03/02, Bapak faozan Rt 03/02.",nihil,nihil,,,,"pak ds sukarjo tegaljeruk no hp:
+62 853 2999 1998",,INFO AWAL,"https://mymaps.usercontent.google.com/hostedimage/m/*/3AE5a_GyPUkVNYmCM3Abn6xVvJHrYuRDMTXjITV0l7SBqAuUYSoJa29boz0qkiXMp5T3kDQz9hSxdAfiIfH7B_IQRicXMlEOMgl8qzVhUruPUEYIYFUu0zMv3DMYa8QIcwqbt_kRNnB5QLiWig1XaChWTKGRFDjQwQh8fHvIO7d1jKFgB-wtcwg6QC2KnlHHLSugXemYCCfVtC2GmeA?fife=s16383, https://mymaps.usercontent.google.com/hostedimage/m/*/3AE5a_GyITJC4EE7VjLefHYcfDFwXJCZCx8Z11DsMnEhm0umten66aTvQRDImfb_FjjicNwD_8l6tMPcB4bokHbVlGck_HUKXgogSYvhJc1TyTA1b6_0v50PRdIscfg3j6jXl7m_4k624Iy2kuavXyAgAtcC3rkGcZvlpceU1QHxzGarMWRr9uB9lzR7xPY_IPuTQ_gGzNNYK9MetMw?fife=s16383, https://mymaps.usercontent.google.com/hostedimage/m/*/3AE5a_Gzo4oagdfO22W3bVdB4CIaXd0J9_LtgzEGGnKbxVrPgBoDYIOQbch3o5WufnTWXf4fq6nDWJSyg8AwYFaZJrPxZKCy7gqRidLMdu4udPqt8D_zupoecDUkriXgr5NphX8IPl_rD9XUm8gKzShP0vNbYYWeoeL4vUwLunMDDncmHSBPW73kBzJ2ScZ5kaq_RcaGX4BMCorU780Y?fife=s16383"
JULI - AGUSTUS 2022,"Tanah Longsor, Desa Jalatunda Kec. Mandiraja",,Tanah Longsor,Desa Jalatunda Kec. Mandiraja,Dusun Klapa Pondoh RT 06 RW 01,"-7.489006, 109.533727",-7.489006,109.533727,"Jumat, 12 Agustus 2022",17:30:00,Hujan dengan intensitas deras pada hari jum'at di wilayah Desa Jalatunda dengan durasi -+ 3 jam memicu terjadinya tanah longsor serta kemiringan lereng -+ 65° dengan ketinggian tebing -+ 40 meter dibawah lereng terdapat sungai jalatunda dengan jarak -+100 meter dari pemukiman,"4 rumah warga terancam 
1.Rumah atas nama Salam (54 th) 1 KK 3 jiwa 
2. Rumah atas nama Sito (31 th) 1 KK 5 jiwa
3. Rumah atas nama Poni (34 th) 1 KK 3 jiwa
4. Rumah atas nama Alip (32 th) 1 KK 5 jiwa",nihil,nihil,"- Melaporkan pada dinas terkait
- Assesment /cek lokasi
- Membuat penahan tebing sementara dengan menggunakan karung
- Pembersihan material longsor 
- Menghimbau kepada warga/ pemilik rumah untuk meningkatkan kewaspadaan","- BPBD Banjarnegara
- Polres Banjarnegara
- Polsek Mandiraja
- Pemdes Jalatunda","- Droping Logistik permakanan untuk kerjabakti 
-Terpal","1. Satam ( Kades ) 
2. Miskun",- Heni Sularso,,https://mymaps.usercontent.google.com/hostedimage/m/*/3AE5a_GwVlZaNrlCXKSRTfkNPwFty_3TKDIdxXCveRTKI-NxjqK22-OX00aPwHOBFOUXXReHNy4x75DIKAkvxoRRSyc89bzNO0d-30SUJGGWI_mwdYQ1SdqQqKKRt7WHDZIjghkL3hYKHdjZMu4eY53ZOFeupQnvdMqPTJHdQtueZec-MSDqFq0-QAwGECzcREQU_yzqO2c1a0czR6k0?fife=s16383
JULI - AGUSTUS 2022,"Tanah Longsor, Desa Jalatunda Kec. Mandiraja",,Tanah Longsor,Desa Jalatunda Kec. Mandiraja,Dusun Kemokon RT 3 RW 5,"-7.498817, 109.529374",-7.498817,109.529374,"Jumat, 12 Agustus 2022",17:30:00,Kelerengan tebing -+ 45° dengan ketinggian tebing -+20 meter,"1 rumah warga terancam 
Rumah atas nama Randim (40th /5 jiwa ) terancam",nihil,nihil,"- Melaporkan pada dinas terkait
- Assesment /cek lokasi
- Membuat penahan tebing sementara dengan menggunakan karung
- Pembersihan material longsor 
- Menghimbau kepada warga/ pemilik rumah untuk meningkatkan kewaspadaan","- BPBD Banjarnegara
- Polres Banjarnegara
- Polsek Mandiraja
- Pemdes Jalatunda","- Droping Logistik permakanan untuk kerjabakti 
-Terpal","1. Satam ( Kades ) 
2. Miskun",- Heni Sularso,,"https://mymaps.usercontent.google.com/hostedimage/m/*/3AE5a_GyIxEcbOtln0qopwNwAkYj8bxS4EVIUwaShz5C0s1wPdq7J3MF7NZcxjOWAgmeqbKSGnsneGTsVSqdOup1CLqb1SIjJx3F5YOpFX0EpNBaApr52C2fDiDbb2tNA6L0N0mZLlqEgygJKCoHcDaD6n49qIRhtL9tFI0_UyZn2SXakHUwgTWTONKt5YWvNv-nH2Qre8WS5kOD2mK8?fife=s16383, https://mymaps.usercontent.google.com/hostedimage/m/*/3AE5a_GzexFgLMTQ-lWzxXB9oYz8eidP1-CEe8jT4WJYspKGpGxN-c5mRhIh3XqW2ethiZkfOFYmZQcNLuf106wOJT9otMnYc0cjdhmu7WnR9b7QXylnRLmyPkhxzqazKvZqUnunXmkATx-1Ml6frcNHFABd9FVY9CGd6kNbKcvIgQZkwBsc4__gC2Orn2G7tT84l938JGyK-iUcS34Q?fife=s16383"
JULI - AGUSTUS 2022,"Tanah Longsor, Desa Jalatunda Kec. Mandiraja",,Tanah Longsor,Desa Jalatunda Kec. Mandiraja,Dusun Kalijambe RT 1 RW 5,"-7.496673, 109.53539",-7.496673,109.53539,"Jumat, 12 Agustus 2022",17:30:00,Kelerengan tebing -+ 15° dengan ketinggian tebing -+ 4 mete,"1 rumah warga terancam 
Rumah atas nama Sartim (32th 1 KK 4 jiwa) terancam",nihil,nihil,"- Melaporkan pada dinas terkait
- Assesment /cek lokasi
- Membuat penahan tebing sementara dengan menggunakan karung
- Pembersihan material longsor 
- Menghimbau kepada warga/ pemilik rumah untuk meningkatkan kewaspadaan","- BPBD Banjarnegara
- Polres Banjarnegara
- Polsek Mandiraja
- Pemdes Jalatunda","- Droping Logistik permakanan untuk kerjabakti 
-Terpal","1. Satam ( Kades ) 
2. Miskun",- Heni Sularso,,"https://mymaps.usercontent.google.com/hostedimage/m/*/3AE5a_GxITKFGKYHPU1H1VR8hcvx2qHqBqQSGjKShRrgY4BvLo7jTiqZBOteYYzsMBj9K2oaOi3TOGWXOgBVb3BAqpmTuV4eQIUHiCGFy47GxpyT_0LCoNrekVKgudxq-Zo8pI5z10lofUU-gUfOJvXxn0zPhhl_AgjLY3UnzLRQjmB3XHTd7I8xE9OhlUu4HxOtKqhbu-SkG-wZcOF0?fife=s16383, https://mymaps.usercontent.google.com/hostedimage/m/*/3AE5a_GwEjrRV9mBNlq4fB5KPFr3QDXx2e3qBAF-kn43vhaVRneVrqXrsD7NliexKmTisFfA5ay9ZR_qbMbpQnr1yN0Zyvj04NWZxiONt3HbNoPL2sNAZjAAHN1bMyyiKYZk7YtiPhjYNPsKacbZe4XVGKt38VK1kVOrZ-6Lie7x5rYa2MUQ33hkGx8S3doU5hjFVhnl8cmVms20Arv4?fife=s16383"
JULI - AGUSTUS 2022,"Tanah Longsor, Desa Binangun Kec. Karangkobar",x,Tanah Longsor,Desa Binangun Kec. Karangkobar,RT 03 RW 02,"-7.247643, 109.710228",-7.247643,109.710228,"Selasa, 16 Agustus 2022",21:30:00,Pada hari Selasa pukul 21:30 WIB terjadi hujan dengan intensitas sedang - lebat selama 2-3 jam yang mengakibatkan tebing setinggi 3m dan lebar 30m meninpa rumah milik bpk Misono.,"1 rumah rusak sedang 
a.n Rumah milik Bpk. Misono ( 4 jiwa) Rt 003 Rw 002
 ▪Kerusakan : Dinding dapur,2 kamar dan atap rumah
 ▪Kategori Kerusakan : Rusak Sedang (70%)",nihil,nihil,"- Pemdes telah melaporkan kepada opd terkait
- Cek Lokasi Kejadian oleh BPBD Kab. Banjarnegara
- Kerja bakti pembersihan material.
- Himbauan kepada masyarakat untuk selalu waspada bila terjadi hujan lebih dari 2 jam.
Droping Logistik permakanan untuk kerjabakti","- BPBD Kab. Banjarnegara
- Pemdes Binangun
- Rapi Banjarnegara 
- Destana Binangun (Binatana)
- Banser 
- PKK Desa Binangun
- SAR MTA
- Warga","- Droping Logistik permakanan untuk kerjabakti 
-Terpal","Kepala Desa Binangun
Bpk. Misono (pemilik rumah)","- Aprilyan Wisnu Nugroho
- Daryoto
- Ismail","LOGISTIK YANG DI DISTRIBUSIKAN
• Desa Binangun (Untuk Korban Tanah Longsor) :
- Kecap 2 Botol
- Saos 2 Botol
- Sarden 2 Kaleng
- Minyak Goreng 2 Liter
- Gula Pasir 2 Kg.
- Kopi 20 Pcs
- Mie Instan 5 Dus
- Triplek 10 Lembar","https://mymaps.usercontent.google.com/hostedimage/m/*/3AE5a_GxnCdp9xJtMV596kMAcL5yK8LNm5eoyP-Awqi0H63eDykkzblN2TvkLc7fkfBaOs0SCUAIvV_biDMtRDoc9aLVB5CB-7dMnQ8RJwe4p3_cZQ7GfENEonabEEIqiELSOSbohYQ2IbBEz88lBwV797iEfxgJjLk4Qmd9jv159wQidik1rcC7fZ0GyWYbSwC1h_zEgOEJaoFrAviQ?fife=s16383, https://mymaps.usercontent.google.com/hostedimage/m/*/3AE5a_GxyZt2S3JiQAsI9eXSfON3ddTy8-ofDhsPTans6-97DjauBmf_-5Agb50kTRmEgsbIdX4X0zI-eAp_Rxjz_AV8jbm5RiTFq8be6QEt9r9I6alUAZM2e3pPYTyAquS2N36qa2sWktUBip2o9juajy4xEQWmYhJFODA2AK6sBNdMsyB0ZBUPYufCve7OEoSLMkhDu-N-jIH9FDB4?fife=s16383, https://mymaps.usercontent.google.com/hostedimage/m/*/3AE5a_GxzS49cTE3hOGnrRkduIMixt7Yw9B6QxMu-Lzby61N3JpqBOWQG5_UnXYT3zfz4wvmnrbv8hAj5tkpr2h4gQnQUTc8I3Kkv3fVL2tpgwlu5tEqX2KQebVW4UV7HjbJnWy8QV_LAIoB1AT8PIo2RVUsAqwH2zAmvdB_uy7ViLbSv6suIC5gfT766V_vKkQ3HlCc7pl9xnNiWoK4?fife=s16383, https://mymaps.usercontent.google.com/hostedimage/m/*/3AE5a_GzDRDtSQwKeTrtggp-2u1m7NsLOg2d-dxCGcR386qRjYZe0UhDAVNgtHfGMK0uLizB4KLrnYRSKXCvucIMFtLMqMTSdQBX4kkBjXlPSADklvXO4bWNdWtfQWwIIFfyZKPVNfN3F3ekzZB_5mNN__l8XMdhUwBR9KA7SPRjbziqPN8hIDVowxt5-SLwo_-vCFxKd56SzvXym-A?fife=s16383"
JULI - AGUSTUS 2022,"Tanah Longsor, Dukuh Ngalian RT04 RW01",x,Tanah Longsor,Dukuh Ngalian RT04 RW01,Desa Pasuruhan Kec. Karangkobar,"-7.2862339, 109.673549",-7.2862339,109.673549,"Selasa, 16 Agustus 2022",9:00:00,Tergerusnya pondasi jembatan yang kurang dalam mengakibatkan jembatan ambruk dan terputus oleh derasnya air sungai mengakibatkan terisolirnya beberapa rumah warga dan mengancam 1 rumah warga yang berdekatan dengan jembatan,-Terisolirnya rumah warga yang berjumlah 5 KK 15 JIWA,nihil,nihil,"- Melaporkan pada dinas terkait
- Assesment /cek lokasi
- Membuat penahan jembatan sementara
- Menghimbau kepada warga/ pemilik rumah untuk meningkatkan kewaspadaan","- BPBD Banjarnegara
- Pemdes Pasuruhan",- Droping Logistik permakanan untuk kerjabakti dan juga warga sekitar,1. Bpk Kiban (Warga sekitar),"- Bambang Tri Anggoro
- Daryoto
- Ismail","LOGISTIK YANG DI DISTRIBUSIKAN
• Desa Pasuruhan (Untuk Kerja Bakti Perbaikan Jembatan) :
- Kecap 2 Botol
- Saos 2 Botol
- Sarden 2 Kaleng
- Minyak Goreng 2 Liter
- Gula Pasir 2 Kg.
- Kopi 20 Pcs
- Mie Instan 5 Dus
- Air Mineral 5 Dus","https://mymaps.usercontent.google.com/hostedimage/m/*/3AE5a_GxzEWqDZ2JZa8GarRGfo0sG7BPT3GQX1dDPHEs_e71ULZDY6zafid2r9GDFQeaXqyy_EzR_Mlb33r0cOk79kG77KZqTPzfBL8-fd_NJgQcEW-uvdw6ZCTSlZKyq5P1Z6E6wpKsZo2qX15OiZsk7p0AKqqYNmTrO2N2lQfooIZA4aaeX_ttbE36bivDh5hjZAb_8x6zMG_oT2WI?fife=s16383, https://mymaps.usercontent.google.com/hostedimage/m/*/3AE5a_GxdIXBgeIhxOYXcUeFGoicjAkvzrcoeLNm8LtdmdBKaw5iVNMw2wlDr72lExYsG_OyEfpge46B3Dj-xtKbChUdDmldrBSaEHAJ6jch770W_OxAtBAzrYwm3cp02VwsxxEouxReXqcFsYswYQNnKkrKhech56jrv6yV1il4DbZ_A7TqK-QfNsauTVg-CQK3iaki8mNuh0sUycYQ?fife=s16383, https://mymaps.usercontent.google.com/hostedimage/m/*/3AE5a_GybDaojU7557iohofUdnrG5zugjx0RpLEn6arrE7D1uAQv5xe_d_UYCPwMFTSGNnG7gUFMnC0TcD7gDXPQB-pmqAVOUugKPCeWXDa_I6oOwUKdp4htkd5wP7Y5Tb161jTahgDF55wGQ3D1l5HtH88aa1XAxJMmQ-_JzoRtZNsCwoNIQ1sNLDxS7O4Cm3i-yLR_tk4o4xRsMImU?fife=s16383, https://mymaps.usercontent.google.com/hostedimage/m/*/3AE5a_GwvXGaserNXV3CzsI4mjaAMQwi-QxOqg6yWIcKNikVZtgBeZMJVYG45qIDpXJjA72rHYIyx32TZPHjG6qfyL4khmrneXLKAD1DAJFUYbfkZcMlJrllQl6t1tjxKoKVmGlFyFWmzHGdNTtL3vgrmwH6zLuXRpreGEfCz5rGFsM31RsZ-kYNRIFuLhOXyJ9VcfOnzHUi8jqDC7zk?fife=s16383"
SEPTEMBER-OKTOBER 2022,"Tanah Longsor, Desa Petuguran Kec. Punggelan",x,Tanah Longsor,Desa Petuguran Kec. Punggelan,Jalan Kabupaten ruas Jalan Punggelan Jembangan via Purwasana,"-7.331394, 109.606758",-7.331394,109.606758,"Kamis, 06 Oktober 2022",15:30:00,,1 ruas jalan rusak berat dan tidak dapat dilewati,NIHIL,NIHIL,- koordinasi dengan PUPR dan sedang dalam proses penanganan,,,"Ibu Jumirah (082136068526)
(Sekdes Desa Petuguran)",,,https://mymaps.usercontent.google.com/hostedimage/m/*/3AE5a_GzgLqB6-aEQwqtOAZcIxx1vSbuSNyWJqYR49CnZxUFp5a4NI3sjswfvX1mFiqy1B22o5pII_Rv26PZ0g3iGUTeeFI86x6-XguZGwOrOeQ0n6h0eSUEzzADDP6cuDteDI5t2O5N7nMrHL_98SRcdv0PKU66XV84H1nbyDVG6Spvqs2oX4RnlHIKpA0JfIQFrlh5CDEF8vFwp7Q?fife=s16383
SEPTEMBER-OKTOBER 2022,"Tanah Longsor, Desa Pegundungan Kec.Pejawaran",x,Tanah Longsor,Desa Pegundungan Kec.Pejawaran,Rt 01/01,"-7.258206, 109.823799",-7.258206,109.823799,"Kamis, 06 Oktober 2022",19:00:00,"Terjadi Hujan Lebat dari pukul 17.00 wib - 19.00 sehingga mengakibatkan Tebing setinggi kurang lebih 10 m yang berlokasi di atas pemukiman Warga Longsor. Dari kejadian tersebut mengakibatkan 2 Rumah Rusak karena tertimpa Longsoran, milik Bapak Suwitno dan Bapak Suryono, tidak ada Korban Jiwa, kerugian di perkirakan 30 JT.
Korban sudah di ungsikan ke tempat saudara",2 rumah rusak,NIHIL,2 KK,Droping Logistik,"PMI, BPBD, Pemdes",,"Bapak Teguh (082143157253)
(Relawan)",,"Log.permakan 3 set
Triplek 20 lembar
Kaso 20 batang
Seng 20 lembar
Peralatan dapur 2 set","https://mymaps.usercontent.google.com/hostedimage/m/*/3AE5a_GxAKJ_abNtO_3GzKnoBk_PdCHdRbPOlmQ1AEDYx7eVKB9uLM55WHqapDIv6J7Qi3wRSYpdVwHK18VfZt8m_fHJUw2BfsNY4nK0sefYpHr12a9QWHVrQdRxzmp5ptjQ-Y1ZFXmnaslHs9E9_N3o46haptBw_bHbfp1GcCXK4wG0bp_-wXayjmdTODEyrimLpA0tj8IFXlJ_Tog?fife=s16383, https://mymaps.usercontent.google.com/hostedimage/m/*/3AE5a_GyyuZ4E-2lxR_jHkncXv2GJ3TkpQ_d8fWIn0EDT6C4zIVuWyRfRhey0eS3pmCLH_VxIWbk-EMP8S2DrZUGGFNbg-mBD3nBmwRzjlsjMmIOzo05Jv-ewerhf_AJQvXKIqxCOhBj5HJU_ShNGb7FPlUTM5EZoJF2gtJOphOC4Mk7Ps0Ox6KxVgs383RkWW7E6MJ8OHO0F-dwruQ?fife=s16383, https://mymaps.usercontent.google.com/hostedimage/m/*/3AE5a_Gwp99qYQwj-bCW4UTByUaA6E7l4BgjEVmmb9u0RtBmjyNsAudiU0exonNABvxAZT118Blq4l4H67uczd6NYmzY3VNLsKEGWTFgNVFRN3Fo3QClfY1d7vc34RM0MWgL6W3QGf3fqi_92FZ-yytm76wndhqz-hjdK6JIfhD23oKoK8thYpaFJPyZErSiQVOxwZoSBBZsKDmaMMVU?fife=s16383"
SEPTEMBER-OKTOBER 2022,"Tanah Longsor, Desa sidengok Kec.Pejawaean",x,Tanah Longsor,Desa sidengok Kec.Pejawaran,RT 03 RW 01,"-7.241246, 109.822375",-7.241246,109.822375,"Kamis, 06 Oktober 2022",23:45:00,"Hujan sekitar wilayah pejawaran kamus , 07 oktober 2022 dari pukul 14.00 - 24.00 WIB dengan intensitas deras yg mengakibatkan longsor","- 2 Rumah terdampak
- 1 sepeda motor tertimbun tanah""
a.n dr. Yuwono mengalami longsor dan bangunan rumah menggantung di bagian dapur dan ruang keluarga Sementara 1 unit bangunan rumah terancam atas nama Suwarno ( 56 th /7 jiwa) dengan kerusakan pada bagian dapur dan kamar mandi amblas",NIHIL,"2 KK 11 Jiwa
""Untuk sementara 2 keluarga korban terdampak dan terancam mengungsi di rumah saudara 
Data Korban terdampak dan terancam :
Yuwono 52 thun
Ponirah 45
Agus L 19 
Nofal L 8
Paimin L 70 th
Memgungsi di : Rumah kosong an. Slamet poso

Suwarno 56
Boliyah 45
Ahmad chairudin L 35
Suharti P 25 th
Afni P 8 th
Maira P 6 th
Ozzi L 4 th 
Memgungsi dirumah an.purniawan 
Rt 3 wr 1 sidengok,""","1. Evakuasi penghuni rumah oleh relawan dan warga
2. Assessment lokasi kejadian oleh TRC 2
3. Melakukan Pengerjaan penutupan gorong gorong lama yang tertimbun longsor
4. Melakukan penggalian lokasi saluran drainase baru untuk pemasangan gorong gorong permanen 
5. Distribusi logistik untuk korban terdampak dan terancam serra logistik kerjabakti","1. BPBD Banjarnegara
2. PMI Banjarnegara
3. DINSOS PPPA Banjarnegara
4. Camat Pejawaran
5. Pendes Sidengok
6. Warga masyarakat

*I. PERALATAN *
1. Eccavatoe BPBD 1 unit
2. Armada Dmax1 unit
3. Armada Truck Towing1 unit
4. Pompa air 11 unit
5. Cangkul 
6. Sekop",,"Petugas asesmen
*Kuat destana sidengok(082324897505)
*Soha destana sidengok
*Pemdes sidengok","Tujono, S. IP
Langgeng widodo
Supono
Daryoto
Pujianto
Ahmad arifin
Sapto hudiono","BPBD Kab. Banjarnegara :
- Bpbd : 
- Permakanan : mie instan, gula pasir,minyak goreng,sarden,
- Non makanan : triplek, seng, kaso
- PMI Kab. Banjarnegara :
- Permakanan: mie instan, gula pasir,minyak goreng,sarden
- DINSOS PPPA Kab. Banjarnegara :
- Non Makanan: selimut dan alat dapur","https://mymaps.usercontent.google.com/hostedimage/m/*/3AE5a_GxaGqpG-UkPSHEgk6vKPnKA7cPIlAU75LY4OUwsKdTQFhlvFSQ0MEXDmF47OyJOsqKjeK3ZVrOF38jpQbvERroxf3NijRzfPR1SERojnLHTQ8FvNHvAp857IDXTKSh_Z6DlJhpqOgR_kEMyDHm_yivHyFXPhWxlp_-JssURoF2L9YZQQXRetBXIhExqRah2YzEJrx-KIYjQPjM?fife=s16383, https://mymaps.usercontent.google.com/hostedimage/m/*/3AE5a_GzWGqxE3CxmqHDaW6i6UjEx5bUT0FAXxAozhcc2yYag8xwYwRB6MU-YMPKfeGIHXb3HVTJm0wqSeKDRc0nilzAxgpmd6aXMatc9fG0gyQoXbQUyxVwNB9WAjARVSb_M98hM2dogODQr7GRAj8gX2g6R9VzfARcAdwbOX-KrjcLzFytYgdBZrSG-qrH-bF_pnoSGSlDr8Jzypw?fife=s16383, https://mymaps.usercontent.google.com/hostedimage/m/*/3AE5a_Gy3uXgLBolqehkVybIEn2oL6KvYXEzO-uK0Hd_TN3f1JGgLlmvlBF_mTRFQlEm7SyF6kC9_LJf-RiBbj4DWJyhUOY02hw_g6gh2gguR8SXywWXwbZCzrMz9ai9iG6YWhCs73K7h75ECzzrFKo61QsE4D6T6l0ywECOvLRIyJmisn84j48rS2yguCcOomHlqqEFNUzRpRJshhIY?fife=s16383, https://mymaps.usercontent.google.com/hostedimage/m/*/3AE5a_GyfR5_FV6lOIPzGFmhGGVmT4MurgbYs_GTRkAl7noJR3Lx4CwTBQp6xXsO4NtzIpYPhwoZna2Tt_DZB9TpQpjMuBFfUmex0THgG-OH8YmreVExnzrlOOAkEQ_YQO2MR0lGtTQvYNGVHiUjzKXY0XdA_hZ1_ND_IW7BwN7rfaiXf9yyWfdRaRMQg8ALLWtDp2rszMneBQbHmYw?fife=s16383, https://mymaps.usercontent.google.com/hostedimage/m/*/3AE5a_Gzs8VNbiYzVr5Fu2EJ7MSI7ZsOV7R7rj3oQpba7U_CAaCQGxCMKt0d1qN8yamKfZNEX1rLSl098Pen8DcFj3vSB1hxzRtQ_5Dfvd2LIuZCi7ejFAh5rNBhnWqRlZAVaRPtYr_Rp807RLCoyb0DBJ1rvitINiqwjqrLsP4kGM2dYPe1MwQMHSHMuVvVks1jehh4WFqBVJQK0cS8?fife=s16383"
SEPTEMBER-OKTOBER 2022,"Tanah Longsor, Kelurahan Rejasa Kec. Madukara",x,Tanah Longsor,Kelurahan Rejasa Kec. Madukara,RT. 03 RW. 03 (Lapangan Futsal Surya Yudha),"-7.388708, 109.690481",-7.388708,109.690481,"Sabtu, 08 Oktober 2022",17:30:00,"- Hujan dengan intensitas lebat dengan durasi yang cukup lama memicu ambruknya tembok bangunan;
- Tidak adanya saluran drainase disebelah tembok
- Jarak antara lapangan dengan hotel -+ 100 meter",Tembok futsal Surya Yuda yang di bangun pada tahun 2008 dan diresmikan tahun 2010 longsor dengan lebar +-10 m panjang -+18 m dari kejadian tersebut kerugian ditaksir -+ 50 tidak ada korban jiwa.,NIHIL,NIHIL,"- pengamanan lokasi
 -Menutup aktifitas kegiatan dilapangan futsal;
- Menutup longsoran dengan menggunakan terpal;
- Akan memperbaiki lapangan / tembok sesegera mungkin","-BPBD Banjarnegara
-Polres Banjarnegara
-Koramil Madukara",,Bapak Tigor ( Direktur Operasional ),"- Andry Sulistyo, S.OR
- Riyanto
- Ahmad Arifin
- Heni Sularso
- Daryoto",,"https://mymaps.usercontent.google.com/hostedimage/m/*/3AE5a_Gy3kYOSqWgsYv6qcHhMloq4bAzXpyDhbRmKbtkY7FfN1OIXYtwKa4EJnN01-webEGUapP3hzZhHkhThXoWlxK_ayYm3dMSk-wNa9tCSZUvsjhTmNJCo7xwHK065GLPlUq_kkFGK6nQeVw32RJ7c_v91Ln6aGCaqkLjKFcqmtIk_OpNjB1AL75v8TVXQRsDcKltKE9oA5t3DQg?fife=s16383, https://mymaps.usercontent.google.com/hostedimage/m/*/3AE5a_Gysc4K5_jZ3FHCOUnLaylViFkW4-yu6OQXa2o0D5WiaM8McJiRxZnwDMcd6yB-HhqRHvv9asAV8gQHLK9LPIsbwhrmxcflrTx83saSL9xTHZoQ90lyo5F6Xv-Edbz4g0CruIgp5sGyBPKZxbBtbCFRPjAhSt1g8kJtE51_OunHBZkGSdJ73YW7HRZ0IJHCFY-bisncpXBdOcg?fife=s16383, https://mymaps.usercontent.google.com/hostedimage/m/*/3AE5a_Gw0xi00rsQ5PKgBPOyaaKONjYavFml6sv-xZPLlszdI2LFP1AmmblKs6W7bPa3WmUOIHV4Xjv02yO8_hLBFBwmVQyyvhTiM-nOJVuExl99Ub0xaw3tLh5SPiQYcQvkw6GEGRqGcfgN6domh4SJhgzyjlNxnNcg-oc27-uRT-tuZLU7ikoiIxDJBMTFy3k32e5APwu93eFIEtQ?fife=s16383, https://mymaps.usercontent.google.com/hostedimage/m/*/3AE5a_Gx4bzt6lVP6szE55z_pvl6JmXgqFQYQpxCEqKEztnJ_LRBkx8lNzfONtkTQ2Ne9k74iBSqr_UAPPbg5ERNAMOrTBuUlzIQd8BrwEgFDt-Zp7tlPX4m6rbz7DCpYQn090ZlMBTfoG5rPBKtPL9hsMD2zqCONmX8onzTC-KCzXyyiHjBHAZ87_irjB4tbdY_HILl6yaqe8QPILQ?fife=s16383, https://mymaps.usercontent.google.com/hostedimage/m/*/3AE5a_GyeMHu65Oo3oK0NeUgkmBK9AVsuywFDA-BJd8GjFX8etncKGguQtPqr4c56Wx9VAcNlMXHlPxulmXJOZxFg2KpIqfWKxdCnRBZ3fxH0IJEMmdpuethWkiMc8m--g9BQEmwNOvgBvjYbJcQGLfGxzsHBwVe0T-oySvovMFKNxLY2DbxEUPhj9s5WUCBCWpgOTPRXqvrNEONr8g?fife=s16383"
SEPTEMBER-OKTOBER 2022,"Tanah Longsor, Desa Banjarmangu Kec. Banjarmangu",x,Tanah Longsor,Desa Banjarmangu Kec. Banjarmangu,Dusun Kubang Rt 01/01,"-7.361873, 109.687852",-7.361873,109.687852,"Sabtu, 08 Oktober 2022",18:00:00,Hujan Deras Disertai angin Yg trjadi Di wilayah Kec.Banjarmangu Mengakibatkan Talud penahan bangunan(Toko Bahan Bangunan) Dengan Panjang kurang Lebih 45 Meter Tinggi 6 Meter Longsor Menutup Total Jalan desa.,"- Akses Jalan Desa Tertutup Material Longsor
- Pondasi Bangunan menggantung",NIHIL,NIHIL,"-Himbauan kepada Pemilik Bangunan sementara untuk Memindah bahan Bangunan Ke Lokasi Ruangan yg lebih Aman rumah demi keselamatan apabila Terjadi Longsor Susulan 
- Menutup sementara akses Jalan Desa dan mengalihkan Pengguna Jalan Ke Jalan alternatif desa
- Menutup Longsoran Dengan Terpal",-BPBD KAB.BANJARNEGARA,"- hasil kordinasi Dengan Pemilik bangunan,untuk sementara pemilik bangunan menghendaki untuk membiarkan material longsor ,dengan pertimbangan sebagai penahan material dan pondasi bangunan,takutnya terjadi longsoran susulan ketika material longsoran dibawah dibersihkan.pemilik bangunan juga akan berkoordinasi dengan pihak pemdes Untuk Langkah Selanjutnya nya.",NURYANTO ( Pemilik Bangunan),"- Heny Sularso
 - Ahmad Arifin
 - Daryoto",,"https://mymaps.usercontent.google.com/hostedimage/m/*/3AE5a_GzeMr4FUS6MyS1S_DpzCmSAWur9M3_ggQMvK6vDf9yGDERdIW0PbMB1F7oxfbkGS4Ata9riGbfGTFWGg8m6ZW0sWazQfqDfDeRrotA6q5OQ4ch2R1hkN1DaxSeP_UJQcm7AYDNhoMXjrB1iPRhckUsd37iguyoYgKv0shyiM4doZ9g1yhCHz2g6o7hjfdHgTcvnKIorIfSxiA?fife=s16383, https://mymaps.usercontent.google.com/hostedimage/m/*/3AE5a_Gzz_xx8BPyPMNnG74zR9XCKZNj8KbqGEDS7zPHrHJs-W201F33yaIpXPTNu2jnTNdcxn6LV8CuVc3HSidNjKTx7HSFyOgeXKk0CttaiNoTb8DYFfvHCeQmgAq41JQu21bLpx6yCVkNFtnPNhjJWM-cLdHCpmQ1ENju7g7wUAQ1UYDij_e8BayuuQgYmz6bCSMjAnaX69WVb-g?fife=s16383"
SEPTEMBER-OKTOBER 2022,"Tanah Longsor, Desa Karanganyar
Kec. Purwanegara",x,Tanah Longsor,"Desa Karanganyar
Kec. Purwanegara",Dusun / RT 04/Rw1,"-7.468543, 109.559821",-7.468543,109.559821,"Sabtu, 08 Oktober 2022",19:30:00,"Hujan dengan intesitas tinggi sehingga mengakibatkan tebing longsor yang mengakibatkan 4 rumah yang di atasnya mengalami retak retak sehingga jika hujan terus menerus bisa mengakibatkan longsor susulan berikut eviden rumah yang retak""",4 rumah terancam dan rusak,NIHIL,NIHIL,INFO AWAL,,,"Nama : Slemet ( Kadus )
No Hp :085799846198","- Suwito
- Budi Cahyono","LOGISTIK YANG DI KIRIM
-mie instant 4 dus
-minyak goreng 8 liter
-gula pasir 8kg","https://mymaps.usercontent.google.com/hostedimage/m/*/3AE5a_Gy4WcSpXbu9s1LWzgdgIkguqfv5lw3uYR3EZFZZ-V38z8kGL0vumz14HJklFBOkivZe9TbxIoFUm3StSe-J7uDstn0g8wn_lb3o3_7koY_JTZt18gAfeX6HBVbj_yAGviRQhR9ouElKMBhvP6iWShL0-eJHnwz_nepAPme10i60NiYW5RpkTfCNM-FMFodnmSR9YbHyvMlHS9s?fife=s16383, https://mymaps.usercontent.google.com/hostedimage/m/*/3AE5a_Gy8LFME-C9X1qAL7YYjHQWD8IGE_2O-1cAbGm10SL12gF_vnF7ZHxjWaTg9L1PdmtOcfNirEX7zY60R6Hhoz0ObWoKbZeBX3wQUNLeaPmLI2yPPaNcWtmmDFJfEDdOEiUHUJnvbwlN2I_DYc9TaMV_CZbOSLaBpad6zfOKQE0V0SVWbkOeUe9HS6W5cwIRaDHVC2eGtG0FyI5E?fife=s16383, https://mymaps.usercontent.google.com/hostedimage/m/*/3AE5a_GyN_WpHchAgkib3124vlkZpm7GkRCOTq2uy4q4GvJyavpkpZyjqw0V2DAOCCbSyCvYmmYyWkWJ42lFIjSgWgVjkSt-zU0AYwcUw53PDr9SiOVqbuNoWC2ZlNDGT4IlfgzEJr3hXm5OkRfdL2ayousRZKVOqvQdh5xEbKnwEDwTT7tzh0yPlQjXFhAwor1H0fgDggJbFyWJXWEM?fife=s16383, https://mymaps.usercontent.google.com/hostedimage/m/*/3AE5a_Gy3YFOrjVNePEfJ0Sl2h43cRVkN9EVxio__EsxTPQNPbmy8rGNCE1eAu-MfMBZkHAFiMeRbYAWt8C3wMcKMalnuxvTuEiDCizTFbywC0jy5TFyiNu-Y3PjBqIhC6zZ-O2QbZzyCymsF8tVHM6TMKzVT1PpH3JAGBRcGxcGJAcHDXWwSWhzd3XYEXDxVRxr1G4OhKH0pPXIuUQ?fife=s16383, https://mymaps.usercontent.google.com/hostedimage/m/*/3AE5a_GzxR_dsyncFYnEKF1Vf9iUvuIwKrwNUQMu3NMOrH4sR7if-U6SpY2vlJJsk5ysOB5Lz2H1CxXMTZ5h5Thcn6r9tT0O610AiFnUfrXAKJ4tbcB6Vw1Xx_87WRm0NfKlGb0G9hq8M13w4nEjwg_rrmd8NDQu1lzE9y3JKUD80hmhvfOEgnyk2rhWcj0bR-25M3cAo2g8OOGbOw8A?fife=s16383"
SEPTEMBER-OKTOBER 2022,"Tanah Longsor, Desa karangsari Kec. Punggelan",x,Tanah Longsor,Desa karangsari Kec. Punggelan,Dusun klontong RT 04/03,"-7.348652, 109.575089",-7.348652,109.575089,"Jumat, 07 Oktober 2022",18:00:00,"Akibat hujan lebat disertai angin yg terjadi mulai pukul 11.00 WIB di Dudus klontong mengakibatkan tebing dg ketinggian 10-15 m depan salah satu rumah warga an. Riswandi, longsor menimpa rumah korban. Kejadian juga dipicu oleh tingkat kemiringan tebing yg curam (diatas 70 derajat) ditambah adanya rumpun bambu yg tumbuh diatas mahkota longsor sehingga menambah beban tanah diatas tebing.","1 Rumah An. Riswandi tembok depan rumah jebol terkena materi longsor (ruang tamu) dan merusak struktur bangunan (balok ruang tamu dan kuda"" beton ruang tengah) termasuk kategori rusak berat.
2 rumah terancam",NIHIL,NIHIL,"- Pembersihan longsoran pada rumah korban dan koordinasi dg pihak desa, polsek, koramil punggelan serta BPBD.
- Mengungsikan pemilik rumah dan anggota keluarga ke rumah anaknya.
- Memberikan hambauan untuk meningkatkan kewaspadaan.
- Memberikan penopang bambu untuk menahan struktur bangunan yg patah oleh pemilik dan warga masyarakat.","1. BPBD
2, Polsek punggelan 
3. Koramil punggelan 
4. Perangkat Desa 
5. Masyarakat",,"Jarwadhi
+62 812-9042-4886","- Rakiwan, SH
- Hery Adi Prihantoro, SE
- Dwi Yulianto N
Cek Lokasi 
- Marsongko","LOGISTIK YANG DIKIRIM 
- Mie Instant : 1 Dus
- Minyak Goreng : 2 Liter
- Gula Pasir : 2 Kg
- Kaso : 9 Batang
- Triplek : 10 Lembar","https://mymaps.usercontent.google.com/hostedimage/m/*/3AE5a_GxK-ePiyLqPArt1wvQd1fQ80AbBGga9v7qXcAsQ2v0bFqqYhAz8I9byxrLfHM8JKx64Dn2O0NfjGtwg1S6pjs_Pw8-cHyTL5MREJOf9c73xVa5KcO_HGYco9iBFERDPd6l32SZCgdi_tb15TngiENnSrzpVpzXFDRVc71pPWVcZZYDpl8KhR1M7G3XFU41HSk27tzzvdk8sqQ?fife=s16383, https://mymaps.usercontent.google.com/hostedimage/m/*/3AE5a_GzO20fT7Jm3VDkSwC-zZw1DVKOonQq_oUpkz8I_7TpclcuARMBsOa7b1IWKysXktIiV14roLQ1_hKCioKnbQcUrNfLkBcYWcTuXrCauG9xu5cuBDPUya3tJN18_IyK5iaqMkH7rGTqvqEgZC7J3lgg4HgGvd60ZdyZWAueUa0AQsrhe91OTBqwNmrfxpBrJyBDUyD9Qin9rWg?fife=s16383, https://mymaps.usercontent.google.com/hostedimage/m/*/3AE5a_GwW5owQg9UVUkSVCztnLWXR0u9sNXLc-nw-YcbzhKuxYHDJSuX4V6F_tFmq_dskFol7-d5CtG7rtkuICuoqSjvADcZ_epghcSUePpmac1fk3EsEQmqfECF9dBWkh6E7tdKW4DDMyPXjdhwmmm27I6B4Osxu6oz3HoU8RMNNOrDO9Q7VVaXUI0aty0vsBZjLapBVh3s4rf-ASg?fife=s16383, https://mymaps.usercontent.google.com/hostedimage/m/*/3AE5a_GzIy1w49O7cbQJ2oZkgolk8n7cqlFoX0eayh3wkC_JEmiYPtcUemmXsRfBvq66Ydnyt0NauuzrFbzGnZhsQ1JaCk0CCDwAmCtTOkOZwK_DTPgjPBquX4DvplSJKYNQTjDD5XCwlsPFNNELln6_-2_cqJxp0A4l3JuGbSO6zqMcZn9YJH6BghflKkv_8V5usJa0ZWCZg2fO4pg?fife=s16383, https://mymaps.usercontent.google.com/hostedimage/m/*/3AE5a_GzAWwiZSaIHavHgAXl96OpnGP62LWz0JsIDgg0qEo07tTGUVsMejrf54Y-uoQR7NASojsh9q0Wfigqc30-0irOOBSMkiolFN-m0kFPxVGsLNJ6vWExWqhRgRUFoGMMVCpG0XCpP29A1ZRzKwkdWkOnUJ6FhDgPsHY9a3UsFJrbuvCOnTV58gm1iMsVSDYUEPFkTwPx6IkPGR9M?fife=s16383, https://mymaps.usercontent.google.com/hostedimage/m/*/3AE5a_Gxu1ckomQ_Fa0lctMinUv6Uv8SM0O8ZylpshB2hVmNeQCbT1GIXPlE9RUToK4TtE8QP5_He165q5WIELmB3BZEBJWy89i54DrHhz3uorrgcfXbqUYZw_ZMPdCXR5JLeNdhVGXdcEJcqVfUolkG-Q9ORYPrwwLTLzVKIoFAHFFnwFemWa-qU7AzI6JuPLgwPNGJSOyfvzwfv3_w?fife=s16383"
SEPTEMBER-OKTOBER 2022,"Tanah Longsor, Desa Pandanarum, Kecamatan Pandanarum",x,Tanah Longsor,"Desa Pandanarum, Kecamatan Pandanarum","Dusun Salam, RT 03/ 02,","-7.284941, 109.603652",-7.284941,109.603652,"Jumat, 07 Oktober 2022",17:15:00,"- Hujan dengan intensitas lebat dengan durasi yang cukup lama Di wilayah Desa Pandanarum
- Kondisi Geografis dengan kemiringan tebing >40°
- Tidak ada drainase di area pemukiman sehingga air hujan tidak terarah
- Posisi rumah di bawah tebing terjal","- 1 rumah mengalami rusak berat atas nama :
Pak Parmin 40th (L)
Sarmini 32th (P)
Rangga Egi 14th (L)
Eva Setiawan 10th (L)
Sofia 8 th (P)

Tidak ada korban jiwa dalam kejadian ini, namun kerugian di taksir mencapai -+ Rp. 25.000.000,-

Data kerusakan : 
1.Tembok bagian belakang jebol
2. Peralatan Dapur rusak
3. Logistik permakanan ( gabah 5 karung)",NIHIL,"1 KK 5 Jiwa                    Pak Parmin 40th (L)
Sarmini 32th (P)
Rangga Egi 14th (L)
Eva Setiawan 10th (L)
Sofia 8 th (P)","- Pihak Desa sudah melaporkan ke bpbd
- BPBD sudah assesment
- Akan relokasi mandiri
- Mengungsikan Pemilik rumah","- BPBD Banjarnegara
- Pemdes Pandanarum
- Pemdes Beji
- Pemdes Sinduaji
- Warga masyarakat","kebutuhan mendesak :
1. Terpal
2. Logistik permakanan
3. Peralatan Dapur
4. Material bangunan

Rencana tindak lanjut :
1. Kerja bakti pembersihan material oleh warga setempat
2. Distribusi logistik dari Pemdes Pandanarum","- Bapak Misrod (Kepala Desa Pandandarum) 
- Bapak Parmin (Pemilik Rumah Terancam)
- Bapak Harsono (Prmilik rumah rusak ringan)","- Suryono
- Disem GL","- Mie Instant : 1 Dus
- Minyak Goreng : 2 Liter
- Gula Pasir : 2 Kg
- Kaso : 9 Batang
- Triplek : 10 Lembar
- Seng 10 lembar","https://mymaps.usercontent.google.com/hostedimage/m/*/3AE5a_GyvrNfy5myttwXLQbK67tpOgJ7RTwL0wOXnaYu4vADrgYmKnClNyOu6Nv88Bg9_KJvlAkjM4kyOhiD-pOk8EVOgwucfG4LaBbcCQw2NG7KslFI-3ABwDdgAwDMtz39y-dnyi9eIe71oBAguqlFUmT-7JPewe-UllOIKBWuwq4IJXDxpvl_esl71WbwtyOd6I_6FXsXLX0DP1OI?fife=s16383, https://mymaps.usercontent.google.com/hostedimage/m/*/3AE5a_Gy_vs3twD6mlYEk85IgCTRJ2ixvwX7Ir-XwlSMVhPiK_BOcUrOpuCk7BVYBu2nFgOukPuAljZ1mT4lg_4THTfiQpINHeVDOAiGhwDC0riVWs_nT4RmriMzARG48e1pBNi11zJdcd47MMYb56tY-R5w6cAxvHOmqsDpnLqvvx041f0A5wGamLGbxHXqiQN7374CFRTroLjMV6w?fife=s16383, https://mymaps.usercontent.google.com/hostedimage/m/*/3AE5a_GzcuvgocH6jO-5gzmiW1lbPvKG_3AiIn64AOcMC-xaaZs13EwCiIosZg2C9jFITkgJn9XmsJhKp4X9v-ipgruH-xDC7x4V9OZZUxDuOMV8NFS6mSaL7UHw-dplUmrk7NhD2qI8gzSRgAD46Chn-7PoCenkwJz6kRXnYJff2a_4dMxk_g-3oNDd3yX0zzOMpgexzLZzaVtWw3p4?fife=s16383, https://mymaps.usercontent.google.com/hostedimage/m/*/3AE5a_GyaMsD6AZoJpwRtlCmgsQCD48UcTEqSqu7vPETOQZ3Ns3IUQ6UOVyRZwfhzm8cOBBiejwtU-esENfAyqMKSL1vneQcBQqbCfqZroVb5lEb16P3uKN3EnHEyUf3uLDkrYSW_N3eYy8UL6jG41Vf_Y7N-67FHe-EB1-Ocg0GQWKXoyDT3lmglUPJdQXouhjRP69wpg3HbLbnT1Q?fife=s16383, https://mymaps.usercontent.google.com/hostedimage/m/*/3AE5a_Gycrz8VLELlbPw5H64Ahx3W_cDFEBbkJMflKXpa_Zwnk2rPC40Ty2IxVJIzXfL08y0pYHLDLPlZnqNN9JsqSeQ5M7RfnFCxGhVoBJHpwvSEb6GCqnJ4EiIvZqvzZ0GSf91zzvBuLfbbe5iiiGAigyTlguwAR6LxvFFHwicCBS52k1_5CSMtYLSZmMfrN4O3Tctg_n7I9ZbeiA?fife=s16383, https://mymaps.usercontent.google.com/hostedimage/m/*/3AE5a_GyRlODTTvPKr06slwCdNIFhdR_Xyz51HPJYFPJEYtMddUbQ3prxF0TURNHVW-3anq3ls42QzT4T5T37v4LHNWjIAQIGPpe8oz2q-I_fjSihanIsCHbO_I6SXk9LrePGgOx5a3LvxKqofFURvzD1n5vbYckN9mjzxj7tDchUsZI3jLCmaJqhbKwD7Og_YsML5lWFTS4wz4ZEFA?fife=s16383"
SEPTEMBER-OKTOBER 2022,"Tanah Longsor, Desa Beji ,Kecamatan Pandanarum",x,Tanah Longsor,"Desa Beji ,Kecamatan Pandanarum","Dukuh wanasari RT 01 RW 01 ,","-7.253297, 109.610084",-7.253297,109.610084,"Jumat, 07 Oktober 2022",17:00:00,Berawal dari Hujan deras dan waktu yang cukup lama sehingga mengakibatkan talud penahan rumah bpk sarno longsor.,"1 rumah terancam
Bapak sarno umur 43 anggota keluarga 4 jiwa.

Tidak ada korban jiwa dalam kejadian ini, namun kerugian di taksir mencapai -+ Rp. 25.000.000,-

Data kerusakan : 
1. Talud penahan rumah longsor.
2. Tembok dan lantai retak",NIHIL,NIHIL,"- menghimbau pengguna jalan dan pemilik rumah untuk selalu waspada 
- Menutup Longsoran dengan menggunakan terpal
- warga melakukan pembersihan matrial longsor","- BPBD Banjarnegara
- Pemdes Pandanarum
- Pemdes Beji
- Pemdes Sinduaji
- Warga masyarakat","kebutuhan mendesak :
1. Terpal
2. Logistik permakanan
3. Material bangunan

Rencana tindak lanjut :
1. Kerja bakti pembersihan material oleh warga setempat
2. Distribusi logistik dari Pemdes Beji",Mujianto Kadus Beji Kulon,"- Suryono
- Disem Giri Lastono","- Rumah masih bisa di huni akan tetapi pemilik rumah meningkatkan kewaspadaan
- Tembok rumah mengalami retak - retak","https://mymaps.usercontent.google.com/hostedimage/m/*/3AE5a_GzBhU_XEN4uoLVKzpeZyUnl48siUNMb2fCDljLOJbK6Li4tnqPvH7UzoWDz9qREf_KiXFXGXIsjgVicKAa11neHfBff896hrOr2rOFUqoozy2cq6ho2WPqLfKxsVXG77xpEEQ0KJBqki22nfddYlMfBPqkmc92RrsROUynDI5egxA8U60XeorDnS9Yp2Kg_S96foDA2Vciydg?fife=s16383, https://mymaps.usercontent.google.com/hostedimage/m/*/3AE5a_GwV9zy68PKyDHzUTE3oc5Wb6VpFqSNmjuHtgAFjhQ2zAc5nKF--2xkUQpnDKw0d_qJ2EQlji6_xLrJ1ThPp2RuOnvxRKgpT2i6mlJ0OHvVgI846nrd_V7LIuQuOPqKiT22JBgxgbIWksIwP8hBCheTkJM700_r9wHxher78Jy4yGcVRSkhkGmux8aczgr8uSsYu2UX-D_oA7g?fife=s16383, https://mymaps.usercontent.google.com/hostedimage/m/*/3AE5a_Gyckz8_odCsHnRLgbgkjLxdo8NbOXLFFRIJGa_ufxzseUik_RG0_G8xdfi9mhHgUAa_sQe_Wmi00RJqTQpVvPhM35RARn68GcVbRR-Y9aBmDzyfjoxi_wfoGpm1Zh29wd5D9bQF40oww-hjwcc1aOmptflkREmQsprU-pazeyZ62wEG8eogTezYJhBzWRcpCZbTUleMso7nkg?fife=s16383, https://mymaps.usercontent.google.com/hostedimage/m/*/3AE5a_Gx1UpqIOYsS88aJI42Vqpq5Gaw6mMGvKnUJgix43VLB_npso-DFO4VEz0SPCJZsyCv6FTO7myjDocknMqy3g_CYLxrENH59q_2bsUd1Szz7SHmtHxgbXKORqpJvWBJUpVzWKAjAZlyuf_Q9UVG9QpZ9rjZZvC6CgaPpYwCPnS_1YiUM1KDUPgZJ-l1ZIrAdPpSRpp_C_zwixQ?fife=s16383, https://mymaps.usercontent.google.com/hostedimage/m/*/3AE5a_GyWQse9bjE-W-nJsoObD-3ylylqwew86Dmf1GSrgU9UDTKI2m_YwtcwACy-zlGSJH7TvrMuUFj0cT3amaaOiTyNzZ6GQm2pF78QV5dUmNikH6ejj8qZC1hyENlczJ652uqLdEUpbDHd2r7we_XzXXnq-cY8tOtgIimQQ9RnptWxnt1RHA1QsE7r9VpbvErLMylshian26Bbxg?fife=s16383, https://mymaps.usercontent.google.com/hostedimage/m/*/3AE5a_GxKf4P2Z9eXYd7sYIdRy9wdP_dCgo4c2h_TB4dqtqTwBtfKeBR-nsa2CimxaJwFEjPfGgXuselWprVcBgEDfQIjCCG_VoZnRDM8LDp3MYABM3mPLcPcKbPpS7Xiv9trmgjrSx_rO2QduV59qMMDPWEzfwWyF3ItidyEjAWG7IuwhT0tfjwyHwK15Jj6tnn5bFjiOC8W5YOtURg?fife=s16383, https://mymaps.usercontent.google.com/hostedimage/m/*/3AE5a_GwqYv0rCrZ98cjU5KmQ2zbc2eMV0OiVVkiqBmE2JjginHULoV1Dk2lFVWUQMv_a9aDe1UmDPTVEHA8Qdbk3W2_IHrUztDOShdBioP-ZAem1DQBEkuGzE12i1ryJNUBs9mXe_fdpn48uNxsGT4CEUycSYQIko1EEfcO9yoP0nhWSWs5USCqTZRvIpW5qkq1Ul7Mo7pu17PNFWw?fife=s16383"
SEPTEMBER-OKTOBER 2022,"Tanah Longsor, Gumelem Kulon Kec.Susukan",x,Tanah Longsor,Gumelem Kulon Kec.Susukan,06/11,"-7.535598, 109.410199",-7.535598,109.410199,"Jumat, 07 Oktober 2022",18:30:00,Hujan intensitas sedang-lebat mengakibatkan tanah longsor mengenai rumah a.n Paryanto mengalami kerusakan pada bagian dinding rumah,INFO AWAL,INFO AWAL,INFO AWAL,INFO AWAL,,,"Edi Susanto
+62 853-2585-9505","- Suwito
- Budi Cahyono","LOGISTIK YANG DI KIRIM
-mie instant 1 dus
-minyak goreng 2 liter
-gula 2kg
-kaso 5 batang
-seng 5 lembar
-triplek 5 lembar",https://mymaps.usercontent.google.com/hostedimage/m/*/3AE5a_GzmTq7VjCU6jl-6CXSzXAvIw4cV-jriL6jbktWOOxoEBOwIeMtU5QUY-MwjHaLdoV9e4fPmmbiMS1c4oyxGeC_Xse_FS5ao3kJ74r4A1V38KNFsAhsc5LJMpyw2T_GYfXzWbwKDjLa8eWXae_ECCyR0pco5nSxZUYbCaw-OZ5NvNk48cieSOpxWuoyklb5Vyh6BNmpxfAI-og?fife=s16383
SEPTEMBER-OKTOBER 2022,"Tanah Longsor, Desa sinduaji Kec.Pandanarum",x,Tanah Longsor,Desa sinduaji Kec.Pandanarum,"- Dusun Tegalreja Rt 02/04 Desa Sinduaji
- Dusun Tegalreja Rt 01/04 Desa Sinduaji
- Dusun Tegalreja Rt 02/04 Desa Sinduaji","-7.288177, 109.587019",-7.288177,109.587019,"Jumat, 07 Oktober 2022",16:30:00,"- hujan dengan Intensitas sedang hingga lebat di wilayah Desa sinduaji
- Rumah di bawah tebing terjal
- Kondisi pemukiman di lereng >40°Tanah Longsor Yang Mengakibatkan jebol nya Tembok Rumah bagian Kamar Dan Dapur Ambruk.Rumah Milik Ibu Indah","- tebing samping rumah setinggi 10m dan lebar 5m longsor menimpa rumah di bawahnya
 - 1 Rumah Terancam Atas nama Pak Muji (4 Jiwa)
 - 1 Rumah mengalami rusak ringan Atas nama Pak Mistoyo (4 Jiwa)
 - 1 rumah terancam atas nama Pak Hadi Remi (5 Jiwa)",nihil,nihil,"- menghimbau pemilik rumah untuk lebih waspada
- menutup area longsor dengan terpal
- membersihkan matrial longsoran yg mengakibatkan tembok rumah jebol","- BPBD Banjarnegara
- Pemdes Pandanarum
- Pemdes Beji
- Pemdes Sinduaji
- Warga masyarakat",,"- Bapak Kapin (Kepala Desa Sinduaji)
- Bapak Muji pemilik rumah
- Bapak Mistoyo Pemilik rumah085740394809","- Suryono
- Disem GL","Kepada Bpk Mistoyo 
- Mie Instant : 1 Dus
- Minyak Goreng : 2 Liter
- Gula Pasir : 2 Kg
- Kaso : 9 Batang
- Triplek : 10 Lembar
- Seng 10 lembar

Kepada Bpk Hadi Remi 
- Mie Instant : 1 Dus
- Minyak Goreng : 2 Liter
- Gula Pasir : 2 Kg","https://mymaps.usercontent.google.com/hostedimage/m/*/3AE5a_GwiavMYmk0--dOi-T5sNZxzB0-V9jrSy2LGw_4OrrSwY1-739EY-uIVPKGWcuR73sunQ7sy-oqYXxCdHSks9_QE5DKnxjGgYEApRrkiD6NjgbUfs0mLVCzoTkqIe1WsQO7EzYotXlipTQe7-_cQuhinEE3K6yjV-D6jkHpq6c3eYgIthZ7_qEeK4Mk03fZw1O4sT4EsrbtcCg?fife=s16383, https://mymaps.usercontent.google.com/hostedimage/m/*/3AE5a_GxBq3JGSX-slPppJpyoziT-_P0gs6TE-vpkvJNLi2p2o7bRQACK-3MjzGzvM_NYR63yO173B6oBCL8pDp9ZJBtt6UVZ1TMTMUmTYEewy574x0dwNqoCZlyyvKT0LPICsriGTcL_Nn3rr054PjxOaL7oOBAZzd75m_EN8gbGr-OgN3Ux_mVlli7K1SQdizpw-FyxfC56T7ubAA?fife=s16383, https://mymaps.usercontent.google.com/hostedimage/m/*/3AE5a_Gx1UXWSpMUf_k6-9njIm5oMe3fNIyC3hypXVWF6XpDIZpG_kYydipVlolgAubFSKiC2HS0zYpgj4SXKCoD-Hm1Em_31urH3wihBZh7_lNoQMbfzU3JdXZyzOUGqwKOFOPw7DlRZLBLXOYleewdI_9TS3KoI4jzLaVggomqEhkhWkbRAzrirUydKaYLb6VNU40q75Cvd3JjgaQ?fife=s16383"
SEPTEMBER-OKTOBER 2022,"Tanah Longsor, Desa Kalitlaga Kecamatan Pagentan",x,Tanah Longsor,Desa Kalitlaga Kecamatan Pagentan,Dusun Prigi RT 2 RW RW 3,"-7.307729, 109.794848",-7.307729,109.794848,"Sabtu, 08 Oktober 2022",5:00:00,"- Hujan lebat di wilayah Kecamatan Pagentan khususnya di Desa Kalitlaga dengan durasi lebih dari dua jam dan hampir seharian siang malam mengakibatkan jalan Desa penghubung antar Dusun Nganjir ke Dusun Prigi Dan Dusun Klesem sepanjang 150 meter mengalami amblas, untuk kegiatan warga yang menggunakan kendaraan bermotor roda dua dan roda empat sementara dialihkan ke jalan lain.
- Kebun milik warga kurang lebih 3 (tiga) hektare mengalami longsor dan rusak parah, mengakibatkan pohon albasia dan pohon salak yang menjadi urat nadi ekonomi warga sudah tidak dapat dipanen.             - Kerusakan kebun salak dan tanaman keras milik warga kurang lebih 10 ( sepuluh ) hektare mengakibatkan gagal panen 
 - Gudang material bangunan milik Bp. Bawono terancam ambruk
 - Kandang ternak sapi milik Bp. Bawono terancam ambruk
 - Kandang ternak ayam potong milik Bp. Slamet terancam ambruk","- 1 ruas jalan desa rusak dan tidak bisa dilewati KR 4
- Kebun milik warga kurang lebih 3 (tiga) hektare mengalami longsor dan rusak parah, mengakibatkan pohon albasia dan pohon salak yang menjadi urat nadi ekonomi warga sudah tidak dapat dipanen.",NIHIL,NIHIL,"- Tim FPRB melakukan asessmen ke lokasi
- Sudah dilakukan penutupan jalan
- Himbauan kepada warga untuk senantiasa waspada dan berhati-hati karena musim hujan masih terus berlangsung","- Koramil Pagentan
- FPRB Pagentan
- KSB Kalitlaga","- assessment lebih lanjut
- Koordinasi dengan Dinas terkait untuk langkah-langkah selanjutnya","- Pemdes Kalitlaga
- KSB Kalitlaga",,,"https://mymaps.usercontent.google.com/hostedimage/m/*/3AE5a_GzAeTs01aDZoATxV1KnkDht_XK898PkD9nJ_hta4c3PX45XVj4dle0fX53OFrf0Lo8OhVvBsVKCvy8z2xlL4gc5ex35VAwZ-k-Ke1-c-LRASWce8Lu-zQMQ7pFnNG583f5u3TrOKqJ7AEsk6OeNO3g0BPN02gYekwF15tUofd4ad2RNmO7Cmbjt9TTvmzolus9QHMK23QNLSg?fife=s16383, https://mymaps.usercontent.google.com/hostedimage/m/*/3AE5a_Gyg2G7AetalrH4h8NRlIOnwjDo4nPnvuC4r99W3Rm4pgXsSHfjDhjgsrmazXFRTnBbOYepw4k31hjqfL-sVdld8ZyeBwAQbgfTUJ3XxEPYV6nVJpC16BM8ZKGQBlwao__IYES9rMTwgyY2SfcV9E2C9cJ3P-36oNiAsH9IBPB4N885htCBatKbGoRI5MbRSuyqXei7YtyCP2Ok?fife=s16383, https://mymaps.usercontent.google.com/hostedimage/m/*/3AE5a_GwiP5nCZkLSg-8bhL1QwlZ7CU-qr8J3n6E_idIu4x2MsP4PlCBlDGg3sFbsahw_WX7Pqv7M5Ff8lQUooEBc8hn8l_gKgHjk9_7yF8oJs71GgakyTTaZEHWfwFUTo0Gsz58C_H5udXZ7QtucrwjFIxKPfBOWcJcRSlMf6tt1YxFHBOtotAbYD4M--vFJBejzRxxCVrsRWZSs5Q?fife=s16383, https://mymaps.usercontent.google.com/hostedimage/m/*/3AE5a_Gxd4IfGFNWLLmqMvQRAL2RZhwNTYz1mG9MaDuGs_V3Dsj8XVsJ7ABoh_jJDeUyjSM3awMP-FehOwGOh1M_rOWtBjhD7whLeXz2k3bxYZ_fobWxAsNHHvjtHRqnutboalp2GzFrnSrBg5RyjTQHQ1qIMMgTdhQgAxlFuel11nUHpUL9RTFMk2s5IfbOrU5xMoXjHykhEgp5WQQ?fife=s16383, https://mymaps.usercontent.google.com/hostedimage/m/*/3AE5a_Gxh11VG9sBOb4abRC9euYM7FVdpD2Ni8FJfu4PlvpGJNrBVoULgApczAqympu1hUYKaLQnfUqodFn_XZA5gIWGWv0QFt63P5CVJjgkEcXc19eDwiItXICGip04HYpqe9D7jwzqWk8G40Akb4SmxhLORCNhqjvPA-GmcqrhiIXa3G4KMHx36j_YCcvS1CV98K1KBGRXmAlpnYJc?fife=s16383"
SEPTEMBER-OKTOBER 2022,"Tanah Longsor, Desa Mlaya Kec. Punggelan",,Tanah longsor,"Desa Mlaya 
Kec. Punggelan,",04/01,"-7.303631, 109.640995",-7.303631,109.640995,"Senin, 10 Oktober 2022",22:30 Wib,Intensitas hujan yang tinggi selama dua hari kemiringan lereng 60° berarah ke arah barat laut dengan lebar kisaran 20 meter tinggi tebing 30 m dan jenis tanah dilokasi tersebut menyebabkan tanah longsor dan menutup seluruh badan jalan kabupaten penghubung desa Mlaya - Pandanarum.,- Badan jalan kab tertutup total material tanah.,nihil,nihil,"- Cek lokasi
- Koordinasi dengan pihak terkait untuk penanganannya.
- Perkiraan penanganan dari pihak DPU PR selesai dalam tiga hari kedepan, karena pengaruh cuaca dan pemindahan material tanah longsor.","BPBD, DPUPR",,,"- Raib Sekhudin, S.ST, M.KL
- Sutrisno
- Anif Khamidi
- Agung Septiyanto
- Intah Cahya Rahmadiyani / Magang Geologi 
- Satria Arif Rahman / Magang Geologi",,"https://mymaps.usercontent.google.com/hostedimage/m/*/3AE5a_Gzn-EyOyT4632NXgaqNCSBo5fmS8oxiPdxv5VuNZZqJCG5xvE9ZAaydlcp43k74X6Grl1-Z8siL88uNMQUOPhM60YkCt8hrugzryFDpyCBgifFaLKH6f0f6H2vrZWgKqIz6tvsvTNIXY5qEI_pewPt3e8QEU_3wOiZn_9ln7xdamtKg79AvZdljtyjDfoG222XyeFUngF9r6A?fife=s16383, https://mymaps.usercontent.google.com/hostedimage/m/*/3AE5a_Gw65rjWlq7qr0skalJRvym_2Sb29tx9dahSE0nGeKyiSE23AOs_DbezkcTIWDIWw-dlTj7t9Tyuk70eilXIP6NZINm2F96l3uXLKCzHeYA777DWSgl9xBBpsoZ5WzH9nPROLmSiws-414X-C74HFhOKAxbVM5IJbwejY_0rZBn4FRwyEzdnCF-V-DHgzoT8YwCpjOHs7UqWHlw?fife=s16383, https://mymaps.usercontent.google.com/hostedimage/m/*/3AE5a_GwJsQX5dRhCTkgT-M5ClzJZLCK8_3rOTX7LNYz0XylMJOscwIk3XdWo9mE2OIku8QRi67ACb1Pl2-CePQ280i4zLjYcchj4x-58FjBuw6ucAVOBvVHhAUFc2hteO4XkSEzzBGYudGN8ZiLJ0HDUmXtDSk817Abla-UxXNmft1jqMUiiZyShy9AVjnM0bux1zz0DP3HKYsn0uw?fife=s16383, https://mymaps.usercontent.google.com/hostedimage/m/*/3AE5a_GzN3oKBe6_bl_H-LzTOzbkXTopvX8TZsq_uB7cFqICRzrGxyuq0vQurhvVwQNxFrFykzuSRp9BdMbjNV-2DuYhQUhdRH-8RZbEcvegoTKmCBAMhgQCP2x44siCEnc8Ye5qyr0kIn7io_CKxdHLoCRJyeip3cKE9ZjFz8m8gOPwtoFeFhw1tFWO_BPJTFBay7IKMtIXBLCf3GNc?fife=s16383, https://mymaps.usercontent.google.com/hostedimage/m/*/3AE5a_GwCOTZcIt81eC8-3lJuFI8yew6QfH_JSPvRAHxecSNP4hS3O8lXPDqzxVUG7_NlmjM6RfvM3JvVR-FsvNt1PImllnAnTVi82K6pa7Y55Av23pJpwSXGq2DDA0C7KRfvMSDY1sg2S_xZo9QeVsf0vDiz3N3tgoe0eNZMslPuKRga-CiOwgemFm_2QzBGuBb9gZahK7CV3pij8Q?fife=s16383"
SEPTEMBER-OKTOBER 2022,"Tanah Longsor Desa Kalitengah, Kec. Purwanegara",,Tanah Longsor,"Desa Kalitengah, Kec. Purwanegara",Dusun Depok RT 2 RW 2,"-7.5023278, 109.5515107",-7.5023278,109.5515107,"Sabtu, 8 Oktober 2022",03:00 WIB,"- gerakan tanah terjadi setelah hujan 
beberapa hari turun dengan intensitas rendah hingga tinggi. Dan mendampak 1 rumah a.n sarno
- di titik lokasi memiliki riwayat gerakan tanah sebelumnya, yaitu pada tahun 2020 yang mendampak kerusakan sebagian bangunan harus dipotong supaya tidak membawa dampak lebih parah. Dan pada saat rumah tersebut belum dibangun. 20 tahun lalu.
- pada Sabtu dini hari gerakan tanah kembali terjadi dan merobohkan tembok bagian samping belakang bangunan.
- selain di rumah Bpk Sarno beberapa kerusakan kecil tanda gerakan tanah tampak di rumah bapak Hartoyo. Yang lokasinya berada di atas rumah bapak Sarno.
- gerakan tanah bertipe lamban atau rayapan. Namun berdampak kerusakan.","- 1 Rumah rusak sedang a.n Bapak Sarno
- 1 Rumah terancam a.n Bapak Hartoyo",nihil,1 KK 4 Jiwa a.n KK Sarno mengungsi tentatif jika terjadi hujan,"- Melaporkan kejadian kepada dinas terkait
- Assesment /cek lokasi
- melakukan penyuluhan singkat mengenai kewaspadaan terhadap bencana gerakan tanah.","BPBD Banjarnegara
Pemdes Kalitengah
Destana Kalitengah","- Droping logistik
- Penutupan rekahan 
- pembenahan drainasi dan limpasan air hujan
- waspada ketika hujan intensitas tinggi terjadi lebih dari 8 jam.
- pantauan dan komunikasi dengan BPBD dan Destana Kalitengah","Junedi Destana Kalitengah 
Turyanto Kumar Pemdes Kalitengah","Daryoto, Tsaibun N",,"https://mymaps.usercontent.google.com/hostedimage/m/*/3AE5a_GwmPXZwUgg3OF4jr551A377k10u-ATD3UlZP3KP2HwZvhCz6Jy7KfrGgS0LSHf7FaY10UwrpQ8ylpRLWITQaG0xnJfwD8vDj8dEpnrgjP9vJQFUgYDoBkOivBfsb559-eoA0KUFp7tlfLAbbHa_ZI7qG2wf7pDa0meeLFxKSvhC6KJzQ2zWu01cX6sqDRemejzsVJEOsMvyoA?fife=s16383, https://mymaps.usercontent.google.com/hostedimage/m/*/3AE5a_Gxv9oHvx2QSafKTqknv6b6O9oNdOQy5xd9hkjXp4jVAVhtBfjkp4CxWgTbe2Ry6nZphp6kFn_tZ4ppUrEeJqG7n2GLcQPNO4dQTwUOpjuH2dTtweQNzN749OeCtiXfxe5z7suTy4PcbLzNkb2zCXp_VeLOAy1_GWlSNgecKbD-bg68mgUQ7yj1cv88ujlZrW5JMn-mH9pPziQ?fife=s16383, https://mymaps.usercontent.google.com/hostedimage/m/*/3AE5a_GxdhjNsZAT-rqVJFmzVW2P5iUzSPTFmGswu-jiMymJwEGfCxtWSa5SDVFhT-rNYlSYE6CZlkXsifiw1bfuaoDtGDGkHrIP23MUWt_EiW0bWpxGeF0nhAsCNDWtWucZhpUwW7-A5BbNBeBgA6c0WPceAydzxnFi43RYIGtWKC7uWNWQ6Fyvlx5mUhxcVzRWh_Mus2QUD6bbg94Y?fife=s16383, https://mymaps.usercontent.google.com/hostedimage/m/*/3AE5a_GxAf6NrwaX9lX1wn4fplktTln8fzW2N3LM1ElDVoF1GgQiWaXwBxHSHj3mX4nl91bCZ2q0QIVNVwTTiDY0SdUy2MAME2Scq6Mbn0rYKIQgY3aLK0XOnMM2dwexDjdoIPXCBYfz9dWtn1Nv9WP-BAqkHFV-4FsxwSZCVCYGSbDjKQBS4JpMiPZC-SxF3exYFA9CRyYn5GzTVOjE?fife=s16383, https://mymaps.usercontent.google.com/hostedimage/m/*/3AE5a_GyqCFNoORJTIQXxm6tAvPzNmRade6FHIVtAHM8whB3fT4x7mVkPQndiYOKxolg5iGZjhB6_Dd7OqvigNcVmK3fq8mKpzpbZ4_KQPS2QI8OEzs7fjXvNfs_xdQeDmQB_VK6hU6JJ228_OzLFvSrNX-zY8YlGcQt_75Ucn7wB9gvrDFoO_WTO5mUM8ZgYx-UZbpHGaMr1fvTDB_M?fife=s16383, https://mymaps.usercontent.google.com/hostedimage/m/*/3AE5a_GyZ3GwAb991smqBIFjO8xuRXJhpkxZeYJlE-r9WZD2mTYXxzFbbzMNR-0kXX0hsZkEhjONonNfkvL_tWgqy67EfXHMSWJ2rHDLbInNnt1U5eepDk6TNyLrft5bx3I6fG-yFx8RBlPeUoWZnQvj-xYeILKeOU3fu_5CHQWaTBN87HItHM-jXQsXIgI4qgFMjXjkg3-8o7dOR5g?fife=s16383, https://mymaps.usercontent.google.com/hostedimage/m/*/3AE5a_GxbHjkSAJRmS6_YYa9WWxeA1D-34G1kif2cqmTqymxbCQxwX1xjU9ZG17uA_vMoMmY9k7oP2eAmdBbK7ouivs3UK8De7RRGsumLo24tPFxa_PWgSIHLk7eX4sN07wwoA25OYH0B_p_2WdUkKLpMcQavtEYUw-xNUkA1wLtRPHV21smWC8DuGXEhjzzLHaiWQpq9RDisoIdbQPA?fife=s16383, https://mymaps.usercontent.google.com/hostedimage/m/*/3AE5a_GyT7mI_J4XL3jsvL0yWJtHRVnfykWxMD33JV7W-REiKKfqYh3P4Xt09Bf4nwyYNw6pl-M0x4x_HTRxVS2B5UcMatdMv3eaVR1JUIiYGFTnsIbRyQ8ex5wAEkCpyPeYygpesBLmibte8tvQusigSYrcQMe5C-CmVTsUmZMAxje_e-KnZCR9axoC_OgYQ7dOrJsipLTGrIiAIQWE?fife=s16383, https://mymaps.usercontent.google.com/hostedimage/m/*/3AE5a_Gy9ipWT-EW6y2UDJhnPaBu9-ql64nbgWF_li5Ggq9ON7GWuEYzytgSJSkm0wkPUnw939NDciKU0S-OBbX7PaoMDIqnzWSfvy1zG32hoDdqghBfHdQUye9cE8XIRW7u_XQGbgBKlcDn1gP7o0KDNU4gQluuBproKwLNrcg4s6xLvuqBjCn_2jcDnAGxQxefGU7qlq7gksYVjHA?fife=s16383, https://mymaps.usercontent.google.com/hostedimage/m/*/3AE5a_Gykto6T8f6xHtFFqPUx65D0L88gexrSvbQjx6KFgzKDEGh8yyZQ_rJnGrfbqObKN4yUF694LszVI1YQjODX2L1oSWFhkF0eyT44trXGY78d7e8lTIrLkW1_AKXf6Ye4hHWPQ1hujOrZp8mcp_sN813a5rYKCMvKFFzWi08M-zNs3j0cE2_IrxLE0yrD-pk0xgS9GVtE9Mpp1g?fife=s16383"
SEPTEMBER-OKTOBER 2022,"Tanah Longsor, Desa Tlahab, Kec. Pejawaran",,Tanah Longsor,"Desa Tlahab 
Kec. Pejawaran",RT 01 / RW 02,"-7.255895, 109.793443",-7.255895,109.793443,"Senin, 10 Oktober 2022",17:00,"Hujan di sekitar wilayah kecamatan Pejawaran Senin , 19 Oktober 2022 dari pukul 15.30 - 18.15 WIB dengan intensitas deras. 
Tebing dengan ketinggian +- 5 meter di belakang rumah milik Bp. Taryono 45th, dan di atas irigasi longsor di picu adanya kebocoran pipa paralon sarana air bersih sehingga menimpa tembok rumah belalang bagian dapur.",Dinding/Tembok dapur jebol dan merusak Kompor serta sebagai perabot alat masak dengan nilai kerusakan lebih kurang 5 juta rupiah,NIHIL,NIHIL,"- Memperbaiki pipa SAB 
- Pembersihan material longsor 
- Pemotongan pohon yang membahayakan di area tebing","BPBD, Kecamatan, Pemdes","- Menutup tebing dengan terpal ( segera )
- Pembuatan talud tebing dan irigasi secara permanen ( jangka panjang )
- Himbauan bagi penghuni rumah untuk selalu waspada selama musim penghujan","- Prawoto ( Kecamatan )
+62 812-2624-8010
- Mulyono ( Kades )
 +62 853-2722-2544","- Suprihno ( BPBD )
- Anif Teguh AR ( RAPI )",,"https://mymaps.usercontent.google.com/hostedimage/m/*/3AE5a_GxXpl6HhbY91b9N5APQZwmfE6buX4PPF2uKCLNG0OqgZ-dA60Tyc5mxYV_KHeHtPoyDRKsBjg4M09-3W6SG5JOIiKHOG_C3A9mdBDrZ5MsuUaCoWG53kW1amruF_A4wxwL58FjszvT9wokEodg61m3W9lncKFpIkQlMsNR9ngfCIO1fn5Xap8P04Uyrn4VGHrWgvGxie2dcaaM?fife=s16383, https://mymaps.usercontent.google.com/hostedimage/m/*/3AE5a_Gy49pNb_rLRvAOtERa7sIFCynqqhfvQMVi7XPmd-81uK7-7Zy7nqlGDdun6hiRuxDdMO0Gg8VsI6PM4q975TvtpUcXfmzLd0_9eHLPGMG-duSh2YebCwgmpIYPuZlop5ANtTlx5mQCtEQPc266EVkm2hhZ3QiXYIy8ZuGIHE5dwvmIqIL9rEN6eqtWV3Ma8yKDtKlFmRlVpSpw?fife=s16383, https://mymaps.usercontent.google.com/hostedimage/m/*/3AE5a_Gy48HZIM4Vz_NX7xfAI4Vd_P38JWnT2sxFQ4EDIvRaLePpItVTN8SBKKrB_KiOEFrWq596BJ1VUzHcmOCvM1N5wOWNsrGG21v0giUb1PsvGsLAzhcECfS2bI1J9mqpfRm0oHOFM2RYD6rOMIUdn7UtZ_l21ADaN-iJk8LRyDSo2nBtqtnOqZF8WzyEawSjkg6qFPfOPf_p2Bo0?fife=s16383, https://mymaps.usercontent.google.com/hostedimage/m/*/3AE5a_Gy2x77onMf0quIQm9y7yd1wtVo29Pf3BbX7sUze7Ikmc2So-PFCKMzfBEzgqc0zygtpTlp-cAK-dP64oD0ufNLtGeZpnxJG4Ehr9JYaC48AM-PPICMdLJuhzU84EFFy5QtAgUstJDXyPUUjwlmiQ0ekTYzSOMhgnKUY-2TTf935anoTqp5m5Lcj4qC0_xL0-WLYITXUMVA-NkQ?fife=s16383, https://mymaps.usercontent.google.com/hostedimage/m/*/3AE5a_GxQlR9irG2_jwc5pozDL60dGVlqvkVUkJrEgkQmiplyWcCurq5YlmFbxDPfU8iomYyoBxwY7vBM09IQvsYf1g8__NCqa7RdHHzxw_G_rGbEdQBKmocK11kr9cOpEwQ7bYQ2JyzsZnMEGSTGzB6PFR-mKm2nUctAfYUD720ISxnNYuIl__oPBhur0HMpqZWieRgSl8oizIecTQM?fife=s16383, https://mymaps.usercontent.google.com/hostedimage/m/*/3AE5a_GydhhGVtcQLr2MOKv7JyEkb6J1ORFjQ-Ds3HF1dnMQI2WOs6z1o9T94v24so_76OsEipTRzID28zOwNE29SP_b0zoHJhPVsgkSo3gIQA0niJOMWmPwIX_QLbR36M9pWn-XbYUKm48DwDs3p_5ia3i6HC8lwqFjgNufhscVC99E7v_LGDZHZamJLaHEnSKuczVa5Jul9D8nH8w?fife=s16383"
SEPTEMBER-OKTOBER 2022,Tanah Longsor Desa Lawen Kec Pandanarum,,Tanah Longsor,Desa Lawen Kec. Pandanarum,Dusun Pagiranja,"-7.234491, 109.570292",-7.234491,109.570292,"Selasa, 11 Oktober 2022",17:30,Kronologi Kejadian : Berawal dari Hujan deras dan waktu yang cukup lama sehingga mengakibatkan tebing +- 8 M lebar 7 M longsor dan mengenai 4 rumah.,"4 Rumah Rusak Ringan
ket :
1. Pak Sutono, (47 Th) 3 Jiwa, RT 03/03
2. Pak Irwanto, (47 Th) 4 Jiwa, RT 03/3
3. Pak Dahlan (55 Th) 6 jiwa. RT 03/03
4. Bapak Sujarto , (47 Th) 3 Jiwa, RT 01/03",Nihil,Nihil,"- Assesment oleh BPBD
- Pembersihan material oleh warga setempat
- Droping Logistik",-,- Himbauan bagi penghuni rumah untuk selalu waspada selama musim penghujan .,- Trisno ( Kadus Lawen),"- Slamet Riyadi 
- Alamsyah Tri P","- Droping Logistik
~ Permakanan (Mie Instan 1 Dus, Minyak Goreng dan Gula Pasir)
~ Non Permakanan ( Kasau, Seng dan Triplek 5 buah)","https://mymaps.usercontent.google.com/hostedimage/m/*/3AE5a_Gx1v3fP5yuF0RI5rJuNJE9_NpCaknq9SmmFTL99kNpmYwnYMPgJkCIDXK88HnN18ukEV_aBOry6i6HJ-aC88wpJgxR3EYL0eBo6DuucoC1wdyYiDNTR4kfIl6NFFAO0mWyUO7XV4OviS1M4150x8NnVYIYCVb-hmUHrfIU7q_01vB4B6_eBtr1nTxDyxzyjPYg5wg13cNepDBE?fife=s16383, https://mymaps.usercontent.google.com/hostedimage/m/*/3AE5a_GxF7qQWcGZGVk89NdQiiYrcRDaKAknrYmlT8XiunEf4S0b2ivfzgynQ3jsOE5iJrNkW1BLUxyp2BD5XK0IMfa4RkrmeLyqxIZhJB25ASSfgtt3UqzcizEulDQ-TGzjt-EeBAbmwmctkKLpHgSP7TllolrM8WL8HO3rtIwN-Q6TjfwIUayIX9SDNK6KAqULwNIbJU5ozONin_Q?fife=s16383, https://mymaps.usercontent.google.com/hostedimage/m/*/3AE5a_Gws1bKDrZqS7VrRULubXXgUvA-nFVG20aM3or1hxqY3cdGRIvfmwBCvVjqnILsEFkbzDjI3Udrbj8zYDFub-zTfGagwMwJIE3Gy-5xzfSUnXuf3NT6NVyephWOGQtlU9oqICrjD0MnzQbJfSh0zXs8qgoadP8h0anAWp8NM_dkUaGEYNRvEiniXsJlSboy9QdJZUf9Z4OemZQ?fife=s16383, https://mymaps.usercontent.google.com/hostedimage/m/*/3AE5a_Gzjb9oXdg57xY78PNPgOYK7iSr4Tsxyo_be2YfVEtJGKorX4aqHxYKRXNuW9_k0xy3kfWvR2Q2URHK6y0TnBFr3eiocxaq2FHOiN4FokNJ1l6lA5ESzPPD5aLHp-yKjvxH_OP-UmwbLAxyUfry7icHaAI8PNAg761rqasodFaWX57XZyUbH6EoxypsZ_d9_XQV4BdhhG4uOnw?fife=s16383, https://mymaps.usercontent.google.com/hostedimage/m/*/3AE5a_GyTvr0VHHcmWzb79rHn9-ufa8ZMWISSFR423guQxyo6NFqlnPmzdJVKbkdvP0yteJFTOEWZTaTfxpSd1PEj8Q2e1RPDn94fnaBvPBD51jY7MsOBlXvGkxdz3J7L2oItBjs4549SV8er206lkQsmnMTSbUHdYI-D5GUaKrvWDjKBBPXfn4l1UYLsH5eU851UKwRTrHEP-o3wCA?fife=s16383"
SEPTEMBER-OKTOBER 2022,Tanah Longsor Beji Banjarmangu,,Tanah Longsor,Desa Beji Kec. Banjarmangu,"Dusun 1, RT 03 RW 01","-7.301303, 109.677997",-7.301303,109.677997,"Selasa, 11 Oktober 2022",22:00,"- Hujan deras di wilayah Desa Beji, mengakibatkan tebing diatas rumah bapak Khadirin longsor dan menimpa halaman rumah",1 Rumah terancam,nihil,nihil,- Pemasangan bambu untuk mengurangi gerakan tanah                     - Kerjabakti pembersihan Sisa Material Longsoran,"1. Pemdes Beji
2. Destana RAGA JAYA 
3. RAPI wil. 33 Banjarmangu
4. BANBINSA Banjarmangu 
5. Masyarakat sekitar",,,,,"https://mymaps.usercontent.google.com/hostedimage/m/*/3AE5a_Gx6IJy4sDr9246gsHkz9FWCpE__bVMH8l7zhXjFv8QdrfXiDMhwmpWV7pFZBNVCCHSOT6Ii2gqE_wp6bjwzgonKCBobPrhE01IBNDZr4e7Pewkr-St-cpAu4q3FQlSyAxVfq_BJuJk8VAjwT1tvpaB6pFqOKDW5pFC6Z3nBxrZnjAGhXzstW7PfbYNa5-Xmzev6ZwZM9kRDW3k?fife=s16383, https://mymaps.usercontent.google.com/hostedimage/m/*/3AE5a_GydzsL1sQCm-B8_8IhbFfk41KqObMR73yhUDD0yRxUgCwfZ9wkmL0_RSYcKb-ke6y1_LByjW0zHqc9vGrSD4t45oJghwL-PNxuRZH8IXa3Y-Rb41x2J1QpjZnb5U1yfqwjmNIRb7Ah0ncXM4SnUe8K7zX_myd5cBaM_WOU6FTeyrZB3LgQEz9BxA5xU40VMM8FH1ujORkbyLQE?fife=s16383, https://mymaps.usercontent.google.com/hostedimage/m/*/3AE5a_GwsJyoiRLe6ME11GpsGTEmfPQvhdtjV0BEW_Q3IXuon8lD-PN_2NxgZJsqT-gFrgxAZAz5uQ5Wrp3AEKEvbWXnFCSbJeOdOGi_UE-WVCgmEUQegAC1BAWNv1UB8wacmhZGJbvL8298b-fUqN6XNvRMxDqfzLECkaxArBQpv3evZp6UPiEUez3OE0UtShcEgIkDwdgD_z6YIMXc?fife=s16383"
SEPTEMBER-OKTOBER 2022,Tanah Longsor Desa Pesantren Kec. Wanayasa,,Tanah Longsor,Desa Pesantren Kecamatan Wanayasa,RT 03/ RW 01,"-7.24176, 109.725015",-7.24176,109.725015,"Rabu, 12 Oktober 2022",02:00,"Selasa 11 Oktober 2022 siang hari hujan deras sampai sore hari. Hari Rabu 12 Oktober 2022 sekira pukul 02.00, di lahan pertanian wilayah RT 01 RW 03 terjadi tanah longsor yang menimpa rumah warga atas nama subagyo dan harno.",2 rumah rusak ringan,nihil,nihil,"- Melakukan pembersihan lokasi longsor
- Membuang dan membuat terasering lokasi tebing guna menghindari longsor susulan",,sisa longsoran dan tebing disekitar lokasi masih rawan terjadi longsor kembali,,"- Pemdes Pesantren
- Destana Pesantren
- KOKAM",,"https://mymaps.usercontent.google.com/hostedimage/m/*/3AE5a_Gw-R16Yuvv_1WkaFrxF1lijPspz2oZoCoWGS4ikFPftsWZGxADzibBH-0jyAyHETlujdCLoOuJHHOcCNTQEDM0tFH_eUOThaFLU9Kjdswe5k9CIliReioqAeNTSD587ZxygEW3_2scWB0AytyGfISXulTaBBljY75qxxKoYr4yJEvolesWHmrKNsGDlMebTX_JoyELoRnG9GvA?fife=s16383, https://mymaps.usercontent.google.com/hostedimage/m/*/3AE5a_GxCw-otPC1AWPeOIi8lCrD6cwpevDys2EmGOnJ8BqJKyOcj9M_W0GDug5XDn8bzs4wk4zrg4N6zVvCMKfvq6eiC3XtWYiOgz2VHQRvChWNQlwBpfLRxf-Qxu4TUBUmxGSD79sTZxpqDEm0shln8d1HDhCRF4I1PZ1g4NzDvjmAmquxIf9mB-xj-7bcgM9uE2F31rj8RcKVnyA?fife=s16383, https://mymaps.usercontent.google.com/hostedimage/m/*/3AE5a_GzwLhqvmN4a-BYNz6VRMuuBmHgFgjUxXddNUMT4WgqgUDdfDA5p5-oNDvqqV0E7PVMsscsq9TwH2LqSAUQM3tKudujDAzLFstVjvyfcag-c6J-MXiA0jPz5288L1xpvSzyZ0HHtygr0wGpD5EyO2gJAA2DX3c0K6xX2fihl234_HdfmoiHIQWoVRQdszPVwDwCM86CRsm5ZhA?fife=s16383, https://mymaps.usercontent.google.com/hostedimage/m/*/3AE5a_Gw7MpuUxZSobq5Z-H0fTkV_qSU5sp3-xQW_fVHR4Q3ifyMik-W9FQw6tP88qANRi5wDZw0h2GxidEcShommf8BN2HInK5LIxJBfbUR6DOU7cQdbPkq8TRpeWCbpOK4b28toWq8fZ2mMUjK2kd_sjZETm_XkhWhT24sAnEzAHJML05Uxmojsho97M5xlYHxY7UNAFhqjg9VURdU?fife=s16383, https://mymaps.usercontent.google.com/hostedimage/m/*/3AE5a_Gz6MnmbRHdc7A2WgK7UbNv3vt19qfc25dew4OpkXEREko27QWK7ejniE9NLCRbh5-8jNVnDwUF1zgWoYauknl0BFU9m1yjrtJ6UG4JXxSfu6HPMDvDXiJcJ6EgZqoMv0GaywkxYroGCfphQXC3gaGEy-USddv4oPW6u7-fyMYDRoj5H3nqiEzvbLmX8H7bj6vB4CJpZ09OZ9EE?fife=s16383"
SEPTEMBER-OKTOBER 2022,Tanah Longsor Desa Paweden Kec. Karangkobar,,Tanah Longsor,"Desa Paweden
Kec. Karangkobar",Rt 04 RW 03 Dusun Petungan,"-7.297333, 109.714167",-7.297333,109.714167,"Senin, 10 Oktober 2022",18:00,Hujan dengan intensitas sedang ke tinggi yang terjadi di seluruh wilayah Banjarnegara mengakibatkan talud/ tebing pondasi logsor,1 Rumah milik Bpk Siswanto(2Jiwa)Terancam  Amblas .,nihl,nihil,"- Cek Lokasi
- Pembersihan material longsor oleh warga sekitar
-Pondasi untuk sementara sudah ditutup terbal
-Koordinasi Dengan Pihak Pemdes untuk membuat Surat Laporan Kejadian
-Menghimbau kepada warga masyarakat agar selalu waspada dan jangan lengah saat terjadi hujan .",,"- Perbaikan bangunan rumah yang rusak
- Penutupan tebing longsor dengan terpal untuk sementara",,"- SRU 1
-PKL UNSOED GEOLOGI",,"https://mymaps.usercontent.google.com/hostedimage/m/*/3AE5a_GyjkzgzPclYfOj5Pr21BqLlgmYPZ2izmjExprs6Ci69uuY8xtwrcnqgmJmTKILhh7ujJC2Op6hExdG9t2nqjYU8gbivw__N1fLZJYmUjFe_TO9NYSy-vS4HTh8xwKM564j0QzNq-4fYr3I9cdMEZsXzhmx4yEvIbn4yXGvXPtP9DTOnIK2YhFFhly1-w1Q5UqLZNRHDuKkB70Q?fife=s16383, https://mymaps.usercontent.google.com/hostedimage/m/*/3AE5a_GxmBvKr6wBbdxuVMcCpWP0p3BB5m-4Zn3T6z6hohPxbTnwWe67r2IpwKkJ4qoXUiNyeodQnztfGMScR5ufy8Pm903zqPI517fvSq_qMSueZ5fiS1vEuFtbhWi1WkuyQ06y9lbXKtfjHXHHOBnvFYJXmGCYrZgqgant7JaCLf0DJi6Rqoi-um01PIDM6wu-Po97dH6hZQbdaqsM?fife=s16383, https://mymaps.usercontent.google.com/hostedimage/m/*/3AE5a_Gz73A9iWtrgopS74flHd3lryX3ajKCXK_eOlEAnsZCy8HXfH4TuF38HElvdfjLOGDpNEOG8D_HPhz_vK2G7DVMO2LejGD2Wd4eNvG9aujwA_8vy6EHEX81OGBRS7DJhoGKwT21m9_RaBu2pyaNgKXJL-jKdD76fZd9_kz5Jr-18rcwyJy_jZpUo1d8SKgL7N4F-E4ntAqrxH0g?fife=s16383"
SEPTEMBER-OKTOBER 2022,Tanah Longsor Desa Slatri Kec. Karangkobar,,Tanah Longsor,"Desa Slatri
Kec. Karangkobar",Rt 02 RW 02 Dusun Slatri,"-7.284667, 109.7075",-7.284667,109.7075,"Desa Slatri
Kec. Karangkobar",17:00,Hujan dengan intensitas sedang ke tinggi yang terjadi di seluruh wilayah Banjarnegara mengakibatkan Tebing setinggi -+ 5meter yang Ambruk. dan mendampak rumah.,"1 Rumah Rusak a.n Bpk. Muslih
2 Rumah terancam a.n

Rumah Bpk Muslih(5jiwa) roboh sehingga menimpa bagian dapur dan tempat ibadah. Dan mengancam 2 rumah yang berada di atas tebing yaitu milik Bpk Hartono(50thn) dan rumah milik Bpk Muh.hanifudin(3jiwa).",NIHIL,1 KK 5 jiwa a.n Bpk.muslih mengungsi ke tempat sanak saudara.,"- Cek Lokasi
- Pembersihan material longsor oleh warga sekitar
-Koordinasi Dengan Pihak Pemdes untuk membuat Surat Laporan Kejadian
-Menghimbau kepada warga masyarakat agar selalu waspada dan jangan lengah saat terjadi hujan",,"- Perbaikan bangunan rumah yang rusak
- Penutupan tebing longsor dengan terpal untuk sementara",,"- SRU 1
-PKL UNSOED GEOLOGI",,"https://mymaps.usercontent.google.com/hostedimage/m/*/3AE5a_GzYDKpFlyh6mPfMZru6PywHm9Vex-fhPTjg7jVTbfpGcVU0WPVcRX-n_K4sZX-ft9ffkhmv3TSuorCrrmIzQJ0i2g5QpD2k4aK-nQ033pYkwIY5RdD67gDB46bH-6Medim49hbI2lHMDHBqSg30q4GE_ZZT5pZIjpqd_n5pqj7JRhC4jtUaojjNS4aUVLQWat6lYx7m6IWDXg?fife=s16383, https://mymaps.usercontent.google.com/hostedimage/m/*/3AE5a_GylQgsYGyrgQ6ApOm7owqtX22U2qEg0KIOPO6gpeRbHn7x7S-RcwAEZus7AmWwX2pn9wxP1Lr4aQ-Ru4CsfoP1d0SOdDEKUg2FrTVZVRfyMeu0H3whM0q08J6QuACZRtEXzvyo-OK4lwTdFBRMDcMQXAhaKZivNOISaPShjV4g6yN7I8eNq2oCgFuQx3MEoCwmhnjCI0cg60Q?fife=s16383, https://mymaps.usercontent.google.com/hostedimage/m/*/3AE5a_GxusNYoxf6GnhmYZvjSdPJf9kLOUhwNSfe-stkmHYOAwIknJOJNopF9sqd0sUDlFLgdHF01ImAf5ZzxPz8A954MGHF3BYJ1R4zE13TzCWf1bI_El3MdCXUaKo3Hls00BgvlgoHfW7upMC_3F6p-TkHGNVzktV4suij-6tOodqUzGEnveilgRhpN6Mxwv9z5NCDCMNt3FADKTA?fife=s16383, https://mymaps.usercontent.google.com/hostedimage/m/*/3AE5a_GzIe6cKTczNKJ309QMUcudOastr6F5FLZB-7EqWqxt8-vxPRicrQyvryRh6X6c0KFy-ifYRaAhkYg5EU-X4BfANKwh-OxRXBdUjdcPOtkOJxW6VxZQAzVbFu_rDv803zmeqHE8NJPuf3sI0JP0mXyN-pOYiBpr35AWc2nqjAgaJ3rNsYVU_4yclffd1uGTNMaYlzFQVNRZ_cQ?fife=s16383, https://mymaps.usercontent.google.com/hostedimage/m/*/3AE5a_GwN2IxQf7p93U0uYh-UFxRf03gXXrrvkq-O5zkcDlzX4odp076QWlEeKZXZJMQ44s4ZdLj_EWXDlXiFcORu9TtDG5SlrV085XeVDoKVcMwPl_058RZmfuiJ9loDt3PECEhh6qByuRcFDihKAQk4RHAFDRUcNDz2ycZughXYJriLBnMOAqwuTL9n4TE96vhzwclmWBYzPgtGGkQ?fife=s16383, https://mymaps.usercontent.google.com/hostedimage/m/*/3AE5a_GwQLVwglBoXE_gKyYWOXipw8_iFefTiEnZ87iT7pCSGZQT3GN2t4k3L44furDcfrjDYv79sd1Pss_CAzV9a0gVKtkD88GGH87I8hB99oH8Bgp1T2-jLTy761qr2w0jGeTZNq949rSodoz56zmiHHjFtb8CfBd_ztARfsoxusA1aR7B9wcek7Zk3ZnwIwPE2FNQlaymr4nkt0Vw?fife=s16383, https://mymaps.usercontent.google.com/hostedimage/m/*/3AE5a_GyRwWl0GcH6sJyUpnEfnZ6Hf6LoDLJb1oAxI0HkGX-6_ux-Rb9uL1nbpQSNdewUUGpBOSC9Sgcqh7zxzQwLDXKsqxxrOvimnXTlrkIOlpsykxn-WX_CeRT7NBSZEzONuHeDqmA-3kwshu7LF831PHicAu9pQjN_jPEHDHS09YrqS_kc3SG5hfWfj_VYLFHv5ckVZMRApDm7PQ?fife=s16383"
SEPTEMBER-OKTOBER 2022,Tanah Longsor Desa Pagerpelah Kec. Karangkobar,,Tanah Longsor,"Desa Pagerpelah
Kec. Karangkobar",Rt 05 RW 01 Dusun Pagerpelah,"-7.2883333, 109.6991667",-7.2883333,109.6991667,"Senin, 10 Oktober 2022",16:00,"Hujan dengan intensitas sedang ke tinggi yang terjadi di seluruh wilayah Banjarnegara mengakibatkan Tebing setinggi -+ 5meter yang berada dibelakang rumah milik Bpk Cemplis (1 jiwa)ambruk dan menimpa seluruh bagian rumah,Kondisi terkini untuk bangunan rumah sudah habis.ibu cemplis mengungsi ke tempat anaknya.dan mengancam 2 rumah yang berada di atasnya yaitu milik Marhami(2jiwa) dan 1 rumah yang sudah kosong.sebagian material mengenai bangunan rumah yang berada dibawahnya yaitu milik Pak suratin(3jiwa) pada bagian Atap","2 Rumah Rusak Berat
a.n 
- Ny. Cemples (1 jiwa) kondisi ambruk
- rumah kosong kondisi hampir ambruk

2 Rumah terancam
a.n 
- Marhami (2 jiwa) kondisi terancam bagian pondasi
- Suratin (3 Jiwa) kondisi terancam atapnya",nihil,1 KK 1 jiwa a.n Ny. cemples,"- Cek Lokasi
- Pembersihan material longsor oleh warga sekitar
-Koordinasi Dengan Pihak Pemdes untuk membuat Surat Laporan Kejadian
-Menghimbau kepada warga masyarakat agar selalu waspada dan jangan lengah saat terjadi hujan .",,"- Perbaikan bangunan rumah yang rusak
- Penutupan tebing longsor dengan terpal untuk sementara                                                          (Ibu cemplis)
-Keperluan  Sandang Pangan Papan. 

(Pak suratin)
-Seng
-Kaso 

(Pak Marhami)
-Terpal",,"- SRU 1
-PKL UNSOED GEOLOGI",,"https://mymaps.usercontent.google.com/hostedimage/m/*/3AE5a_GygbcSvb8vjs676ukAKBksw_cUysAfbkUXS1o6LmVm2UEFWOMngCx1QquiCCeZ5ymc5raHGnZ6mOw1dwp95WJbzIQbN10d4OxouiRAQggBlMLd6ckvbX4F9p1FqUuDUk_iw7YzaAeYXak7ZOdJ1eD2GSL0bOqigWkqseysdHnbM2MUy_EdOCA07DHFcJ1z0jN_dgChEBaNgCA?fife=s16383, https://mymaps.usercontent.google.com/hostedimage/m/*/3AE5a_GzrU6iWnlJ_tr8Cbn3w-sZnvHvheIm8xwwIzSlervDvCLsxOsDaWyjBwBMOZqJ-mTgu7a03WcWk_M0GOwJY5LlPcgnpz378jDDMMfqaQsPri-NiCU2BOqyDjq-7zni7kzGt730yGf8yVSaS-m5yEOWncJz35RYVbB4qyXRLGAd4iOtpjrYxmGCe72dTuHXtoMn1oxgMtBQj2g?fife=s16383, https://mymaps.usercontent.google.com/hostedimage/m/*/3AE5a_GxPIfMdzlEgPYJP_YGqMbPrwJxuXCY7xmm9OE2Ea5kWWm-46f-5ohTkWxpWN780cvK99a5xxFpiXHobDFQ6ONeKny19mxDC1y4mKZnhBoRZhnKa81WSKjyys_jQ_I6k2nL5PO4FgYvtJwsqm7PFa2y936Xup9Es5iUOvs0hPxNUTal2h85waQGGZ4TLSg4oQrOt2TzZJ8K_XLA?fife=s16383"
SEPTEMBER-OKTOBER 2022,Tanah Longsor Desa Pagerpelah Kec. Karangkobar,,Tanah Longsor,"Desa pagerpelah 
Kec.karangkobar",RT 02 RW 02 Kadus 2 komplek jengkol,"-7.2901667, 109.7005",-7.2901667,109.7005,"Senin, 10 Oktober 2022",17:00,Lokasi berada di jalan sebelah lereng. Pada lokasi lereng sangat curam dengan kemiringan kurang lebih 60-70°. Pada daerah Banjarnegara yang intensitas curah hujannya lumayan sering. Air hujan tersebut membuat soil di sekitar lereng menjadi jenuh dan terakumulasi di area lereng. Akibatnya area lereng akan mengalami pergerakan. Selain itu di area lereng vegetasi yang ada seperti pohon salah dsb merupakan tanaman yang tidak bisa untuk menahan material berupa soil dan bongkah batuan. Sehingga area lereng menjadi tidak stabil dan longsor terjadi.,Akses jalan semakin sempit,nihil,nihil,"- Cek lokasi kejadian
-Pembuatan Pasak
- Koordinasi dengan PEMDES untuk membuat surat laporan kejadian
- menghimbau warga untuk waspada.",,- Penutupan tebing longsor dengan terpal untuk sementara,,"- SRU 1
-PKL UNSOED GEOLOGI",,"https://mymaps.usercontent.google.com/hostedimage/m/*/3AE5a_GyailzWenoOTfoPHYJQuA0WEIrh7JFOgYf213RbIjBKyu0hVIHRVaaI5Um39mkApRN7JDIraUtCIXjqo25G_d1AKqNuTCfRjQ7ZIPkHT0v6ZWktZSISbA_XHNnUGWDUuX8Q2CYTV6MAHKGoiW-ziqWtQbKPvwr3z1FuMcrpQFjmuXXZm-dF5citMedl5heYL5tiZEuNjQkU5kY?fife=s16383, https://mymaps.usercontent.google.com/hostedimage/m/*/3AE5a_GxPgS9XkjTkzTntvjAhwA-2W3gNUOkYj9lR-M8lLxrvUNTUl8oPIrkSrpa-iXbbw2wkcuYJYTrdTDHLYCqqFs2lqjPcmt9RLEY0cdF1H1b3H8a5q0Cj1aCz01rIHCQwUbfptND33_wYt7LdImM4D2vOATKBOfc2y4_54HrDlmWspo9Eo3MGKhCbgq916qRNstSP0Y3FgUWtygA?fife=s16383"
SEPTEMBER-OKTOBER 2022,Tanah Longsor Desa Sipedang Banjarmangu,,Tanah Longsor,"Desa Sipedang
Kec. Banjarmangu",Dusun Simbang 03 / 01,"-7.320185, 109.661001",-7.320185,109.661001,"Senin, 10 Oktober 2022",18:30,"- Hujan deras di wilayah Desa Sipedang terjadi sejak pukul 12.00 Wib, menyebabkan tebing belakang rumah setinggi kurang lebih 5 meter lebar 3 meter dengan kemiringan hampir 90° longsor dan tidak ada korban jiwa.
- saat kejadian terdapat 5 jiwa berada dalam rumah.
- Longsor bagian belakang rumah dengan katagori terancam",Satu unit rumah a.n: Slamet ( 5 jiwa ) terancan,nihil,nihil,"- cek lokasi
- pembersihan",,,,"- Raib Sekhudin, S.ST, M.KL
- Sutrisno
- Anif Khamidi
- Agung Septiyanto
- Intah Cahya Rahmadiyani / Magang Geologi 
- Satria Arif Rahman / Magang Geologi",,"https://mymaps.usercontent.google.com/hostedimage/m/*/3AE5a_GyGWDiSa_1yyUENIKGqls5PsZHllIUBeRp78EEhIJM7XqFdB-3PYK-UkcM7PljjPRrzf_TSy-e7JJTSPl3S5_84VS7RmoPABYtZR8A8NbpNzD2vF1y9hrAprA0s-NQeEcCg0vsdbsfo0bkoiwNrddw0uorbnYj6mlrie3Y1lcaqZWMF6e5OlrhADnHNme2Xj_foOUJWC_L6M1Q?fife=s16383, https://mymaps.usercontent.google.com/hostedimage/m/*/3AE5a_Gx10L6bZk-30HgqTUJsBYYiBnj0M79D59q0T7pPY4cDIYbBgYiqxVhXuq95r_QutVCcFT74KLhE-QIPBOB7lV7wbQOD58vpDIYbqprUuTKocqMW8YIUFtw7atX5Ocp3u3yfpYhqFfQVfxKF7QUK0XD1fEnyhoA6JrfPNdISDsUzN4tHCzgtEPV4YbzO-a_dVjxleiccUeKtLQ?fife=s16383, https://mymaps.usercontent.google.com/hostedimage/m/*/3AE5a_GwGgownOt9a0WnmgCobfQ5a0ZKDpyiEUBZFeVa6QA7q4Pw5WBrNXPLnB7DYJuVbRLqRksBWAEYIS5mHZyWlHZQKYuX4BI1n_HfdGl3jZrme60zd1H_WdgKfbby_VpKHypL4c1Csy-zubVfYtvbQd2Mhs1pK04-ho0S7bNZWUMBv5krstGJ3lxdeXqrqVMZseRq03h7-zyaQzw?fife=s16383"
SEPTEMBER-OKTOBER 2022,Tanah Longsor Desa Metawana Kec. Sumberan,,Tanah Longsor,Desa Metawana Kec. Sumberan,"Dusun.sumberan,RT 06 Rw.02","-7.315495, 109.793617",-7.315495,109.793617,"Senin, 10 Oktober 2022",18:00,"Pada hari senin,10 oktober 2022 sekira pukul 14.30 WIB turun hujan dengan intensitas tinggi sampai dengan pukul 18.00 WIB, sehingga tebing dengan tinggi 10 M lebar 5m longsor dan pohon tumbang sehingga menimpa sebagian rumah bagian belakang","1 Rumah rusak sedang
a.n
Bp. Aridho (27) tahun / 3 jiwa                                         - Kerusakan Dapur dan Kamar mandi non permanen 
- Kompor dan alat perabiot masak 
- Alat dan perlengkapan mandi / Hygen Kit 
- Total nilai kerusakan +- 3 juta rupiah
- Tebing jalan terancam longsor susulan",nihil,nihil,"- Penebangan pohon di area tebing
- Mengungsikan sementara penghuni rumah 
- Himbauan kepada penghuni rumah untuk selalu waspada dan berhati-hati selama musim penghujan","- BPBD Banjarnegara
- Destana Metawana
- RAPI Banjarnegara","- Perbaikan / penguatan talud dan perbaikan drainase.
- Perbaikan bangunan rumah yang rusak
- Penutupan tebing longsor dengan terpal untuk sementara","Nama : Efendi Destana Metagana 
No Hp : 085647600374","- Suprihno ( BPBD )
- Anif Teguh AR ( RAPI )
- Tim Destana Metawana",,"https://mymaps.usercontent.google.com/hostedimage/m/*/3AE5a_Gxpfywi63r3JlDPk_kJMNFq0C_sPwUv0lY0yUszIboVYJSh7ty2ZceV8s7ryGVMwNho7v-BzzwhGcTJp80a-pqYRkRDPzw74aQ2iGstGpwGWlMdLRGFKeVd882U0QsPm18Th5dgX_V0uNGEE_8j4G-7r7cWbHRfjXVA-2l3P0qDGXLTZy_ubgupxNeWAieplLLTAyzRG4nGTTU?fife=s16383, https://mymaps.usercontent.google.com/hostedimage/m/*/3AE5a_GyswJdpeKkaQBrrK_IEmrg0V-LCoDDvFRr4fm0turDUq3zO3pzMIxVLHQF6xslCJ3BVpcH5Vm2cT_TmBuh0MUB0q0Wa1-6vgFuzWCAk0x_vTsHTsNX_0DJK_WS6PhxDs7r3WuD3MI_hdyjorGEUfwpR_SWn23Ex-gCBS-sz3jAgOCMSBbu9U_iVplzMZI6Ibrl9GBzHVZzYCHM?fife=s16383, https://mymaps.usercontent.google.com/hostedimage/m/*/3AE5a_GxSuHcsWcZ9GESwSpldu5a8rEP2we-7vm9P1MsEz5h6Bat_BGS37t04FLqV5-aDMKAbt3gdnYlCpjm8sVKeBqwksx1nQlT02YgIBOdji8tB0SpC_YAwP31f7Z0bUU7vcouy72ZNNNQpewg9cdnplFlx_YbDlH-xkJkNW6dY-jNvYM7gv9jFM3x-msc8znKuH2SvWfdGr4Rnc1A?fife=s16383, https://mymaps.usercontent.google.com/hostedimage/m/*/3AE5a_GyDPKAL9uJcrRWYfErLCAFiiWNHBpgQKuoi6KSWbbMGw_MA54Ur7CqYdggrF133JZRr2E2aobv1dAlbvdSVwwwSQxoDg0W7WPQOMkv6CHbQasArZI3kNalsgHtyE_5aGqtriAtglZbwRQIAHeOlj5RwOk03ETcXy743q4A8hud4hu5F_2BTKO6h_TMLQqRr_Txjx6XZv_HJNg?fife=s16383, https://mymaps.usercontent.google.com/hostedimage/m/*/3AE5a_GySMJkQQwHmzsutHrdpezk8c5q5cYtapfVuVjmxoaX_54WEKSTbcMTv7kG_S2BNLSCggUsOWgGWJppIIWFzhTT4jAnjlUGUjAlE0YBOKGuEWVmaHOMGAx71ApikXVAtveawp_Tpm_wUMwCSODm0VrCsGqI40pSJfHmzN66hdAc7xYcpk8A0NOG9tdu4fS4q4yizh2fmgcZv-g?fife=s16383"
SEPTEMBER-OKTOBER 2022,Tanah Longsor Desa Sinduaji Kec. Pandanarum,,Tanah Longsor,"Desa Sinduaji, Kec. Pandanarum","Dusun Tegalreja, Rt 02/04,","-7.2905609, 109.5874052",-7.2905609,109.5874052,"Senin, 10 Oktober 2022",16:00,Hujan dengan intensitas sedang hingga lebat disertai angin di wilayah Kec. Pandanarum mengakibatkan tebing +- 8 M lebar 7 M longsor menimpa rumah bapak Maryo (55 Thn),- Dinding/Tembok dapur jebol sehingga tidak dapat digunakan.,NIHIL,NIHIL,"- Assesment 
- Pembersihan material oleh warga setempat
- Droping Logistik",,- Himbauan bagi penghuni rumah untuk selalu waspada selama musim penghujan,"- Mas Tanto (Kaur TU)
- 082298927320","- Slamet Riyadi 
- Alamsyah Tri P","> Permakanan (Mie Instan, Gula Pasir dan Miyal Goreng)
> Non Permakanan (Kasau, Triplek dan Seng masing"" 5 buah)","https://mymaps.usercontent.google.com/hostedimage/m/*/3AE5a_GxdCARhtkyowwApQzC2Uf51VM2c4pZ59lG-MC-jSDbzBqBQPn3L3pVUHP8lMaRI57e0fUVZLK4Nyn47Bg9Nfr0pnEVjDWuPgC5g7z-xYu1mkS2BWcbQyVUmqAiZF4DmCTrbzqDAhZDeY-z6zWfs1l7HZtKcWBhtukQrIW7j4hBY7v9uRHR4T-kJe40v7b53jy5JbvlYkn8mxA?fife=s16383, https://mymaps.usercontent.google.com/hostedimage/m/*/3AE5a_GwCsMe_GFOsKUY00Xk2xZk4Vkwpbapa9EgygyVQ8L_zZXz9k-7OMFeAeprrTVaklQD8byqk2pmNp1V35JBYfpujRCiFmio9zEyhB_-zeYoa7JZ92XiDhYGDxEghB9e0UCu6So4rDk-Erz8cplcW1GG9cxAmzst9J_QzvQLHj_UiIY4MXfFC4iI8tIGQmXILf8Xhbb9R_VVVYQ?fife=s16383"
SEPTEMBER-OKTOBER 2022,Tanah Longsor Argasoka Kec. Banjarnegara,Kelurahan Argasoka Kec. Banjarnegara,Tanah Longsor,Argasoka Banjarnegara,Wanasari RT 01/01,"-7.414585, 109.696905",-7.414585,109.696905,"Minggu, 09 Oktober 2022",18:00,Hujan Deras trjadi Di wilayah Kec.Banjarnegara Mengakibatkan Talud penahan Bangunan Rumah Milik Bpk Fery Arbian ( 40 th) Dengan Panjang kurang Lebih 20 Meter Tinggi 5 Meter Longsor.,"- akses jalan ke Rumah Mengalami Penurunan kurang Lebih 1 Meter
- tembok Rumah Mengalami Retak Retak 
- Mengancam Akses Jalan",nihil,nihil,"-Himbauan kepada Pemilik Rumah untuk Mengungsi sementara Lokasi yg lebih Aman demi keselamatan apabila Terjadi Longsor Susulan 
- Menutup area jalan yg mengalami penurunan Dengan Terpal
- Pemasangan Trucuk Bambu",-BPBD KAB.BANJARNEGARA,"- Logistik Permakan
- Karung",Feri Arbian ( Pemilik Rumah),"- Heny Sularso
 - Ahmad Arifin
 - Daryoto",,"https://mymaps.usercontent.google.com/hostedimage/m/*/3AE5a_Gy7PG4DYsIWOThi8brH_qkCj-AiD63mDUg4fWhDy9YtM18uVJXoxDHZOS45hlKs1GU3SjdeS9y9auuTNg18_G9ZvIiBwwOV71fQ9A9DyBDyUSQEqcD5SxmMcdWdoZJGg56gWQTqyyP_6-kaTzA-Yjn4_NDFbTGuqElXY0_fEoEfEidt1mSJ_AiDwuQRPFGp6DHpd5cIJZVPxe4?fife=s16383, https://mymaps.usercontent.google.com/hostedimage/m/*/3AE5a_Gx-EoXwwtgmzrKfYXJdBEMnFFCPlhO9JTrMAsDZMjN8136KWeuraFp96oYIKBfHElIf1IWx7Tn3yZ_nZp7ySYZJwVJ_WHr6TsqwKGf6MuGdq68IpTKHVH-yLBCktiMRKAcbH99ZijWjQjtt3chD9L1ecICU9LifYuIuppVgn4L6Srl8OTMdqlqg-3g4KMiiYM4w9-SZwTcS62s?fife=s16383, https://mymaps.usercontent.google.com/hostedimage/m/*/3AE5a_GyNmPpYd3hVZiJcj6JpR4r2U2RO4i6YAow2F09FJDpk_0Xi5sK7Z01Bm2epJhNoAS2g2Cb-x6E9y55dhQVQxU5enL2D9jUqQZrx1bKptNx70szJrHeeH3XT-l4PvBFtuQYRLQ15-E9_tMfjXoHoO65HC0_Ib_5o7slu1vx9pjylzyamanwom-IRQJWvFzes2eiFLGT17pQM8A?fife=s16383, https://mymaps.usercontent.google.com/hostedimage/m/*/3AE5a_GyW6D1M_IsxDpBBqn-n7f3pauP2kgCp1XWDAwLT1eftWnGodnFEcZJ4uE0L2EangFs92ExsldoCwd9vXP7kwLlyf--wwVM2RQjvwVXBsd-W7BMZGs5J0jZ80dwMqJdAa0GvTgcQ8AxPZ0hdRDtXogS6QDgLRQVVk_PMJkagE96OsECCJjx1iNQONAyeNKvbAHbPvMF7zKWsCQ?fife=s16383, https://mymaps.usercontent.google.com/hostedimage/m/*/3AE5a_GyifOTwb4NvFTkI61jy-FpKPuPEY_gPRuAD6MvMiBDk92OEtzGxG9z54yxvjPOl5kLxa8PkbzANXGBHNYTQxKPi_8AAycqLT6fZxvyb_Y_fG0OSzIDUFEkwwdok7vTaU7kFEAEMeswA3lWHQvS2md_z3DxCSRa86mVJkRI_8jUncaQM90yVqBPlItx3QKBOBc_Jr42L5TvvbQ?fife=s16383, https://mymaps.usercontent.google.com/hostedimage/m/*/3AE5a_GwgJf07-G3DyQwtNKhu4EuoTcA523M_RKlGYGp3MfDLUAzzqP3Euf_Hr2nMGIHoE4O5Xu3D9jOG7F6YrSlhdcACMrAVsvOY9ZLSxyVkG2DqOr1kpfGBqubXGVuItZS9xm2MjtvAnzoRAIW9wPpes_wDuCf2cciIm7vIHL78T5B5dfrUaPhc9ztmUQz2H-hhsEKNfUnODmfaThg?fife=s16383"
SEPTEMBER-OKTOBER 2022,Tanah Longsor Desa Prendengan Kec. Banjarmangu,,Tanah Longsor,"Desa Prendengan
Kec. Banjarmangu",Rt 03 RW 02 Dusun Krajan,"-7.3011667, 109.6931667",-7.3011667,109.6931667,"Senin, 10 Oktober 2022",17:15,"Hujan dengan intensitas sedang ke tinggi yang terjadi di seluruh wilayah Banjarnegara mengakibatkan kebun yang berada di depan Rumah Bpk Aris Sunandar (4 jiwa) menyebabkan longsor, yang berdimensi tinggi 6-8 m dan lebar 5-7 m, dengan kemiringan tanah 80°, yang diakibatkan daerah tersebut merupakan daerah akumulasi air dan kurangnya pohon yang dapat menahan aliran air.",Mengancam rumah milik Bpk Aris Sunandar dengan jarak antara longsoran dengan rumah -+ 1 m,NIHIL,NIHIL,"- Cek Lokasi
- Pembersihan material longsor oleh warga sekitar
-Koordinasi Dengan Pihak Pemdes untuk membuat Surat Laporan Kejadian
-Menghimbau kepada warga masyarakat agar selalu waspada dan jangan lengah saat terjadi hujan",,"Droping logistik Permakanan dan non Permakanan,                       -Terpal 2
-Logistik Permakanan Pengganti Kerja Bhakti",,"- SRU 1
-PKL UNSOED GEOLOGI",,"https://mymaps.usercontent.google.com/hostedimage/m/*/3AE5a_GymNHdoOd_DP-9H9sYvX0X1WiNzsr0fYcbfaxZkp-kn834H-UHIu-MQUgmAKlB6yE53LUWdtrX6F3e04vGQUc5v_RItDW_6joTMcdG4s3IKzWWF2p02t8pzIleN5Dpail8Bv3cFn0nADkZyO0UXDPFD89xxESzMqXSVyYO2wH02T4QSgVg-Ml2izHCReia118lV7in-_qK2zA?fife=s16383, https://mymaps.usercontent.google.com/hostedimage/m/*/3AE5a_GwfzLH2pK8i0nGNpkmoR2_CYe94kHDocEJy_ILBEOAuzJTgE6M_AhXQEKPyOuaL7sgrS4aqNCEZl0OG45Sji13-n9dROikV99TyksmERHyP5S3LdMFmmI3sTlkHsEToRmMRKI3C0BAo4CAomWlFTO3h2UzQPs_-Ie0THE5B1Stnkreniob7VJdynarcXEV4_WMsa3c1FZ_A-g?fife=s16383, https://mymaps.usercontent.google.com/hostedimage/m/*/3AE5a_GxZImACv9RVBUqNBae5ehPNKg_OQFnXIYNbMFAoUtVUPSTIoEFToTqUohcBZ8s-DYHEma5Pw7dJQ1w_jDQntl58KiVh7L_bia2j2Qk57V3swNICsHQH21FKE8X_sIpcJ5aQZQk_gTIauQF9DlzI3eTI_z-aNmrkSwrUtWzmKbSlm1sNFbbHfKG5WEZt8pPgZuMOO8QMYh1C0R4?fife=s16383"
SEPTEMBER-OKTOBER 2022,Tanah Longsor Desa Prendengan Kec. Banjarmangu,,Tanah Longsor,"Desa Prendengan
Kec. Banjarmangu",Rt 02 RW 02 Dusun Prendengan Gunung,"-7.3001667, 109.6936667",-7.3001667,109.6936667,"Senin, 10 Oktober 2022",17:30,"Hujan dengan intensitas sedang ke tinggi yang terjadi di seluruh wilayah Banjarnegara mengakibatkan tanah longsor di belakang rumah Bpk Supono (3 jiwa, terancam) dan Bu Surtina (4 jiwa, terdampak) yang berada di bawah kebun salak tanahnya tidak mampu lagi untuk menampung air hujan dan terdapatnya batuan besar yang dapat menyebabkan bidang gelincir pada tanah tersebut. Longsor tersebut memiliki kemiringan lereng 70° lebar 5-6 m dan tinggi 6-7 m membuat batu-batu penahan di bawahnya ikut longsor",Berdampak pada rumah Bu Surtina bagian dinding kamar mandi jebol dan mengancam rumah Bpk Supono terancam longsor yang berjarak -+1 m,NIHIL,NIHIL,"- Cek Lokasi
- Pembersihan material longsor oleh warga sekitar
-Koordinasi Dengan Pihak Pemdes untuk membuat Surat Laporan Kejadian
-Menghimbau kepada warga masyarakat agar selalu waspada dan jangan lengah saat terjadi hujan",,"-Perlu di lakukan kajian ulang geologi 
-perlu dilakukan pengeringan kolam dan penutupan rekahan tanah.                          KEBUTUHAN MENDESAK
-Terpal 1
-Logistik Permakanan Pengganti Kerja Bhakti
-Seng 5
-Kaso 10
-Triplek 7",,"- SRU 1
-PKL UNSOED GEOLOGI",,https://mymaps.usercontent.google.com/hostedimage/m/*/3AE5a_GwTTuAyiel4ZwyoAm369qUVNeHXyccC2MgjOhfDhtX_jnA8EHuAm3vYIstU-kG8F9gM7w-3LGqEPy5SJAfa_bzRxdaZS7I21eWAskBu8Ob8ofLZR7CsxK5qUOMZwufT4OwRM68GHNwHHF_pXR_N7AU3UZRYWZb7WaiTqtk7ua9UPy9zgb90y8HcvvJPC5zjd-scuxjVQCb8ow?fife=s16383
SEPTEMBER-OKTOBER 2022,Tanah Longsor Desa Kebutuhduwur Kec. Pagedongan,,Tanah Longsor,Desa Kebutuhduwur Kec. Pagedongan,RT 03 RW 02,"-7.458554, 109.692513",-7.458554,109.692513,"Kamis, 13 Oktober 2022",21:00,INFO AWAL,INFO AWAL,INFO AWAL,INFO AWAL,INFO AWAL,INFO AWAL,INFO AWAL,"Bpk Sidik 
087837892508",,,"https://mymaps.usercontent.google.com/hostedimage/m/*/3AE5a_GyLu6Li24q0LEFXkSKcxEt0dRbutquE_gKIIG-jWR2TCVJfId8QNWkYwr1ILjvbeWsohrsJtgQUEnimfNuOUTI8P8VdNAsDuKKRt2L9MwIwSv17k2ft1Hu5zFHZ6-DpCF22mw5f7rgDWn63urzI7kIMu_kqncOskelgdKU0ckDpnQ5fxPRw44-6q0f86Mlni3b0o3sWprpXYw?fife=s16383, https://mymaps.usercontent.google.com/hostedimage/m/*/3AE5a_GwbfNaz8Xgzc73MW_VKOxIezHmE3DvmTH8K4B9cAue-NpfeyLRqr00p1z_yeCrfh1dYDY5m9kfBhEp2IkB-0k_ijWE_wkJ4-oHIw2mEnyOwq7HvXLEyNzfvendytNxlRKAIca49BHsDhCcoCPEtz5o6bez9EfVogmDOAJkMvgpkzo1We9MrtyIMd08R670bH4lqxwO02euygUE?fife=s16383, https://mymaps.usercontent.google.com/hostedimage/m/*/3AE5a_GwekGu2I7wzJRXNdRW6aO5G3iJwRzL-u70oItbkctNOtmIcW-Ui7WjXhJ95eanOnYR9pFPRNZbTqB1QZe86TDFPRBGt29EG7SjdPQq9NkkFgTxbYKeVPmvfkr-PH9xwigqf64EoDxGJnTqd2iifjDH-tRbpGfxQbeRF7hMeFFiDOSbSxjqUPpQY_EPbBDivjjm4hWM8XrDOK5Y?fife=s16383, https://mymaps.usercontent.google.com/hostedimage/m/*/3AE5a_GxE1Pt40vCHCJ2rVF4vun82z6i5Tue6ZuwtRxmfEhMphbWTHrpMz0VOmIslKcp3mQAO73Za3z4lG4lBFe7P2WiPO-JMU0B-vzTCJLxuZ8fkY6FZe_BTBTtV3i1A4lK57w8IxN2cwcYdVoklSgRICF6VWDcSb6Jtyv10rl1abLIhbTRm0m5If97tgLwIRwTgEe3DG154D0HHSQ?fife=s16383, https://mymaps.usercontent.google.com/hostedimage/m/*/3AE5a_GwDN_3WsTilSX5XuNlup5YW7kzfksv8Nku25HihugqHRR5eXKgoKSgz9qCHpG6pJabYSRFu4vtkrvxWbQgkcrkEw0PUNmKatOraKIrkSeowGC4wDhzAMTRvCGEpWcDEePZMRThsJvuTpNjFwjeS0sfmaEhnhsoGDI0r4v2src4wDL-EFxSsM3fGpnsx5a2ISwaX4iqtghnjKg?fife=s16383"
SEPTEMBER-OKTOBER 2022,Tanah Longsor Desa Plumbungan Kec. Pagentan,,Tanah Longsor,Desa Plumbungan Kecamatan Pagentan,Dusun Sirandu RT 3 RW 3 (Jalan Raya Plumbungan - Karekan),"-7.2886111, 109.7897222",-7.2886111,109.7897222,"Senin, 17 Oktober 2022",05:30,"Hujan yang terjadi 3 (tiga) hari berturut-turut di sebagian wilayah Kecamatan Pagentan, khususnya di Dusun Sirandu Desa Plumbungan menyebabkan tebing setinggi 20 meter dan panjang 30 meter longsor dan menutup jalan Kabupaten turut Desa Plumbungan, Dusun Sirandu. Dampak kejadian tersebut mengancam rumah milik Bapak Ihsan RT 3 RW 3 yang berada di atas longsoran.
Material longsor yang banyak mengakibatkan proses evakuasi terkendala, baik secara peralatan maupun cuaca yang tidak menentu. Hal tersebut sangat mengganggu kegiatan ekonomi maupun kegiatan kemasyarakatan lainnya.","1 ruas jalan kabupaten tertutup longsor
1 rumah terancam",nihil,nihil,"- cek lokasi 
- penutupan dan pengalihan jalur
- pembersihan material longsor","- Koramil Pagentan
- FPRB Pagentan
- Pemdes Plumbungan 
- Pemdes Karekan
- KSB Kalitlaga
- Destana Karekan
- Destana Plumbungan","- Kerjabakti pembersihan material longsor
- Membutuhkan alat berat dan pompa air ( alkon)untuk proses evakuasi 
- Logistik permakanan untuk kerjabakti","- Kepala Desa Plumbungan 
- Kepala Dusun Sirandu","Langgeng widodo
Supono",,"https://mymaps.usercontent.google.com/hostedimage/m/*/3AE5a_GwTp3SRg9UUEeDbc6iDg7mr1ROi5r8AapNguVQJcluuHloJ31OFHU5AVoT1Tk2AsTdGJoq_adGNhEqUjZAFkYAbi1iR4AfqOMXefJFZdyNbkP46FOPGpC4tW1hDfNPVO0IeAwiiJpVmVZoMoNT6C6nUij479Mag4OGQJFWYoN6GTG3uGCl9oqXYTRmhyQfV8v38xvnaZPV3kJ8?fife=s16383, https://mymaps.usercontent.google.com/hostedimage/m/*/3AE5a_Gxf1mJ-cwniclf3LN4GKLqKuunaP8LDhD_EWo7a6tVThYB1QdKx3vVTZN7SYLIcGsqioht2ne9CFeN4brV18JY42_QXclJGvHLTIsls9la1MFhAccBkxLdujshFabPuX9UJs9ClLZLBTAB83Gcz5yNJC_VpKCLv3ALoJLNIwzjF4xw5REWMNb2_wsr3ikEZ1RDmCJ4Ya9fwCII?fife=s16383, https://mymaps.usercontent.google.com/hostedimage/m/*/3AE5a_GyBDmVn12LVLkMwmI1PW3DpmUS_87QVmtp2neCMZxHDl4nu45HyjwE6xwoelBvW5aHXfGBJsi-SFR1_9qdksbHXJ3NPyo-ah7_8bQpvFRIMADEe1JoE0NFbi1xj-I1c8KJiEv5-JFfNrMk70A2LN6XszL9cDfgOcYtaMtD9bm-cc9ZShw_Ny4JsUG8rdCtNppK4d7bZMkyWHyE?fife=s16383, https://mymaps.usercontent.google.com/hostedimage/m/*/3AE5a_GxpUVDEiUGqw0f0srpr5mxvN5wWwRG2IKIuppVDrWH71fTVrmZYvRalx7pH-nHsxpgq9av7iYyrp6cqF1VSS98oCgWWVBNOeObqTEVAoslThB2GcKB8WWgusiRwG9BejDmAeGGssNAg5GH9B6vwFgGFGGpKdFejx5-aZlYUa_2a9IAoKhVFtIJz7ou7xbc4-8FjbLQWLuD-aGU?fife=s16383"
SEPTEMBER-OKTOBER 2022,Tanah Longsor Desa Sidengok Kec. Pejawaran,,Tanah Longsor,Desa Sidengok Kec Pejawaran,"RT 04 RW 01, Jalan Kabupaten Sidengok - Beji","-7.237651, 109.837102",-7.237651,109.837102,"Sabtu,15 Oktober 2022",15:30,Hujan Deras terjadi Di wilayah desa Sidengok Kec. Pejawaran Kab. Banjarnegara,- Akses jalan Beji Sidengok terputus amblas sedalam +- 8 meter panjang +-250 meter dan jalur Beji Batur sementara dialihkan melalui ruas Beji - Gembol Kec. Pejawaran dan jarak TKP longsor ke pemukiman +-130 meter,nihil,nihil,"- Himbauan kepada masyarakat yang dekat dengan loksi longsor untuk tinkatkan kewaspadaan ketika terjadi hujan dan menarakan tim destana untuk pemantauan secara bergilir untuk ngantisipasi terjadinya gerakan susulan
- Tinjauan dari DPUPR dan di dampingi oleh Camat, Polsek, Koramil Pejawaran
- Rencana Pengalihan jalan di sebelah kiri TKP ( teknis dan pelaksanaan lebih lanjut oleh DPUPR ) 
- Tinjauan Kepala Pelaksana BPBD di dampingi Kabid Kedaruratan dan Logistik BPBD Banjarnegara
- Koordinasi dengan Pemerintah Desa Sidengok untuk mengambil langkah - langkah :
a. Pembersihan material longsor yang membendung aliran air / sungai yang tertutup longsor
b. Pembuatan dan penandatanganan kesepakatan lahan warga yang akan di jadikan pembuatan jalan di sebelah jalan rusak
c. Pengukuran tanah lahan calon pembuatan jalan
d. Selanjutnya untuk tindak lanjut penanganan dan pembangunan jalan sesuai dengan progres DPUPR",,,,"- Aris Sudaryanto, S.Pd. MM.
- Andri Sulistyo, SOR.
- Suprihno
- Daryoto",,"https://mymaps.usercontent.google.com/hostedimage/m/*/3AE5a_GxfWsw5aWk0CZ1syc_QDrofKuR6DLB36080_vbwZooiUxOT1U5yVxIRIOSEcffz49MI92mnKuJodjb4SA8vzfI6Uw5YT0D7KwTixrq4t-ZnEI2Nk1xkFRpBZAOKC3VuollSIDsiJ2cW_GD2m_xdKaHh219vLoaCfYHaW8aWSaWWqwC98j36uGCIf9dUB9sARiGOqHKNs3J8sEE?fife=s16383, https://mymaps.usercontent.google.com/hostedimage/m/*/3AE5a_GzmgMF_bkEwk6R-6NmZaCbCihd5sthkdwJ8-Rj2yWGwdXDiNlh1Hzf2H0UPTm1YQ6gY_tV4UksrqYfiEbcZp_2eWsTdwpHEWBXmu9OYufHl59tTdD2w9XjitT7i5uj8yzEorRLOZ8UQO6ltJvUclo_WilrPs0yhmh5OkBrF9thaaefGDKp_n4p_wOpNVvJ8KyuZ7zn2Ct1CJls?fife=s16383, https://mymaps.usercontent.google.com/hostedimage/m/*/3AE5a_GxegRdKzQU4OU4Me0YFi9sFq9EASbqD8mnirOwsvPlgnUDkriY48Iu1xrUdVBiy74NmL9tDFg2tSC8H6dMAGNK0raWiNmRpC3LoTffh_ohrrFA7FcTO9fgKsMWWzhMYNFyff1JZAT55H3i1HV0m11PNbE4nJampZlwqnNqb1F1tHc0Pn-ZYXuiLd63-Qm67zvDYEhuwQKfjDQ?fife=s16383, https://mymaps.usercontent.google.com/hostedimage/m/*/3AE5a_GzAJK-lsdE0_CMugEIGQBpn4A_0CwzNSj89P1SYgdZ8qEzbQ6sYSGQ0LFN2OGh4F8jGjCcfoH6orMcnQWlrU3X26GJsjyf_7vMA3yA73mrSzBz9PKqO-iTmTJz9cTsm0pJN93Rz4Wk8ZS_r8X635bpFT_OJi56CBB9xImzvgDWZ1jENGXSpx9O_YOG_JwtvZCTjjw6Q18_VvVU?fife=s16383"
SEPTEMBER-OKTOBER 2022,Tanah Longsor Desa Bantar Kec. Wanayasa,,Tanah longsor dan Gerakan Tanah,Desa Bantar Kec Wanayasa,"Jalan Desa turut Desa Bantar- Desa Suwidak, RT 03 RW 03,","-7.308847, 109.739198",-7.308847,109.739198,"Minggu, 16 Oktober 2022",,Hujan yang terjadi secara terus menerus selama 3 hari menjadi pemicu tanah longsor dan gerakan di wilayah desa Bantar dan Suwidak,"1. Akes jalan Bantar-Suwidak tidak bisa di lalui kendaraan roda empat dan hanya bisa di lalui kendaraan roda dua atau jalan kaki namun harus ekstra hati-hati
Kerusakan jalan bervariasi hingga kedalaman amblasan jalan mencapai 50 cm sepanjang 100 meter

2. Togor dan kabel jaringan listrik bergeser/ tertarik kencang sehingga menyebabkan putus jaringan listrik ( mati lampu pada perumahan tiga dusun )

3. Gerakan tanah berpotensi meluas ke pemukiman warga dusun Alian Desa Suwidak",NIHIL,NIHIL,"1. Melakukan penutupan pada retakan jalan dengan batu dan bekas corcoran jalan serta menabur sekam agar tidak licin
2. Peninjauan lokasi oleh Forkopimcam Wanayasa 
3. Sedang perbaikan jaringan listrik oleh PLN","- Kec.Wanayasa
- Polsek Wanayasa
- Koramil Wanayasa
- Bataragana
- Desrantana
- Warga","1. Kajian dan Assessment lanjutan oleh dinas dan instansi terkait
2. Perbaikan Drainase dan pengelolaan saluran air
3. Pengalihan / rekayasa akses jalan untuk sementara
4. Laporan surat resmi dari pemerintah desa ke dinas dan instansi terkait","1. Kades Bantar
2. Kades Suwidak","- Agung Septianto
- Suprihno
- Ilham Febby ( PMI )",,"https://mymaps.usercontent.google.com/hostedimage/m/*/3AE5a_GyOwZIfs9psrcqvk_9OqLHfADPmKQqtzU3TLx_tsJhjX1fNDmgcSjXVLi26Pu3Kn7uUhdia8DN46-XkPKpY7iad6_RJlJzjtug7EjqS6dMtLx8xgT_xO6saUwbTzWD7Dd1809Fi8owsL98dIgVbNCvQ-Zod4_6-dRT-K2qn5ae0v1ksXqaPHTIU-_2XBTMqTFYyyhiTw0IhwA?fife=s16383, https://mymaps.usercontent.google.com/hostedimage/m/*/3AE5a_GwrpcfMM3AfK1Du-bojz8EdoMuJVu_v4GRGffCSy1Br0mGVitusnA2w7enYFqccCzpcMQi8qYREqLxvTI70ccWLDpa0CplCU0ANuvdP7taPAwiSytptUkuPXgXhQpuhxsQXALu4MF_KWsas7j2WDpnZ18_sMHVG1TQhev4ruqD6VtnZmyuBjj6EMDc_GMgsuHmA6GqyeESLkg?fife=s16383, https://mymaps.usercontent.google.com/hostedimage/m/*/3AE5a_GyblHi7OjAt2P_IjE_SEOLjrBSaeg-zcWl8YlSVieEh3IsxJR7mf0Wpz-2ImgGQd9jyftAU1Jj-D_Dgu9glwakVqyRVk3McFTiykowR47Arw3C6p6Rv_12nplGqhfFbgqix0uEqK9DIsIhQco9DsocA20BXdeXGUHOMyqDiyGp4sN4PMzEOvVnUVQJawlC_rEkX4SXr6n4YNMQ?fife=s16383, https://mymaps.usercontent.google.com/hostedimage/m/*/3AE5a_GyEM35V2Pk0OMI4FZos9v-pp2wYYWbL0FR7GZbk1ryZcyY9cjwon2lmUB9-WabWyY5sBcA5SO7fplS2b9bPTKlQuH4XDK4PFQIra8AM_Ep19GO42IF1rpOwKw7n15cZncJ-tS1LsYKoIQgmWkLJZVASGY6JOhdUyS1FTpOVktXS_sShNQHvPToUyV4nLp9w8Tko8SfhaOLCBWA?fife=s16383"
SEPTEMBER-OKTOBER 2022,Tanah Longsor Desa Jembangan Kec. Punggelan,,Tanah Longsor,"Desa Jembangan
Kec. Punggelan,",Dusun Gemanti 06/08,"-7.312009, 109.57969",-7.312009,109.57969,"Sabtu, 15 Oktober 2022",15:30,Intensitas hujan yang tinggi kemiringan lereng berarah ke arah timur dengan lebar kisaran 10 meter tinggi tebing 4 m dan jenis tanah dilokasi tersebut menyebabkan tanah longsor yang menyebabkan tanah longsor dan dua rumah mengalami kerusakan pada bagian tembok.,"- 2 ( dua ) Rumah mengalami kerusakan a.n:
1. RUDI S ( 5 jiwa ) Tembok belakang rumah jebol terbawa longsoran.
2. SANWARDI ( 7 jiwa ) tembok jebol terkena material tanah longsor.",NIHIL,NIHIL,"- Cek lokasi
- Droping logistik.
- Kerja bakti pembersihan material.",,,Jarwadi Destana Jembangan,"- Sutrisno
- Jumali
- Anif Khamidi","JENIS BANTUAN DROPING
- Paket sembako
- Hygent kit
- Triplek 
- Kaso
- Matras
- Paku","https://mymaps.usercontent.google.com/hostedimage/m/*/3AE5a_GyhEDKHS7_GgQZUHJcVPf5xxy25fahuYoZfGPNE3t9fQjES-4hd2M8Lc2twBpPa-gJHSLSVODoqskd-L_CTNIG2k6xLH2L4bA5YbA78bvHPVGR89sOsFS18wdV47lXVWNM-XcRGkareADJb85NdZUl3ScFJhUKBV6kIvYtNKbeW766FAnBBQfh2J8LfuiOyd_pMI60SMzp1jTA?fife=s16383, https://mymaps.usercontent.google.com/hostedimage/m/*/3AE5a_GxK2BGvmyCKRYZlUUq_h_xUJsLgWP3P2oxdtzC3_NykTv5hJDFtwBRNClfWsNTDiwuHR79rXKaOauMmtrbdrf8c1ZJcSMQjZDKkG4f798Fne1fhN9JHc5MbpiMLWOHjiusXNcH7fDObXrpTg8y1qjMlTz-_Q3238XXmBG2WA32Cd1EK8g3U8e6OEoU17reHX-Dg3cbt7EcfVw?fife=s16383, https://mymaps.usercontent.google.com/hostedimage/m/*/3AE5a_GzVbqR59BrWRSuqGYIOd-2_ncx9bPRdVjfW13psDPDn_elMxq6jxXO2EfmGSHyzzF7TdaDs3oUgfIRs_HaY8CM4mSqq0dR15BeuGXU01HHPGJjug04ffT0tmesyT0PXb4Mxk69QdM-3BYm7011AoKSGoKYiGzIX2pHEXImC3ZyMhYKSpdnFlyASEpRT9akWxwKJ3d_68iaUDg?fife=s16383, https://mymaps.usercontent.google.com/hostedimage/m/*/3AE5a_GzICy-aUHoKIIOcS4COs14SrQdr9n_iMtZdiUaa7O20ndhKYxYdU9fNW8dic7LZdtRWuLt8OAELUvq8bwTEOicWTnEGEwfdL7kf06euV_BWoOJqWVSAOLlSWlzMJYVJJRZER3yY4NjMzx5bSLP6VgEY0wPL3lJZMdZSnK2-VtR7QTPNRNFCsgMqRapLHh-75QFTD5wJUJ4Nwyg?fife=s16383, https://mymaps.usercontent.google.com/hostedimage/m/*/3AE5a_Gw5j-q2ylbH_Z8oAEyy4sJhUFMgfLm5zLGf1yLyNOnHDTorXnmHqLr-gbhYx20PWCfOl0katZ65Tzih9EEUZ3K1nIIT2EJ0EJh_90p6vwLj3y8mTKqGbf-sh8awzjmUYOWjhMWkcIMvp4YNCCfAWPJlDJjDCEl1AgKOAsVJTf8IGpA9pxTcE9RjII6R2jRqbjdyY6HyZIrlMqM?fife=s16383, https://mymaps.usercontent.google.com/hostedimage/m/*/3AE5a_GxlCmj8rTfU0C8cMa_YjkpQR_NYT6idD9HRwIQoP-Cpkm3EpdX5-E0j2Yp-edDhk-XZV-lKj3TIoHg_-TWmOPga0qnmCWK7Ioo4xmFe3cPZV600sIZApwQIKYdVmE908x0jgeLpSEDWX0VHOn4voZzNxPRAr3QNTsg_aHYHhd-97bIWwl0dgJ3rHQszsLs7mZOgB2qG8EgaDQ?fife=s16383"
SEPTEMBER-OKTOBER 2022,Tanah Longsor Desa Pagentan Kec. Pagentan,,Tanah Longsor,Desa Pagentan  Kecamatan Pagentan.,RT 3 RW 4,"-7.3025872, 109.808838",-7.3025872,109.808838,"Minggu, 16 Oktober 2022",06:15,"Hujan yang terjadi 3 (tiga) hari berturut-turut di sebagian wilayah Kecamatan Pagentan, khususnya di Desa Pagentan menyebabkan talud rumah longsor. Yang sudah ditandai dengan longsor awal pada hari Sabtu 15 Oktober 2022 Pukul 16:30 WIB. Kemudian pada paginya longsor susulan terjadi yang mengakibatkan sebagian dinding rumah mengalami retak-retak dan membahayakan penghuni rumah.",1 rumah terancam,nihil,nihil,,,"- Assessment lanjutan
- Kerjabakti pembersihan material longsor
- Terpal, dan 
- Logistik","- Kepala Desa Pagentan Abdul Khohar
- Kepala Dusun Agung Nugroho",,,"https://mymaps.usercontent.google.com/hostedimage/m/*/3AE5a_Gyvo9pmNhjh1QD4-h8_oMGl5aQ-SY8TFwTFbYlh-xyU2t_h7DN-d4T7UrLo8_F_BZaRHjWHCTQxhb_utuwfF-uskDmtCYJGw-1agUUzXEiHWhLFggg9MEOPFztYZAZRhHehxxjEw_S_gANEVpdIxw37z3G8mO8AM6giCl88jpCEh4Ym9H_7kYuS_taRoYwzHkMY-kxVPrZiBQ?fife=s16383, https://mymaps.usercontent.google.com/hostedimage/m/*/3AE5a_GzW7ciIk8DxvJXezItWdXPho6DTridBwxk8Jkrp7lBt4EGYAFk5wLBA5AGuJM-pqpK5--yobu4Pb_OVkKWasZYOdMc1wkg10LtX0heSjB2izckB0qN3JFk88olA_98mZ8pZojukOKqUiiFhiQVyynevbj7NuCeXGEWGsIxrG4rkxPVer01dBdH7LhrPxvJhxJcwRqimFrrVoj4?fife=s16383, https://mymaps.usercontent.google.com/hostedimage/m/*/3AE5a_GyeC1G9ZH6VMueC6xwKVFCIIlLznvROdEb8U6F1Vx2ghvjlNHge7fkySWEM3Dy_OYIp1gZ0Mj6R8zUWzw2UpTKnCziN4DsyNOyN9_dCyWf4eC0esk_2FJlsKUCJDN1C0cBGgY8wUVo5J-rM__aPCMaeicVFp6L1Q2auC1I__j48pdXFp1poLdmIdGncgdhLEw_IsAlk8x0mlw?fife=s16383, https://mymaps.usercontent.google.com/hostedimage/m/*/3AE5a_Gy1ogAGAJYPivr-dvhsPn-5JktPEO1O3yOq4xxPI4i4wsiiV8ya8qQ-9LLCSvFY1sLLtmxEjtxmKh1_81cT0VtKH9B91na1lx1KLfyZGce7tPwi3xycEjOZa7ChGUicoVGwdKcjY96fiXhKfeMthvtktQXlbucCKkKsikCX8PnH3loAuosfNUXcWgjjlezr0Sy6Boehwv3HTTM?fife=s16383"
SEPTEMBER-OKTOBER 2022,Tanah Longsor Desa Karangsari Kec. Pejawaran,,Tanah Longsor,Desa Karangsari Kec Pejawaran,04/01 Dusun Jambuer,"-7.254151, 109.779215",-7.254151,109.779215,"Sabtu, 15 Oktober 2022",14:15,"Hujan sekitar wilayah Pejawaran Sabtu , 15 Oktober 2022 dari pukul 12:00 - 14.15 WIB dengan intensitas Deras yg mengakibatkan satu rumah milik Bp. RODIK yang di huni 6 anggota keluarga (5 Dewasa dan 1 Anak anak ) Longsoran tanah yang bersebelahan dengan talud rumh Bapak Yusup Suhartomo +-3 meter dan saluran irigasi","a. Rodik 38 th / 6 jiwa
Rumah rusak ringan bagian belakang 
b. Soenarmono 84 th / 6 jiwa 
Rumah rusak ringan bagian dapur",NIHIL,NIHIL,"-Pembersihan material longsor
-Pembersihan Saluran Irigasi yg berada di samping rumah Korban.
-Pembersihan tanah bekas longsoran yang ada didalam rumah
- Droping Logistik
Logistik yang di berikan :
- Paket Sembako
- Kaso, Triplek,Seng","- BPBD Banjarnegara
- PMI Banjarnegara 
- Kec. Pejawaran
- Koramil Pejawaran
- Polsek Pejawaran 
- Kades Karangsari dan Perangkat Desa 
- DESTANA Karangsari
- Tim TRC Puskesmas Pejawaran
- Warga Masyarakat","-PERBAIKAN SALURAN IRIGASI
-REHAB RUMAH
-PENANGANAN TALUD
-PEMBERSIHAN TANAH YANG MENYUMBAT SALURAN IRIGASI, TANAH YANG MENIMPA RUMAH DAN PENANGANAN YANGLAIN.",Yusup suhartomo,"- Agung Septianto
- Suprihno
- Daryoto 
- Ilham Febby ( PMI )
- Matullah ( PMI )
- Ahmad A Farizal Ali ( PMI )",,"https://mymaps.usercontent.google.com/hostedimage/m/*/3AE5a_Gxn3ZquwjkBqSNsPB-jzNEzsFw_E7IkQ8Yrw2Rjt2RWrmokJUU5BxgBo86wVV26vDKn4ay3BfChn2CFuA6wBn4YHEZF8K7qhWZ2FgIy7NaTvdvzqJWe_xKeFzPZd3d_ZN3f3ftztT2ThxFjUxTOZjroGE-U421C9hGetFYwJck9kJnzzy9bQxBqoL2VA8iwQSeBIdi3T_SujPI?fife=s16383, https://mymaps.usercontent.google.com/hostedimage/m/*/3AE5a_GwCjs73NoL6-5Rgq37Pn54be2DZdwS_hNFrI1iSmHT9UgcEbJnA9USZZe8MGPBtBod0oyVOPPGAms24bV5sxOIfvFoKOL4qG9MHy4CyrKqSH6Yz5TfCwvJWuaTkH_CGluNvBr28fSlLYjrRuM1mgL79BIGk9cDI81h0QsIfJIpeOMatkHszK5SLfP-MvLNVWF0ApNv654OE3w?fife=s16383, https://mymaps.usercontent.google.com/hostedimage/m/*/3AE5a_GwnBCI0R3lSqxdKdQ_k-slWhcRzf4KRmffTpBFG9HH2MiK6SdMcQ_iUXWb3QRDcAfXhkiXI2NYPpTU-Wpx1--PKz5mgHB3laj71F64AdEbHd7mzhIgBLu0bVhVVkQAIbkC_qhxLRoU16m3SC3FlG7497oNwYMbXO_Hm9H9Hv8FQp9iaBtak5R836qafl0j2auaP59GFEP2yqQ?fife=s16383, https://mymaps.usercontent.google.com/hostedimage/m/*/3AE5a_GySA4RMYZ2v1djsOAQi5kuu8Eh-C5Ds1izBBCYPrjZ3XhPFeEVCvchZHpqXJ-FpmXtz9Fr2RZz2etVyeKf-3XMaMPe3BnQPXrMO1SkJ5vpxffLn79SwM-MkeTN3mwOs2Dkbb4Fk_twjjQSmEZx3O2HOE0EuCPlr2O_p2HnRMRkdOkFmjCDb-8XyQKvrUfxrkczHSXPFqxQM8HI?fife=s16383, https://mymaps.usercontent.google.com/hostedimage/m/*/3AE5a_GwQkFSbMx4YmnFd2ejBzLq2uK0usjBSDHoDA44k3NXQGqarDCX41R_ocPQ3g5XbJ8Egl6boesogA0XaP_m4M3-V9KREsNnze84dZPnotSnb1pHlJQsAXpNpbbJhe8CXRNxViHhUtW7iQTmulHlpUQdKERxaUjVTlV-WrU3qEoNhpFCQIngN6w8KkrFl2qECZxxNI_NyWkRCcA?fife=s16383, https://mymaps.usercontent.google.com/hostedimage/m/*/3AE5a_Gx-c55iBAmKHZBtvWhZQKcIHZEFoatH9eVpFZi4OeC18vvNyokwws08nmFD5li6Px4B4ajTqUrowJ1-AH-6Z7RsGCYcrb_14qzuoyMDu5BeB_O9tPpYlMFctSFfiQOiV8VfALoNOTAnYUnqdaAXaKCiP3HTjp4bKwJYt-rVuJXiVKzDGny6lrLHLJpkWNowNLhpzM4KxEh7IGc?fife=s16383"
SEPTEMBER-OKTOBER 2022,Tanah Longsor Desa Biting Kec. Pejawaran,,Tanah Longsor,Desa Biting Kec. Pejawaran,"RT 9 RW 2 dan RT 5,4 RW 1","-7.25261, 109.784172",-7.25261,109.784172,"Sabtu, 15 Oktober 2022",17:00,"- Hujan Dengan Intensitas Sedang Hingga Deras, Mulai Pukul 08:00 WIB Hingga Pukul 17.00 Mengguyur Wilayah Desa biting & Sekitarnya, Menyebabkan *Tebing setinggi -+ 20 meter longsor yg diatasnya ada bangunan rumah milik bp.marsito di rt 09/02.
*Tanah longsor dengan tebing setinggi -+ 20 meter di Rt05/01 desa biting yang diatasnya ada bangunan rumah milik bp.yasmudi.
 * tanah longsor di Rt04/01 menutup salurah irigasi belakang rumah ibu piyah..","a. Tebing longsor rt 9/2 menutup jalan kecil menuju rumah warga dan belakang rumah bp.marsito rusak ringan.
b. Tebing longsor rt 5/1 mengakibatkan kandang milik bp.yasmudi rusak berat dan hewan kambing sejumlah 4 belum bisa dievakuasi dikarenakan tebing sangat tinggi.
c.tanah longsor di Rt 04/01 menimpa saluran irigasi belakang rumah ibu piyah.
Kerugian -+ Rp 10.000.000",NIHIL,NIHIL,"- Pembersihan material longsor
- Droping Logistik
Logistik yang di berikan :
- Paket Sembako
- Kaso, Triplek,Seng, terpal","- BPBD Banjarnegara
- PMI Banjarnegara 
- Kec. Pejawaran
- Koramil Pejawaran
- Polsek Pejawaran 
- Destana biting
- Perangkat desa biting
- Tim TRC Puskesmas Pejawaran
- Warga Masyarakat",,,"- Agung Septianto
- Suprihno
- Daryoto 
- Ilham Febby ( PMI )
- Matullah ( PMI )
- Ahmad A Farizal Ali ( PMI )",,"https://mymaps.usercontent.google.com/hostedimage/m/*/3AE5a_GzW7g8-hS2fIq8JcKys1r48piAVPagEWSBqBPDWDcgoM_XYYK5jvNud_BCAnktV0LOm5vVdJWE2odueVh6w_KiEpcIHbjdbNMItk7O8nMIiqzAhXLO4MDtAPQuNfObrA0Q5RPmtqfQ_BwmQgThQVrS6ifQm7NAEwOqHRZLmV4Si4bfwcGIodIH8ylHDZV0dGPd-LSJRAF3iqw?fife=s16383, https://mymaps.usercontent.google.com/hostedimage/m/*/3AE5a_Gy-lLMo9VOBYd3DzJwPn5uSW-ESJK57pZ94bnw2zQtITDtr3myHnUbLnZDrmaNcOzNf4G4Mo0L7e6DIlArl3W0svlDy1oSM_2JQVr8d-KSxW8spBH850fDyQJirgB5DDotJGWDb1-rX5Ds7WfeSV9jPDCePj3zMOosQF6oIF3ZyZNWQ4pQ-utQmJDOHUiDN8IJjrJ5q-ynFoDU?fife=s16383, https://mymaps.usercontent.google.com/hostedimage/m/*/3AE5a_GzYnRknqPR1yBySCfRh-oaI1TNF_rIGOtWMx4TUyrfcDc_cKacmy0_8Xk98pbL6RkKOG8JMcNdB_p38ac95hpN9GNT03y0ubDRG6VAu326PSCIrAmGf1dtz7f12cMxOcHNQIoUcAjnvYMziL-u_hhPAdVIddkykX0457Ax2kGk9PNLTlHj0bJ5h-HKiRxCBhioGb9TOJc4hvcA?fife=s16383, https://mymaps.usercontent.google.com/hostedimage/m/*/3AE5a_GxMXjJuzOqiLBLaNX3zraxI5BXP-ekuEAupJMwtAEJVc7gnc9O6DVQzDwU2BbZozGz3kvegbKmC6fMqzzPKcthOX1nIAJwa_TTvETl_keZ_LNkFlFfKlloB-QS63J-QKyDIGuWfJPuO-6SgvCnA2wGgN0mkXY6fl5NLRxIgihCV_KxcmJozE4kzmi9Et_SZhO_rPGiQkRVvrA?fife=s16383, https://mymaps.usercontent.google.com/hostedimage/m/*/3AE5a_Gz8fIg4IdIyl5bSzNAF6qEdZDNAZTtSJZnZKCBZpZL3tSRg89PgIbjibGOnJbYh7cVu5D0g3GgZwKHVvyhBLfQHB0HU9NMii_-Qn2eIMfer3Pwl-tTCyGOpL8zRMle_K3l7UyelEjLVFsBiKmA-ONL7WQlEk4bXUfV6fN1qecH6iRfCwd7xH0etcO3E0N6FzL1-mZS0Fix77w?fife=s16383"
SEPTEMBER-OKTOBER 2022,Tanah Longsor Desa Sidengok Kec. Pejawaran,,Tanah Longsor,Desa Sidengok Kec. Pejawaran,Dusun Kubang RT 02 RW 03,"-7.235244, 109.827128",-7.235244,109.827128,"Sabtu, 15 Oktober 2022",17:00,kondisi umum hujan deras di wilayah des sidengok dan sekitarnya yang berdurasi dari pukul 12:00 sampe pukul :15;30 wib yang menakibatkan tebing setinggi -+7meter longsor menimpah rumah,"2 rumah Rusak ringan
a.n
- Nedi 33 th / 5 jiwa, longsor menimpa rumah bagian samping/ dapur
- Wahno 39 th / 3, Tebing belakang rumah longsor menimpa kamar mandi",NIHIL,NIHIL,"- Pembersihan material longsor
- Cek Lokasi
- Droping Logistik","BPBD KAB. BANJARNEGARA
- PMI kab Banjarnegara 
- Destana Sidengok 
- Polsek pejawaran
- Koramil pejawaran
- pmdes sidengok",,,"- Agung Septianto
- Suprihno
- Daryoto 
- Ilham Febby ( PMI )
- Matullah ( PMI )
- Ahmad A Farizal Ali ( PMI )","- lonistik permakanan
- kaso 7 batang
- triplek 6 lembar
- alat dapu
- pak wahno 40tehaun (5)
- Kebutuhan 
- logistik permakan
- kaso 10 batang
- Triplek 10 lembar
- seng 5 lem lembar
DEMIKIAN lAPORAN","https://mymaps.usercontent.google.com/hostedimage/m/*/3AE5a_Gyu48LtQibPlX4ZJKOLLKZGn9OaYr7lsPV-hddhYWQakNXuYsh3thaxYwWVpNIxssBe-io0ZCJt2ahb3dzyL7HluxV3SSLqhBhwX9Gu7IWIVwYIl5l5u4SKHIWsqXlbYpZR1mQoECY_pPfISIoyZSJcXZhP46ayZ-EGMGxXNwIZVzjVWqQ8Of7E-f-c7jdthIBonaAsqG7vGA?fife=s16383, https://mymaps.usercontent.google.com/hostedimage/m/*/3AE5a_GxJ9U2uIM4jApSnLZwu_YECfvo-lwHISkxFOTLTBbCDzu34BQWTnMKt_W8L0sUjIogodnkuFoMNixktaBGbJPFNru267DizvDJvmWSyx8HPNsg4dF3DN5rjxIb62Jk03TMV9TwJ7bhAC5L8mnsj8MCCJ4fkeNeANw5XNbjt4l99h0faqZqvaAHhqiuFIx6IfYylTpNta4CXfGo?fife=s16383"
SEPTEMBER-OKTOBER 2022,Tanah Longsor Desa Ratamba Kec. Pejawaran,,Tanah Longsor,Desa Ratamba,RT 01 RW 02,"-7.229216, 109.818991",-7.229216,109.818991,"sabtu, 15 Oktober 2022",15:00,"Hujan deras dengan intensitas tinggi yang mengguyur wilayah Kabupaten Banjarnegara bagian atas pada hari SABTU 15 Oktober 2022 menyebabkan tebing setinggi - + 50 meter mengalami longsor, 1 rumah terancam.","1 Rumah Terancam
a.n Mahini Ny. 60 th / 2 jiwa",nihil,nihil,"- Warga setempat melaporkan kejadian ini ke BPBD Kabupaten Banjarnegara
- kerja bhakti membersihkan material longsor relawan beserta warga
- Petugas relawan BPBD melakukan Assesment
- Menghimbau kepada warga masyarakat untuk meningkatkan kewaspadaan.",,,"MA'MUN (PRAMULI)
+62 857-0016-5190","- Agung Septianto
- Suprihno
- Daryoto 
- Ilham Febby ( PMI )
- Matullah ( PMI )
- Ahmad A Farizal Ali ( PMI )",,"https://mymaps.usercontent.google.com/hostedimage/m/*/3AE5a_GzfRgDwJsBaoy4sSgOUWzTb6HuvTi0Z1-v3eKhtx0AdE_Un99kwSYMXTsqvr8SlTsRYOFzdxRi0P_DuK-mIhIBFaqW0RKXniiXizzPd-8AJeWUPjrmkdhZuXtvFGmrAlHTGKCoqP8izrrWkl6nM-fmXt6BWr4v-ADnNvbltQu8vSe4iTkbAfY-1jIt1o8Q2TdemfL_xxzazbYM?fife=s16383, https://mymaps.usercontent.google.com/hostedimage/m/*/3AE5a_GwJYM4E-4GSMHJsDGj_giAzRTGm-0X3QsdgPPhEcYgSHqD1VK3cedW30_zkC_Qtnicd3qvzqyl1-2dKtCSZOm3V2D84KQ2XUW1kJVHH9Q3Z8qdMDSBbZSEwgNQxV94EtCmFTjSkhDvPEt0xefRbGdyGOAHWR8kZc2faTy0vBM_euuo-RcbAKCwSBqaqQnrHsbvIVkPbwW1X5s0?fife=s16383, https://mymaps.usercontent.google.com/hostedimage/m/*/3AE5a_Gwr4bcUUY1vFJFTTwRcVATrQx96FooGJ-MR04R3gzcfAnJFmXn7ULMp2vXiBKmYBXgLgNN-iI2ob-YWu-ZVE43kf5ggOzBU7rF_zjn36XPt4AxBmmEbo8_S3QbA1N2_YalHUL2RnehBWDmsLjGe0JutwCjpFo-NUWGWsbyEQROdTJ-uln-TGR-D2EIEiR2P9wx_aT6mEhx-Bw?fife=s16383"
SEPTEMBER-OKTOBER 2022,Tanah Longsor Desa Kebutuhduwur Kec. Pagedongan,,Tanah Longsor,Desa Kebutuhduwur Kecamatan Pagedongan,"RT 4 RW 6, Dukuh Srisip Dusun Kembaran,","-7.476668, 109.720355",-7.476668,109.720355,"Selasa, 18 Oktober 2022",01:30,"- Hujan terjadi sejak beberapa hari dalam waktu terus menerus di wilayah Kec. pagedongan
- Terjadi tebing tanah longsor
- Perkiraan tinggi tebing 30 m, panjang 30 m. Kemiringan 70° - 80°
- ditemukan rekahan
- Jarak lokasi ke perbatasan kebumen sekitar 500 m.","- Jalan alternatif jalur kabupaten dari Kabupaten banjarnegara, Kec. Pagedongan menuju arah Desa Sebara Kec. Sadang, Kab. Kebumen, tertutup material longsor.
- perkiraan material longsor 540an kubik. 
- perkiraan panjang material longsor : 30m, tinggi rata2 : 3 m, lebar : 6 m.",Nihil,Nihil,"- Cek Lokasi
- Pemantauan 
- Penutupan jalur","- BPBD Banjarnegara
- Kecamatan Pagedongan
- Posramil Pagedongan
- Polsek Pagedongan
- Perhutani RPH Watubelah BKPH Banjarnegara
- Pemdes Kebutuhduwur
- Warga","- Pembersihan dengan alat berat segera mungkin, karena memutus akses warga antar kabupaten.
- warga untuk tidak memaksakan diri untuk lewat jalur terlebih saat terjadi atau setelah hujan dalam waktu lama.
- pemasangan rambu2 kewaspadaan. (Akan difasilitasi oleh perhutani)","- M.Masrur
(Babinsa Kebutuhjurang)
+62 852-9313-9012
- Ibu Iis Widyawati (Kadus IV/ Kembaran)","- Suwito
- Tsaibun Nuhud",,"https://mymaps.usercontent.google.com/hostedimage/m/*/3AE5a_GzYOkyClXqXasji5e2bdJWqgIbgB6OiPCO8bUAxasdDTcbs856JMHapPd4QoCJ2fq2PUckz8q3aViY4w2U8mq0A9ml3mvrvj6bP6UR6GRW4ZFZV539-mqIjgzMY6IBLwVRnZ26xCa2kdswNciAFFD7_UDiMm6qhO4mYYhuWVw4fgKbLAIIe0LbJr2MkK_k-bDw3Rb2Xjd49ZS0?fife=s16383, https://mymaps.usercontent.google.com/hostedimage/m/*/3AE5a_GyMl7hxInIvJMdpbrdDp9rXrSe3H79ga7k23t64yTGrDTGoRo6gmAVJwj_TwjrPEPWTgvGogsE4Gi5GURdwH0nnJt7YEzrqP-mRSQaUkVu365NwOTXBjhozYeaKunaIi_GIVYV2YVYOJm59lDl9Y9wEA8fHg-6phB5Ps5K9NT7jp3PnCh2cmHmoJq2nhYenEUoN62a0VGGv-F4?fife=s16383, https://mymaps.usercontent.google.com/hostedimage/m/*/3AE5a_GyS0680o2FBwDCwfMTFT7ZN2J0mCebJzIpPnq7_WLJoTNsV2V-CKhqB8MT9S_ZghycZ-4jLFYgoLpn4yy3MRK5B3-YVzoK0i_CpKaQ9eP-hPyhOIQaOUz_wwzxtW28iPSBK5yY7GLyDHrmExyNJI4X3t8BDeyC_az72hf7_Hg328Sj2QDoAcEl_h1rrBKClShXma8AjAyvxNQ0?fife=s16383"
NOVEMBER - DESEMBER 2022,Tanah Longsor Desa Dermayasa Kec.Pejawaran,,Tanah Longsor,Desa Dermayasa Kec.Pejawaran,Rt 03 Rw 04,"-7.269037, 109.809755",-7.269037,109.809755,"Senin, 28 November 2022",14:30,Curah hujan yang tinggi dari pukul 12.30-14.30 WIB yang terjadi di desa dermayasa mengakibatkan tebing setinggi -+5 Meter mengalami longsor yang mengacam 1 rumah atas nama Toharman Tuslim,1 rmah terancam,nihil,nihil,info awal,,,"Kades Dermayasa 
085225854578",,,"https://mymaps.usercontent.google.com/hostedimage/m/*/3AE5a_GwXAw6cA4P38x5VI6ipNE8d2rEYEzPQL0lnnWa2XegpSYklyaUWrI4hWmiIRnPMsNFz1zZkgIPAqnAL6TqUwwvAG4A3gORVQRXdQ0-v1m3ZZxQvUYjlp6Er9mntpwWSdbHmcXOfU5CxCNDkYpIw1xn8v8R34HgLnY9jiXaT-J6AMtZTdQp7B2eGpAdHLRY0_jtxGthtdoCvSA?fife=s16383, https://mymaps.usercontent.google.com/hostedimage/m/*/3AE5a_GzgYQ-g3B5GfEKGArPFbmc8_Rvl7XE1C4d4ALapaAPXIiqAqgum-UOUmSicrwL69PUM856DWiKfERg7XJsH_5ocOAbMs644IjXmwJ3VYCbdYwyKTz6hgg-JdTwKhPOJPYuddb7iW3KHNA6DgHx43sCO9b4WIc1u7qaKD44w-ZGPyfICt1gC00sYFHYT9e_75bxhavPteA6J2A?fife=s16383"
NOVEMBER - DESEMBER 2022,Tanah Longsor Desa Gumelem Kulon Kec. Susukan,,Tanah longsor,Desa Gumelem Kulon Kec. Susukan,Dusun Watukampil RT 04 RW 09,"-7.1931973, 109.8049148",-7.1931973,109.8049148,"Minggu, 27 November 2022",01:00,Hujan dengan intensitas sedang hingga lebat pada hari Sabtu pukul 20.00 WIB - dini hari memicu terjadinya tebing/tanah longsor dengan kemiringan -+85° dengan tinggi -+ 7 meter dan panjang -+11 meter dan tebing tersebut sekaligus digunakan untuk pagar dapur.,"- Dapur milik Bapak Choerun ( 1 KK 6 jiwa ) ukuran 5x6 mengalami rusak ringan
- Data pemilik rumah:
Choerun ( Kepala Keluarga/ L/48 th) 
Jasinem ( istri /P/41th) 
Alif Firmansyahrian (anak/L/22 th) 
Bayu Rizal Efendi (anak/L/19 th) 
Septi Agustina (menantu/P/20 th) 
Taufik Wisnu Nugroho (cucu/L/ 3 bulan)",nihil,nihil,"- Melaporkan pada dinas terkait ;
- Cek lokasi
- Kerjabakti pembersihan material longsor;
- Menghimbau kepada pemilik rumah untuk lebih waspada jika terjadi hujan dengan intensitas deras. 
- droping logistik","- BPBD Banjarnegara
- Pemdes Gumelem Kulon
- Sekcam Susukan
- Koramil Susukan
- Polsek Susukan
- BTB ( Baznas Tanggap Bencana ) 
- Banser
- Warga sekitar",,"1. Perangkat Desa
2. Choerun ( pemilik rumah )","- Heni Sularso
- Yusmiko Nur Azis 
- Widia Dwi Kurniawan","Droping Logistik 
29 November 2022

BPBD
- 1 Paket Logistik Permakanan
- 2 Dus Mie Instan
- 1 Set Perlengkapan Dapur
- Kaso 8 buah
-Seng 5 Lembar
-Triplek 5 Lembar
DINSOS
- 1 Paket Logistik Permakanan
- 1 Dus Mie Instan
- 2 Pcs Biskuit
PMI
- 1 Paket Logistik Permakanan
- 1 buah Tikar","https://mymaps.usercontent.google.com/hostedimage/m/*/3AE5a_Gx7Ahg1_jcqHBLOEwRhQV1-KRMatMpw-4kuJ_pcktnimfsvxk-RhASPy_S8DR4eAFmoSHXGYaMJDDrkmUrO5pk7SLsNvGF1gSFj4JWJx7nkoJI7npiWB0Km-9JkvHKfCWj9TKHEhYX8XMquTGJJUcJCJpwJid_89Am_Ujx46ccncGynng50ymKqPjd6Nmt4VX9X969Nr5MHbmo?fife=s16383, https://mymaps.usercontent.google.com/hostedimage/m/*/3AE5a_Gxqtip7j010iWv0WxYGB8fTGZD3YiH3xnZwZXnY7u-22kjo8LddWjDu_f-Bfu8z123b7aAP1ugV02ds-AIzvrnmBKTw6FcNSGTS_l78WMkJ4iBoxJxG47-AVG1T8wFxvTjPOq3gpoZ1oF7VsCXvAZx9pijjcqzqWgtoE9H1sRrYXxXS1PavLe2858exu26hiukdA2f8pT1bfiE?fife=s16383, https://mymaps.usercontent.google.com/hostedimage/m/*/3AE5a_GzMfhywAXZK-83i79FHR_XmG6kr4izKZEebLhL40eCLUexiJDNUGCELklAfXIX-AehMara-S9x89CooPen_ZfQ0gbsEjCwO_AwObc__oLImsBVfvL0ALHAvV5Xk3FZVLq4hmkG9j3i3luQd6FnRsZGxFYfoTFD11gppaibOxpTMTVZsnZbtaDIJ9AFJL6uOWx3MSloNz5Qqfbw?fife=s16383, https://mymaps.usercontent.google.com/hostedimage/m/*/3AE5a_GzyMqxf7B2laSx3JxFVm1Nfa-yBA0hzmex0_dqwQ_B8DjPBcAkx2t6xN1HBF1OpQ7oHcC6I1w5RWu15AORlYW_OT2hS6WMhK9EzdFgiC9rxOV2z8TnYRvUoGLFvNlT58mtPgIzAEjCXIIZkptKpzqy7EggJCg41REB3cE7pOFavS8aZO-AZgnfT3wJGK1tYOTCem_r48oBcOzc?fife=s16383, https://mymaps.usercontent.google.com/hostedimage/m/*/3AE5a_GxJqGrBqn4DIygRa6EYLWN04bXrPxshReFhsmKk9dZp_QT_jYcnf6UTjMKVDlXOdBDEBai60uBw9BvPLYbw_D82vjngZPUvx-7O9LkubFkaxS1Qv48oRc3x7xn1wIvTymTiqtzXgEK9Ibf5T40kgN6KIr5p3VcMxSFU3GePtpuicMbsCCzV2V97PTABHPGbqLoxqtMjXZ4pZHM?fife=s16383, https://mymaps.usercontent.google.com/hostedimage/m/*/3AE5a_GyP_qdRBOrJhc9bkEGfKFYIB7Nu9opBHYE15o89j-76xSdol1PaVINt-GEU59RYIiVJOvO1o7Dma3xeUKB3t89aG_fGd_o9EYRh46eIwdh8oEK5Dx25x_GPQBIdsw9ZMs_AD0TnGRPqrx1RUo1p8ydXUSTZ80EotWltstUc-OPSt1J1I7Ae4pfVsIAfDc6IYle77zuZVsMYeCQ?fife=s16383"
NOVEMBER - DESEMBER 2022,Tanah Longsor Desa Sidengok Kecamatan Pejawaran,,Tanah Longsor,Desa Sidengok Kecamatan Pejawaran,Dusun Sitalang RT 02 RW 05,"-7.232503, 109.8367676",-7.232503,109.8367676,"Minggu, 27 November 2022",16:45,"Hujan dengan intensitas sedang hingga tinggi yang terjadi sejak pukul 12.00 WIB (27/11) memicu talud penahan tebing longsor. 
- panjang longsoran 5 meter
- tinggi talud 4 meter",- Rumah bagian dapur dan kandang kambing dengan ukuran 8x4 meter milik Bapak Sudiro (49 th/1kk/ 5 jiwa) roboh dikarenakan tiang/saka penyangga bangunan semi permanen yang tepat di tepi tebing terbawa longsor.,nihil,nihil,"- Cek Lokasi
- Droping logistik
- Pemdes melaporkan ke forkompinca Pejawaran","- BPBD Banjarnegara
- Pemdes Sidengok",,- Bapak Kabul Sebarkah (Kades Sidengok),"Sapto Hudiono
Disem Giri Lastono
Tsaibun Nuhud","Logistik berupa :
 Mie instan 2 dus
 Paket permkanan 1 paket
 Air mineral 1 dus
Triplek 10 lembar
Seng 10 lembar","https://mymaps.usercontent.google.com/hostedimage/m/*/3AE5a_GxVrgaKxiGF9m08tfi1fmNgqGaKamEAy8I_sWhusBKLb0huGLNznvzgJ_ReuI5BdzisI-wQDBgVGOhL-33kyp70Xhb-e4lPW581d3bnl9J3vqMhPu9Ivnp8gPrj4RYvg0WMUbt-4yqsfJTCtZ3AoV_rVds2TyGI_wv1_dpPlXU5VysmwB8cJD5K_6ikQqrfsPbLYDImKHmQZQ?fife=s16383, https://mymaps.usercontent.google.com/hostedimage/m/*/3AE5a_GwQekiy-Hd6LBRtx1KgZejTIaBs1F5uir70ZLZhCE_iA1tEdAgcYg_3Cn5rwyKcEjBW-DvKrnFs7rGSoxdN2SoSwcm_K5hgSkMkxPMv1ddzxefF9TCQVQetHaURYeVEL-5ri9FxEX3FpEoMBtkFXg84Epy4s_TizY10uRrLmaFrLjSeVOB6nty37C-edOGGyIwDE_zjLLXokw?fife=s16383, https://mymaps.usercontent.google.com/hostedimage/m/*/3AE5a_Gz6iNubBp27nrfWFv_ivKHWVcw2A1OVh8yYiXkn5Hr_t9bFE9kHtvR5vkDY0UsbZm0Mt4qA22tLxuT07ZXL_Gy1jEGWQJSp4bhCdJBiPZlBFcD_pCKcjLnHjJ_3x7LsnRQWj5rLn-YEBTAWXMM6HQyDvoo34jnijczM6LRwLtu4nrWrzEST4wlewAefZWCGO9dFdFAXIQyYVgc?fife=s16383, https://mymaps.usercontent.google.com/hostedimage/m/*/3AE5a_GxEb7runFQBXyupgb_jl_ocDXwsHodx1IGc1diELksp7-_8sNJZuhOYTY3TrcNNke1p6jyXgpr-zL44xsoquMvHhc1SxvJf45MS2V3VT0JJN81xnk8afJz1YzATVqkpCj8G9l6t84Fj5iFzAXjROG27Km0FBGUSx3ZCNrtSkka5Ve3JvHSmaz6FL_zwfz8KiBNrdpG1UWkbzA?fife=s16383, https://mymaps.usercontent.google.com/hostedimage/m/*/3AE5a_GwJkc3K9Zq5MsfnQlyQC-hWUaUedkZFr1TpC9MTfBkLtliNqFncVFSlbIv0H-iUWRKzy6VtM2Lq1xtWSoMzrvnkO89oyzuwzPUINcWrLQC3_mZlpQyAVHGUkC3-aaRRIISxC0iO1SSLEzpeGa8_LoJ6niNKyfV_sm-7J2ImZskA-KkCCXTEGl15SOierXOeq6Q5jOPYR6OmOA?fife=s16383"
NOVEMBER - DESEMBER 2022,Tanah Longsor Desa Rakitan Kec. Madukara,,Tanah Longsor,Desa Rakitan Kec. Madukara,RT 5 RW 2,"-7.35968, 109.70499",-7.359681,109.704999,"Sabtu, 03 Desember 2022",17:00,"Hujan dengan intensitas sedang - lebat yang terjadi di Kabupaten Banjarnegara khususnya Kec. Madukara, Pada hari sabtu, 03 Desember 2022 yang terus menerus di Desa Rakitan mengakibatkan Tembok sekolah SDN 2 Rakitan bagian belakang roboh, dan keramik bagian dapur mengalami retak- retak serta 1 rumah warga a.n Septanto mengalami retak - retak.","1 Bangunan SD Rusak
ket :
- Tembok bagian belakang sekolah amblas dan roboh
- Keramik bagian dapur dan kamarmandi Retak - retak.

1 rumah terancam
Ket :
- Rumah bagian belakang, 2 kamar tidur dan 1 kamar mandi mengalami retak - retak terancam longsor",Nihil,Nihil,"- Asesment 
- Himbauan untuk berhati hati","- BPBD Kab. Banjarnegara
- Pemerintah Desa Rakitan","Lokasi 1
- Sudah dalam penanganan pembuatan talud.
Lokasi 2
- Desa melaporkan ke BPBD dan Instansi terkait.","- Pak Nisran, (Kades Rakitan)
085876704671","- Slamet Riyadi
- Ismail",,"https://mymaps.usercontent.google.com/hostedimage/m/*/3AE5a_GxIlHfD61Iwyl4G_bTrgvqEm-eYkVA5gjc3c48oxCKtXT8ERd4jaSirLOgUUmUflsx2ldIQFLYsQVKln4X8IP12pSlCQfpy8EPUuGKUuOZGj9oQUr3GL2o-j1K4yxIvlp6FSdkJ_e3JrHr9Hf2wkbptv_TTWz408iNN5xi6vhFhJLmV5QtYCOfMLNhTJELU3A6KIJForgKY7Q?fife=s16383, https://mymaps.usercontent.google.com/hostedimage/m/*/3AE5a_Gwk4ycpufNs_zsld2GkSJgqvvismHWc3uoE7T6E8WC84h9Npl8D8oIE7kcXG73CiJYZGOAqg-sCefrBBwWPYlQ858tiE9EMTbWaeECgMlHzlfLPn87tu72zO24RgqzvF2yykjWsQy_yWje74ZrrRdJQpq6YoxmFk7YIddJ8fecLo6T5MpMvRXFdlbXzsA4tu1caW5pxydpLjA?fife=s16383, https://mymaps.usercontent.google.com/hostedimage/m/*/3AE5a_GyGXRGQ1saiuu0ZmvTw_ipqw4zAELx3zmcnEdR9Rgf91kHBkp9Nmo76jKOQbHeTn1yQSp7oQjF9k1W4XCDtEC_2oQIMbG3Zlr8S0giD7d4o9-18AZrloHfVLgjKBYfdcDRzq8j8KTaPavsvwuvIpgmRHKh0FsG2am3yMyf22WX7-OG5qaDRjHzH2rJtDT8MnOkcpK9dQ0Rgfw?fife=s16383, https://mymaps.usercontent.google.com/hostedimage/m/*/3AE5a_GzTr-y_HlVtVySqzcIF5plOHo0DSy6jGz-0rIR7GryylLtt7wb5kRhyds9GpDWxbwPV0mpnEAaf0CBgXssz-6m0daZ4WRAws6-_WR4b2oO5Q9XpYQw6e0aypGl9mB8a-ZLk3dpqx0CdvmsSyoAnuR_ahjOXArZGClBkfFTaNWfogd8ye2XpxjE9ZZBjPsLUFOhEDIcs6_tZhg?fife=s16383, https://mymaps.usercontent.google.com/hostedimage/m/*/3AE5a_GwS4uO-aFFTbBJ-SPYjz_bv2VkdcWE2JgwODaqKVAgl7Vn_lUZO1T2ouRnU-v64YPIHX7brgrM2DwxoMx3Qny9FqTWqiLPJ2H74Vb-dMv7Ba06OHvog6fz1i6N8_EquK4E0DHlQYZ0PD4OgEHO9bY4ElOk1D_DLJZntz-6FleoyKkO_O0ZCnjuOWXxAMi8c3787VoH5E88Wag?fife=s16383, https://mymaps.usercontent.google.com/hostedimage/m/*/3AE5a_GyJgGT-7n4bQ1J7gHkVQNDRT58EvvhGqrmfE8hDqrfTgP9R3ElZGGjbshuPCktwFe2YRIz8VqKHOBaWPDEo3cMXYL3kkXPC59K2LnfmS30yKsSCPIuRpKBnXWtbO0c-GtJqk_YReE12WJNxWpkYiAF-wgHYPnDnfonqIOsUEnaFwmuTwy5p5HHJiUYVEal9WrLAwdKTuJYt7g?fife=s16383, https://mymaps.usercontent.google.com/hostedimage/m/*/3AE5a_GzwlGAFRVZo998cuT4tADhMph3ZMtdhuKBjho6ELfaPNhvEnQVUdD5PSYeFm3hswEcw8cFW5zW5rMdulXlzCoE-pac-M5oMDwS7AWQqrqAhpxq4gYUkcfIWXH76XMrOQt3Wpzx2HcmL_-TjsBmqn8bSprUiJ30RgEjpMA4wCJf68pPiqsgD49skPpy99kMnVrEI2sU5eo97aQ?fife=s16383"
